# URANIUM OBJ EXPORT Mon 11 Aug 2025 14:04:09
# A_lowercase.STL
# Vertices
v 9.490890502929688 -17.83355712890625 4.0
v 7.745772838592529 -10.78460693359375 4.0
v 7.246505260467529 -11.39544677734375 4.0
v 7.943038463592529 4.3846435546875 4.0
v 7.811934947967529 4.21728515625 4.0
v 7.680831432342529 4.04998779296875 4.0
v 7.943038463592529 4.3846435546875 4.0
v 7.680831432342529 4.04998779296875 4.0
v 7.680831432342529 2.283935546875 4.0
v 7.943038463592529 4.3846435546875 4.0
v 7.680831432342529 2.283935546875 4.0
v 7.746505260467529 2.3165283203125 4.0
v 7.680831432342529 -0.806884765625 4.0
v 7.680831432342529 -2.969970703125 4.0
v 7.813643932342529 -3.080078125 4.0
v 7.716964244842529 -0.82501220703125 4.0
v 7.680831432342529 -0.806884765625 4.0
v 7.813643932342529 -3.080078125 4.0
v 7.716964244842529 -0.82501220703125 4.0
v 7.813643932342529 -3.080078125 4.0
v 7.946212291717529 -3.19012451171875 4.0
v 7.716964244842529 -0.82501220703125 4.0
v 7.946212291717529 -3.19012451171875 4.0
v 13.599288940429688 -2.1275634765625 4.0
v 7.716964244842529 -0.82501220703125 4.0
v 13.599288940429688 -2.1275634765625 4.0
v 12.385177612304688 0.29962158203125 4.0
v 7.746505260467529 2.3165283203125 4.0
v 7.716964244842529 -0.82501220703125 4.0
v 12.385177612304688 0.29962158203125 4.0
v 7.943038463592529 4.3846435546875 4.0
v 7.746505260467529 2.3165283203125 4.0
v 12.385177612304688 0.29962158203125 4.0
v 15.526779174804688 0.29595947265625 4.0
v 14.388839721679688 -1.9791259765625 4.0
v 19.295578002929688 -1.05682373046875 4.0
v 15.526779174804688 0.29595947265625 4.0
v 19.295578002929688 -1.05682373046875 4.0
v 19.298751831054688 7.18414306640625 4.0
v 12.385177612304688 0.29962158203125 4.0
v 15.526779174804688 0.29595947265625 4.0
v 19.298751831054688 7.18414306640625 4.0
v 19.298751831054688 7.18414306640625 4.0
v 13.458908081054688 5.74444580078125 4.0
v 15.564132690429688 5.70404052734375 4.0
v 19.298751831054688 7.18414306640625 4.0
v 15.564132690429688 5.70404052734375 4.0
v 13.962326049804688 2.59173583984375 4.0
v 12.385177612304688 0.29962158203125 4.0
v 19.298751831054688 7.18414306640625 4.0
v 13.962326049804688 2.59173583984375 4.0
v 12.385177612304688 0.29962158203125 4.0
v 13.962326049804688 2.59173583984375 4.0
v 12.542404174804688 5.51849365234375 4.0
v 7.943038463592529 4.3846435546875 4.0
v 12.385177612304688 0.29962158203125 4.0
v 12.542404174804688 5.51849365234375 4.0
v -15.139236450195312 10.83087158203125 4.0
v -15.005691528320312 10.8282470703125 4.0
v -14.802566528320312 10.9205322265625 4.0
v 18.277999877929688 -22.70989990234375 0.0
v 18.047286987304688 -22.75787353515625 0.0
v 17.794113159179688 -22.796875 0.0
v 7.680831432342529 4.04998779296875 0.0
v 7.680831432342529 -2.969970703125 0.0
v 3.0651090145111084 -2.969970703125 0.0
v 19.295578002929688 -1.05682373046875 0.0
v 7.946212291717529 -3.19012451171875 0.0
v 7.813643932342529 -3.080078125 0.0
v 19.295578002929688 -1.05682373046875 0.0
v 7.813643932342529 -3.080078125 0.0
v 7.680831432342529 -2.969970703125 0.0
v 7.680831432342529 -2.969970703125 0.0
v 7.680831432342529 4.04998779296875 0.0
v 7.811934947967529 4.21728515625 0.0
v 7.680831432342529 -2.969970703125 0.0
v 7.811934947967529 4.21728515625 0.0
v 7.943038463592529 4.3846435546875 0.0
v 19.295578002929688 -1.05682373046875 0.0
v 7.680831432342529 -2.969970703125 0.0
v 7.943038463592529 4.3846435546875 0.0
v 19.295578002929688 -1.05682373046875 0.0
v 7.943038463592529 4.3846435546875 0.0
v 19.298751831054688 7.18414306640625 2.384185791015625e-07
v 9.490890502929688 -17.83355712890625 0.0
v 7.745772838592529 -10.78460693359375 2.384185791015625e-07
v 7.848311901092529 -10.65435791015625 2.384185791015625e-07
v 9.490890502929688 -17.83355712890625 0.0
v 7.848311901092529 -10.65435791015625 2.384185791015625e-07
v 7.950850963592529 -10.5240478515625 2.384185791015625e-07
v 9.490890502929688 -17.83355712890625 0.0
v 7.950850963592529 -10.5240478515625 2.384185791015625e-07
v 19.290939331054688 -10.58990478515625 0.0
v 9.490890502929688 -17.83355712890625 0.0
v 19.290939331054688 -10.58990478515625 0.0
v 19.295089721679688 -16.37109375 0.0
v 19.295089721679688 -16.37109375 0.0
v 9.821701049804688 -18.04852294921875 0.0
v 9.656417846679688 -17.9410400390625 0.0
v 9.490890502929688 -17.83355712890625 0.0
v 19.295089721679688 -16.37109375 0.0
v 9.656417846679688 -17.9410400390625 0.0
v 19.298751831054688 7.18414306640625 2.384185791015625e-07
v 7.943038463592529 4.3846435546875 0.0
v 7.950850963592529 6.93194580078125 0.0
v 10.093185424804688 -22.66424560546875 3.7300000190734863
v 9.964767456054688 -22.55908203125 3.7300000190734863
v 9.964767456054688 -22.55908203125 0.26999998092651367
v 9.964767456054688 -22.55908203125 0.26999998092651367
v 10.093185424804688 -22.66424560546875 0.26999998092651367
v 10.093185424804688 -22.66424560546875 3.7300000190734863
v 10.245285034179688 -22.7606201171875 3.7300000190734863
v 10.093185424804688 -22.66424560546875 3.7300000190734863
v 10.093185424804688 -22.66424560546875 0.26999998092651367
v 10.093185424804688 -22.66424560546875 0.26999998092651367
v 10.245285034179688 -22.7606201171875 0.26999998092651367
v 10.245285034179688 -22.7606201171875 3.7300000190734863
v 10.421066284179688 -22.8482666015625 3.7300000190734863
v 10.245285034179688 -22.7606201171875 3.7300000190734863
v 10.245285034179688 -22.7606201171875 0.26999998092651367
v 10.245285034179688 -22.7606201171875 0.26999998092651367
v 10.421066284179688 -22.8482666015625 0.2700002193450928
v 10.421066284179688 -22.8482666015625 3.7300000190734863
v 10.620285034179688 -22.92718505859375 3.7300000190734863
v 10.421066284179688 -22.8482666015625 3.7300000190734863
v 10.421066284179688 -22.8482666015625 0.2700002193450928
v 10.421066284179688 -22.8482666015625 0.2700002193450928
v 10.620285034179688 -22.92718505859375 0.26999998092651367
v 10.620285034179688 -22.92718505859375 3.7300000190734863
v 10.843185424804688 -22.997314453125 3.7300000190734863
v 10.620285034179688 -22.92718505859375 3.7300000190734863
v 10.620285034179688 -22.92718505859375 0.26999998092651367
v 10.620285034179688 -22.92718505859375 0.26999998092651367
v 10.843185424804688 -22.997314453125 0.2700002193450928
v 10.843185424804688 -22.997314453125 3.7300000190734863
v 11.089767456054688 -23.05865478515625 3.7300000190734863
v 10.843185424804688 -22.997314453125 3.7300000190734863
v 10.843185424804688 -22.997314453125 0.2700002193450928
v 10.843185424804688 -22.997314453125 0.2700002193450928
v 11.089767456054688 -23.05865478515625 0.26999998092651367
v 11.089767456054688 -23.05865478515625 3.7300000190734863
v 11.359542846679688 -23.11126708984375 3.7300000190734863
v 11.089767456054688 -23.05865478515625 3.7300000190734863
v 11.089767456054688 -23.05865478515625 0.26999998092651367
v 11.089767456054688 -23.05865478515625 0.26999998092651367
v 11.359542846679688 -23.11126708984375 0.2700002193450928
v 11.359542846679688 -23.11126708984375 3.7300000190734863
v 11.665451049804688 -23.156005859375 3.7300000190734863
v 11.359542846679688 -23.11126708984375 3.7300000190734863
v 11.359542846679688 -23.11126708984375 0.2700002193450928
v 11.359542846679688 -23.11126708984375 0.2700002193450928
v 11.665451049804688 -23.156005859375 0.2700002193450928
v 11.665451049804688 -23.156005859375 3.7300000190734863
v 12.019454956054688 -23.19390869140625 3.7300000190734863
v 11.665451049804688 -23.156005859375 3.7300000190734863
v 11.665451049804688 -23.156005859375 0.2700002193450928
v 11.665451049804688 -23.156005859375 0.2700002193450928
v 12.019454956054688 -23.19390869140625 0.2700002193450928
v 12.019454956054688 -23.19390869140625 3.7300000190734863
v 12.421310424804688 -23.22491455078125 3.7300000190734863
v 12.019454956054688 -23.19390869140625 3.7300000190734863
v 12.019454956054688 -23.19390869140625 0.2700002193450928
v 12.019454956054688 -23.19390869140625 0.2700002193450928
v 12.421310424804688 -23.22491455078125 0.26999998092651367
v 12.421310424804688 -23.22491455078125 3.7300000190734863
v 12.871261596679688 -23.2490234375 3.7300000190734863
v 12.421310424804688 -23.22491455078125 3.7300000190734863
v 12.421310424804688 -23.22491455078125 0.26999998092651367
v 12.421310424804688 -23.22491455078125 0.26999998092651367
v 12.871261596679688 -23.2490234375 0.2700002193450928
v 12.871261596679688 -23.2490234375 3.7300000190734863
v 13.369308471679688 -23.2662353515625 3.7300000190734863
v 12.871261596679688 -23.2490234375 3.7300000190734863
v 12.871261596679688 -23.2490234375 0.2700002193450928
v 12.871261596679688 -23.2490234375 0.2700002193450928
v 13.369308471679688 -23.2662353515625 0.2700002193450928
v 13.369308471679688 -23.2662353515625 3.7300000190734863
v 13.915451049804688 -23.27655029296875 3.7300000190734863
v 13.369308471679688 -23.2662353515625 3.7300000190734863
v 13.369308471679688 -23.2662353515625 0.2700002193450928
v 13.369308471679688 -23.2662353515625 0.2700002193450928
v 13.915451049804688 -23.27655029296875 0.26999998092651367
v 13.915451049804688 -23.27655029296875 3.7300000190734863
v 14.509689331054688 -23.280029296875 3.7300000190734863
v 13.915451049804688 -23.27655029296875 3.7300000190734863
v 13.915451049804688 -23.27655029296875 0.26999998092651367
v 13.915451049804688 -23.27655029296875 0.26999998092651367
v 14.509689331054688 -23.280029296875 0.26999998092651367
v 14.509689331054688 -23.280029296875 3.7300000190734863
v 15.067062377929688 -23.27655029296875 3.7300000190734863
v 14.509689331054688 -23.280029296875 3.7300000190734863
v 14.509689331054688 -23.280029296875 0.26999998092651367
v 14.509689331054688 -23.280029296875 0.26999998092651367
v 15.067062377929688 -23.27655029296875 0.2700002193450928
v 15.067062377929688 -23.27655029296875 3.7300000190734863
v 15.584152221679688 -23.26629638671875 3.7300000190734863
v 15.067062377929688 -23.27655029296875 3.7300000190734863
v 15.067062377929688 -23.27655029296875 0.2700002193450928
v 15.067062377929688 -23.27655029296875 0.2700002193450928
v 15.584152221679688 -23.26629638671875 0.2700002193450928
v 15.584152221679688 -23.26629638671875 3.7300000190734863
v 16.060714721679688 -23.24920654296875 3.7300000190734863
v 15.584152221679688 -23.26629638671875 3.7300000190734863
v 15.584152221679688 -23.26629638671875 0.2700002193450928
v 15.584152221679688 -23.26629638671875 0.2700002193450928
v 16.060714721679688 -23.24920654296875 0.26999998092651367
v 16.060714721679688 -23.24920654296875 3.7300000190734863
v 16.497238159179688 -23.2252197265625 3.7300000190734863
v 16.060714721679688 -23.24920654296875 3.7300000190734863
v 16.060714721679688 -23.24920654296875 0.26999998092651367
v 16.060714721679688 -23.24920654296875 0.26999998092651367
v 16.497238159179688 -23.2252197265625 0.26999998092651367
v 16.497238159179688 -23.2252197265625 3.7300000190734863
v 16.893478393554688 -23.19439697265625 3.7300000190734863
v 16.497238159179688 -23.2252197265625 3.7300000190734863
v 16.497238159179688 -23.2252197265625 0.26999998092651367
v 16.497238159179688 -23.2252197265625 0.26999998092651367
v 16.893478393554688 -23.19439697265625 0.2700002193450928
v 16.893478393554688 -23.19439697265625 3.7300000190734863
v 17.249435424804688 -23.15673828125 3.7300000190734863
v 16.893478393554688 -23.19439697265625 3.7300000190734863
v 16.893478393554688 -23.19439697265625 0.2700002193450928
v 16.893478393554688 -23.19439697265625 0.2700002193450928
v 17.249435424804688 -23.15673828125 0.26999998092651367
v 17.249435424804688 -23.15673828125 3.7300000190734863
v 17.564865112304688 -23.1121826171875 3.7300000190734863
v 17.249435424804688 -23.15673828125 3.7300000190734863
v 17.249435424804688 -23.15673828125 0.26999998092651367
v 17.249435424804688 -23.15673828125 0.26999998092651367
v 17.564865112304688 -23.1121826171875 0.26999998092651367
v 17.564865112304688 -23.1121826171875 3.7300000190734863
v 17.849044799804688 -23.059814453125 3.7300000190734863
v 17.564865112304688 -23.1121826171875 3.7300000190734863
v 17.564865112304688 -23.1121826171875 0.26999998092651367
v 17.564865112304688 -23.1121826171875 0.26999998092651367
v 17.849044799804688 -23.059814453125 0.26999998092651367
v 17.849044799804688 -23.059814453125 3.7300000190734863
v 18.110763549804688 -22.99871826171875 3.7300000190734863
v 17.849044799804688 -23.059814453125 3.7300000190734863
v 17.849044799804688 -23.059814453125 0.26999998092651367
v 17.849044799804688 -23.059814453125 0.26999998092651367
v 18.110763549804688 -22.99871826171875 0.26999998092651367
v 18.110763549804688 -22.99871826171875 3.7300000190734863
v 18.349777221679688 -22.92877197265625 3.7300000190734863
v 18.110763549804688 -22.99871826171875 3.7300000190734863
v 18.110763549804688 -22.99871826171875 0.26999998092651367
v 18.110763549804688 -22.99871826171875 0.26999998092651367
v 18.349777221679688 -22.92877197265625 0.26999998092651367
v 18.349777221679688 -22.92877197265625 3.7300000190734863
v 18.566085815429688 -22.8499755859375 3.7300000190734863
v 18.349777221679688 -22.92877197265625 3.7300000190734863
v 18.349777221679688 -22.92877197265625 0.26999998092651367
v 18.349777221679688 -22.92877197265625 0.26999998092651367
v 18.566085815429688 -22.8499755859375 0.2700002193450928
v 18.566085815429688 -22.8499755859375 3.7300000190734863
v 18.759933471679688 -22.762451171875 3.7300000190734863
v 18.566085815429688 -22.8499755859375 3.7300000190734863
v 18.566085815429688 -22.8499755859375 0.2700002193450928
v 18.566085815429688 -22.8499755859375 0.2700002193450928
v 18.759933471679688 -22.762451171875 0.26999998092651367
v 18.759933471679688 -22.762451171875 3.7300000190734863
v 18.931320190429688 -22.66607666015625 3.7300000190734863
v 18.759933471679688 -22.762451171875 3.7300000190734863
v 18.759933471679688 -22.762451171875 0.26999998092651367
v 18.759933471679688 -22.762451171875 0.26999998092651367
v 18.931320190429688 -22.66607666015625 0.26999998092651367
v 18.931320190429688 -22.66607666015625 3.7300000190734863
v 19.080001831054688 -22.5609130859375 3.7300000190734863
v 18.931320190429688 -22.66607666015625 3.7300000190734863
v 18.931320190429688 -22.66607666015625 0.26999998092651367
v 18.931320190429688 -22.66607666015625 0.26999998092651367
v 19.080001831054688 -22.5609130859375 0.2700002193450928
v 19.080001831054688 -22.5609130859375 3.7300000190734863
v 19.207443237304688 -22.44549560546875 3.7300000190734863
v 19.080001831054688 -22.5609130859375 3.7300000190734863
v 19.080001831054688 -22.5609130859375 0.2700002193450928
v 19.080001831054688 -22.5609130859375 0.2700002193450928
v 19.207443237304688 -22.44549560546875 0.26999998092651367
v 19.207443237304688 -22.44549560546875 3.7300000190734863
v 19.315597534179688 -22.318359375 3.7300000190734863
v 19.207443237304688 -22.44549560546875 3.7300000190734863
v 19.207443237304688 -22.44549560546875 0.26999998092651367
v 19.207443237304688 -22.44549560546875 0.26999998092651367
v 19.315597534179688 -22.318359375 0.26999998092651367
v 19.315597534179688 -22.318359375 3.7300000190734863
v 19.403976440429688 -22.17938232421875 3.7300000190734863
v 19.315597534179688 -22.318359375 3.7300000190734863
v 19.315597534179688 -22.318359375 0.26999998092651367
v 19.315597534179688 -22.318359375 0.26999998092651367
v 19.403976440429688 -22.17938232421875 0.2700002193450928
v 19.403976440429688 -22.17938232421875 3.7300000190734863
v 19.472579956054688 -22.02874755859375 3.7300000190734863
v 19.403976440429688 -22.17938232421875 3.7300000190734863
v 19.403976440429688 -22.17938232421875 0.2700002193450928
v 19.403976440429688 -22.17938232421875 0.2700002193450928
v 19.472579956054688 -22.02874755859375 0.26999998092651367
v 19.472579956054688 -22.02874755859375 3.7300000190734863
v 19.521652221679688 -21.8663330078125 3.7300000190734863
v 19.472579956054688 -22.02874755859375 3.7300000190734863
v 19.472579956054688 -22.02874755859375 0.26999998092651367
v 19.472579956054688 -22.02874755859375 0.26999998092651367
v 19.521652221679688 -21.8663330078125 0.26999998092651367
v 19.521652221679688 -21.8663330078125 3.7300000190734863
v 19.551193237304688 -21.692138671875 3.7300000190734863
v 19.521652221679688 -21.8663330078125 3.7300000190734863
v 19.521652221679688 -21.8663330078125 0.26999998092651367
v 19.521652221679688 -21.8663330078125 0.26999998092651367
v 19.551193237304688 -21.692138671875 0.2700002193450928
v 19.551193237304688 -21.692138671875 3.7300000190734863
v 19.560958862304688 -21.5062255859375 3.7300000190734863
v 19.551193237304688 -21.692138671875 3.7300000190734863
v 19.551193237304688 -21.692138671875 0.2700002193450928
v 19.551193237304688 -21.692138671875 0.2700002193450928
v 19.560958862304688 -21.5062255859375 0.26999998092651367
v 19.560958862304688 -21.5062255859375 3.7300000190734863
v 19.560958862304688 -16.323974609375 3.7300000190734863
v 19.560958862304688 -21.5062255859375 3.7300000190734863
v 19.560958862304688 -21.5062255859375 0.26999998092651367
v 19.560958862304688 -21.5062255859375 0.26999998092651367
v 19.560958862304688 -16.323974609375 0.26999998092651367
v 19.560958862304688 -16.323974609375 3.7300000190734863
v 9.555831909179688 -21.50439453125 3.7300000190734863
v 9.555831909179688 -18.3656005859375 3.7300000190734863
v 9.555831909179688 -18.3656005859375 0.26999998092651367
v 9.555831909179688 -18.3656005859375 0.26999998092651367
v 9.555831909179688 -21.50439453125 0.26999998092651367
v 9.555831909179688 -21.50439453125 3.7300000190734863
v 9.564132690429688 -21.6903076171875 3.7300000190734863
v 9.555831909179688 -21.50439453125 3.7300000190734863
v 9.555831909179688 -21.50439453125 0.26999998092651367
v 9.555831909179688 -21.50439453125 0.26999998092651367
v 9.564132690429688 -21.6903076171875 0.26999998092651367
v 9.564132690429688 -21.6903076171875 3.7300000190734863
v 9.589279174804688 -21.86444091796875 3.7300000190734863
v 9.564132690429688 -21.6903076171875 3.7300000190734863
v 9.564132690429688 -21.6903076171875 0.26999998092651367
v 9.564132690429688 -21.6903076171875 0.26999998092651367
v 9.589279174804688 -21.86444091796875 0.26999998092651367
v 9.589279174804688 -21.86444091796875 3.7300000190734863
v 9.631027221679688 -22.02685546875 3.7300000190734863
v 9.589279174804688 -21.86444091796875 3.7300000190734863
v 9.589279174804688 -21.86444091796875 0.26999998092651367
v 9.589279174804688 -21.86444091796875 0.26999998092651367
v 9.631027221679688 -22.02685546875 0.26999998092651367
v 9.631027221679688 -22.02685546875 3.7300000190734863
v 9.689376831054688 -22.17755126953125 3.7300000190734863
v 9.631027221679688 -22.02685546875 3.7300000190734863
v 9.631027221679688 -22.02685546875 0.26999998092651367
v 9.631027221679688 -22.02685546875 0.26999998092651367
v 9.689376831054688 -22.17755126953125 0.2700002193450928
v 9.689376831054688 -22.17755126953125 3.7300000190734863
v 9.764328002929688 -22.31646728515625 3.7300000190734863
v 9.689376831054688 -22.17755126953125 3.7300000190734863
v 9.689376831054688 -22.17755126953125 0.2700002193450928
v 9.689376831054688 -22.17755126953125 0.2700002193450928
v 9.764328002929688 -22.31646728515625 0.26999998092651367
v 9.764328002929688 -22.31646728515625 3.7300000190734863
v 9.964767456054688 -22.55908203125 3.7300000190734863
v 9.856124877929688 -22.44366455078125 3.7300000190734863
v 9.856124877929688 -22.44366455078125 0.26999998092651367
v 9.856124877929688 -22.44366455078125 0.26999998092651367
v 9.964767456054688 -22.55908203125 0.26999998092651367
v 9.964767456054688 -22.55908203125 3.7300000190734863
v 9.856124877929688 -22.44366455078125 3.7300000190734863
v 9.764328002929688 -22.31646728515625 3.7300000190734863
v 9.764328002929688 -22.31646728515625 0.26999998092651367
v 9.764328002929688 -22.31646728515625 0.26999998092651367
v 9.856124877929688 -22.44366455078125 0.26999998092651367
v 9.856124877929688 -22.44366455078125 3.7300000190734863
v -11.797195434570312 -22.657470703125 3.7300000190734863
v -12.534255981445312 -22.31646728515625 3.7300000190734863
v -12.534255981445312 -22.31646728515625 0.26999998092651367
v -12.534255981445312 -22.31646728515625 0.26999998092651367
v -11.797195434570312 -22.657470703125 0.2700002193450928
v -11.797195434570312 -22.657470703125 3.7300000190734863
v -11.028884887695312 -22.96337890625 3.7300000190734863
v -11.797195434570312 -22.657470703125 3.7300000190734863
v -11.797195434570312 -22.657470703125 0.2700002193450928
v -11.797195434570312 -22.657470703125 0.2700002193450928
v -11.028884887695312 -22.96337890625 0.26999998092651367
v -11.028884887695312 -22.96337890625 3.7300000190734863
v -10.229080200195312 -23.23406982421875 3.7300000190734863
v -11.028884887695312 -22.96337890625 3.7300000190734863
v -11.028884887695312 -22.96337890625 0.26999998092651367
v -11.028884887695312 -22.96337890625 0.26999998092651367
v -10.229080200195312 -23.23406982421875 0.26999998092651367
v -10.229080200195312 -23.23406982421875 3.7300000190734863
v -9.402420043945312 -23.4691162109375 3.7300000190734863
v -10.229080200195312 -23.23406982421875 3.7300000190734863
v -10.229080200195312 -23.23406982421875 0.26999998092651367
v -10.229080200195312 -23.23406982421875 0.26999998092651367
v -9.402420043945312 -23.4691162109375 0.26999998092651367
v -9.402420043945312 -23.4691162109375 3.7300000190734863
v -8.553298950195312 -23.66796875 3.7300000190734863
v -9.402420043945312 -23.4691162109375 3.7300000190734863
v -9.402420043945312 -23.4691162109375 0.26999998092651367
v -9.402420043945312 -23.4691162109375 0.26999998092651367
v -8.553298950195312 -23.66796875 0.26999998092651367
v -8.553298950195312 -23.66796875 3.7300000190734863
v -7.681717395782471 -23.8306884765625 3.7300000190734863
v -8.553298950195312 -23.66796875 3.7300000190734863
v -8.553298950195312 -23.66796875 0.26999998092651367
v -8.553298950195312 -23.66796875 0.26999998092651367
v -7.681717395782471 -23.8306884765625 0.26999998092651367
v -7.681717395782471 -23.8306884765625 3.7300000190734863
v -6.787674427032471 -23.957275390625 3.7300000190734863
v -7.681717395782471 -23.8306884765625 3.7300000190734863
v -7.681717395782471 -23.8306884765625 0.26999998092651367
v -7.681717395782471 -23.8306884765625 0.26999998092651367
v -6.787674427032471 -23.957275390625 0.26999998092651367
v -6.787674427032471 -23.957275390625 3.7300000190734863
v -5.871170520782471 -24.04766845703125 3.7300000190734863
v -6.787674427032471 -23.957275390625 3.7300000190734863
v -6.787674427032471 -23.957275390625 0.26999998092651367
v -6.787674427032471 -23.957275390625 0.26999998092651367
v -5.871170520782471 -24.04766845703125 0.26999998092651367
v -5.871170520782471 -24.04766845703125 3.7300000190734863
v -4.931961536407471 -24.1019287109375 3.7300000190734863
v -5.871170520782471 -24.04766845703125 3.7300000190734863
v -5.871170520782471 -24.04766845703125 0.26999998092651367
v -5.871170520782471 -24.04766845703125 0.26999998092651367
v -4.931961536407471 -24.1019287109375 0.26999998092651367
v -4.931961536407471 -24.1019287109375 3.7300000190734863
v -3.9702913761138916 -24.1199951171875 3.7300000190734863
v -4.931961536407471 -24.1019287109375 3.7300000190734863
v -4.931961536407471 -24.1019287109375 0.26999998092651367
v -4.931961536407471 -24.1019287109375 0.26999998092651367
v -3.9702913761138916 -24.1199951171875 0.26999998092651367
v -3.9702913761138916 -24.1199951171875 3.7300000190734863
v -2.8069612979888916 -24.08740234375 3.7300000190734863
v -3.9702913761138916 -24.1199951171875 3.7300000190734863
v -3.9702913761138916 -24.1199951171875 0.26999998092651367
v -3.9702913761138916 -24.1199951171875 0.26999998092651367
v -2.8069612979888916 -24.08740234375 0.26999998092651367
v -2.8069612979888916 -24.08740234375 3.7300000190734863
v -1.6739046573638916 -23.98968505859375 3.7300000190734863
v -2.8069612979888916 -24.08740234375 3.7300000190734863
v -2.8069612979888916 -24.08740234375 0.26999998092651367
v -2.8069612979888916 -24.08740234375 0.26999998092651367
v -1.6739046573638916 -23.98968505859375 0.26999998092651367
v -1.6739046573638916 -23.98968505859375 3.7300000190734863
v -0.5711215138435364 -23.8267822265625 3.7300000190734863
v -1.6739046573638916 -23.98968505859375 3.7300000190734863
v -1.6739046573638916 -23.98968505859375 0.26999998092651367
v -1.6739046573638916 -23.98968505859375 0.26999998092651367
v -0.5711215138435364 -23.8267822265625 0.26999998092651367
v -0.5711215138435364 -23.8267822265625 3.7300000190734863
v 0.5011441111564636 -23.59869384765625 3.7300000190734863
v -0.5711215138435364 -23.8267822265625 3.7300000190734863
v -0.5711215138435364 -23.8267822265625 0.26999998092651367
v -0.5711215138435364 -23.8267822265625 0.26999998092651367
v 0.5011441111564636 -23.59869384765625 0.26999998092651367
v 0.5011441111564636 -23.59869384765625 3.7300000190734863
v 1.5431363582611084 -23.305419921875 3.7300000190734863
v 0.5011441111564636 -23.59869384765625 3.7300000190734863
v 0.5011441111564636 -23.59869384765625 0.26999998092651367
v 0.5011441111564636 -23.59869384765625 0.26999998092651367
v 1.5431363582611084 -23.305419921875 0.2700002193450928
v 1.5431363582611084 -23.305419921875 3.7300000190734863
v 2.5548551082611084 -22.947021484375 3.7300000190734863
v 1.5431363582611084 -23.305419921875 3.7300000190734863
v 1.5431363582611084 -23.305419921875 0.2700002193450928
v 1.5431363582611084 -23.305419921875 0.2700002193450928
v 2.5548551082611084 -22.947021484375 0.26999998092651367
v 2.5548551082611084 -22.947021484375 3.7300000190734863
v 3.5363004207611084 -22.5234375 3.7300000190734863
v 2.5548551082611084 -22.947021484375 3.7300000190734863
v 2.5548551082611084 -22.947021484375 0.26999998092651367
v 2.5548551082611084 -22.947021484375 0.26999998092651367
v 3.5363004207611084 -22.5234375 0.26999998092651367
v 3.5363004207611084 -22.5234375 3.7300000190734863
v 4.487227916717529 -22.04205322265625 3.7300000190734863
v 3.5363004207611084 -22.5234375 3.7300000190734863
v 3.5363004207611084 -22.5234375 0.26999998092651367
v 3.5363004207611084 -22.5234375 0.26999998092651367
v 4.487227916717529 -22.04205322265625 0.2700002193450928
v 4.487227916717529 -22.04205322265625 3.7300000190734863
v 5.407882213592529 -21.51031494140625 3.7300000190734863
v 4.487227916717529 -22.04205322265625 3.7300000190734863
v 4.487227916717529 -22.04205322265625 0.2700002193450928
v 4.487227916717529 -22.04205322265625 0.2700002193450928
v 5.407882213592529 -21.51031494140625 0.26999998092651367
v 5.407882213592529 -21.51031494140625 3.7300000190734863
v 6.298263072967529 -20.92816162109375 3.7300000190734863
v 5.407882213592529 -21.51031494140625 3.7300000190734863
v 5.407882213592529 -21.51031494140625 0.26999998092651367
v 5.407882213592529 -21.51031494140625 0.26999998092651367
v 6.298263072967529 -20.92816162109375 0.26999998092651367
v 6.298263072967529 -20.92816162109375 3.7300000190734863
v 7.158126354217529 -20.295654296875 3.7300000190734863
v 6.298263072967529 -20.92816162109375 3.7300000190734863
v 6.298263072967529 -20.92816162109375 0.26999998092651367
v 6.298263072967529 -20.92816162109375 0.26999998092651367
v 7.158126354217529 -20.295654296875 0.26999998092651367
v 7.158126354217529 -20.295654296875 3.7300000190734863
v 7.987716197967529 -19.6126708984375 3.7300000190734863
v 7.158126354217529 -20.295654296875 3.7300000190734863
v 7.158126354217529 -20.295654296875 0.26999998092651367
v 7.158126354217529 -20.295654296875 0.26999998092651367
v 7.987716197967529 -19.6126708984375 0.26999998092651367
v 7.987716197967529 -19.6126708984375 3.7300000190734863
v 8.787033081054688 -18.87933349609375 3.7300000190734863
v 7.987716197967529 -19.6126708984375 3.7300000190734863
v 7.987716197967529 -19.6126708984375 0.26999998092651367
v 7.987716197967529 -19.6126708984375 0.26999998092651367
v 8.787033081054688 -18.87933349609375 0.26999998092651367
v 8.787033081054688 -18.87933349609375 3.7300000190734863
v 9.366867065429688 -18.288330078125 3.7300000190734863
v 8.787033081054688 -18.87933349609375 3.7300000190734863
v 8.787033081054688 -18.87933349609375 0.26999998092651367
v 8.787033081054688 -18.87933349609375 0.26999998092651367
v 9.366867065429688 -18.288330078125 0.26999998092651367
v 9.366867065429688 -18.288330078125 3.7300000190734863
v 7.050704479217529 -11.20953369140625 3.7300000190734863
v 7.498458385467529 -10.72149658203125 3.7300000190734863
v 7.498458385467529 -10.72149658203125 0.2700002193450928
v 7.498458385467529 -10.72149658203125 0.2700002193450928
v 7.050704479217529 -11.20953369140625 0.26999998092651367
v 7.050704479217529 -11.20953369140625 3.7300000190734863
v 6.423507213592529 -11.84771728515625 3.7300000190734863
v 7.050704479217529 -11.20953369140625 3.7300000190734863
v 7.050704479217529 -11.20953369140625 0.26999998092651367
v 7.050704479217529 -11.20953369140625 0.26999998092651367
v 6.423507213592529 -11.84771728515625 0.26999998092651367
v 6.423507213592529 -11.84771728515625 3.7300000190734863
v 5.799239635467529 -12.43707275390625 3.7300000190734863
v 6.423507213592529 -11.84771728515625 3.7300000190734863
v 6.423507213592529 -11.84771728515625 0.26999998092651367
v 6.423507213592529 -11.84771728515625 0.26999998092651367
v 5.799239635467529 -12.43707275390625 0.26999998092651367
v 5.799239635467529 -12.43707275390625 3.7300000190734863
v 5.177657604217529 -12.97760009765625 3.7300000190734863
v 5.799239635467529 -12.43707275390625 3.7300000190734863
v 5.799239635467529 -12.43707275390625 0.26999998092651367
v 5.799239635467529 -12.43707275390625 0.26999998092651367
v 5.177657604217529 -12.97760009765625 0.26999998092651367
v 5.177657604217529 -12.97760009765625 3.7300000190734863
v 4.559249401092529 -13.46929931640625 3.7300000190734863
v 5.177657604217529 -12.97760009765625 3.7300000190734863
v 5.177657604217529 -12.97760009765625 0.26999998092651367
v 5.177657604217529 -12.97760009765625 0.26999998092651367
v 4.559249401092529 -13.46929931640625 0.26999998092651367
v 4.559249401092529 -13.46929931640625 3.7300000190734863
v 3.9435269832611084 -13.91217041015625 3.7300000190734863
v 4.559249401092529 -13.46929931640625 3.7300000190734863
v 4.559249401092529 -13.46929931640625 0.26999998092651367
v 4.559249401092529 -13.46929931640625 0.26999998092651367
v 3.9435269832611084 -13.91217041015625 0.26999998092651367
v 3.9435269832611084 -13.91217041015625 3.7300000190734863
v 3.3309781551361084 -14.3062744140625 3.7300000190734863
v 3.9435269832611084 -13.91217041015625 3.7300000190734863
v 3.9435269832611084 -13.91217041015625 0.26999998092651367
v 3.9435269832611084 -13.91217041015625 0.26999998092651367
v 3.3309781551361084 -14.3062744140625 0.26999998092651367
v 3.3309781551361084 -14.3062744140625 3.7300000190734863
v 2.7113492488861084 -14.64947509765625 3.7300000190734863
v 3.3309781551361084 -14.3062744140625 3.7300000190734863
v 3.3309781551361084 -14.3062744140625 0.26999998092651367
v 3.3309781551361084 -14.3062744140625 0.26999998092651367
v 2.7113492488861084 -14.64947509765625 0.26999998092651367
v 2.7113492488861084 -14.64947509765625 3.7300000190734863
v 2.0751187801361084 -14.93994140625 3.7300000190734863
v 2.7113492488861084 -14.64947509765625 3.7300000190734863
v 2.7113492488861084 -14.64947509765625 0.26999998092651367
v 2.7113492488861084 -14.64947509765625 0.26999998092651367
v 2.0751187801361084 -14.93994140625 0.26999998092651367
v 2.0751187801361084 -14.93994140625 3.7300000190734863
v 1.4220426082611084 -15.17755126953125 3.7300000190734863
v 2.0751187801361084 -14.93994140625 3.7300000190734863
v 2.0751187801361084 -14.93994140625 0.26999998092651367
v 2.0751187801361084 -14.93994140625 0.26999998092651367
v 1.4220426082611084 -15.17755126953125 0.26999998092651367
v 1.4220426082611084 -15.17755126953125 3.7300000190734863
v 0.7523648142814636 -15.36236572265625 3.7300000190734863
v 1.4220426082611084 -15.17755126953125 3.7300000190734863
v 1.4220426082611084 -15.17755126953125 0.26999998092651367
v 1.4220426082611084 -15.17755126953125 0.26999998092651367
v 0.7523648142814636 -15.36236572265625 0.26999998092651367
v 0.7523648142814636 -15.36236572265625 3.7300000190734863
v 0.06608554720878601 -15.494384765625 3.7300000190734863
v 0.7523648142814636 -15.36236572265625 3.7300000190734863
v 0.7523648142814636 -15.36236572265625 0.26999998092651367
v 0.7523648142814636 -15.36236572265625 0.26999998092651367
v 0.06608554720878601 -15.494384765625 0.26999998092651367
v 0.06608554720878601 -15.494384765625 3.7300000190734863
v -0.6367953419685364 -15.5736083984375 3.7300000190734863
v 0.06608554720878601 -15.494384765625 3.7300000190734863
v 0.06608554720878601 -15.494384765625 0.26999998092651367
v 0.06608554720878601 -15.494384765625 0.26999998092651367
v -0.6367953419685364 -15.5736083984375 0.26999998092651367
v -0.6367953419685364 -15.5736083984375 3.7300000190734863
v -1.3565218448638916 -15.5999755859375 3.7300000190734863
v -0.6367953419685364 -15.5736083984375 3.7300000190734863
v -0.6367953419685364 -15.5736083984375 0.26999998092651367
v -0.6367953419685364 -15.5736083984375 0.26999998092651367
v -1.3565218448638916 -15.5999755859375 0.26999998092651367
v -1.3565218448638916 -15.5999755859375 3.7300000190734863
v -2.1953890323638916 -15.5687255859375 3.7300000190734863
v -1.3565218448638916 -15.5999755859375 3.7300000190734863
v -1.3565218448638916 -15.5999755859375 0.26999998092651367
v -1.3565218448638916 -15.5999755859375 0.26999998092651367
v -2.1953890323638916 -15.5687255859375 0.26999998092651367
v -2.1953890323638916 -15.5687255859375 3.7300000190734863
v -2.9800570011138916 -15.474853515625 3.7300000190734863
v -2.1953890323638916 -15.5687255859375 3.7300000190734863
v -2.1953890323638916 -15.5687255859375 0.26999998092651367
v -2.1953890323638916 -15.5687255859375 0.26999998092651367
v -2.9800570011138916 -15.474853515625 0.26999998092651367
v -2.9800570011138916 -15.474853515625 3.7300000190734863
v 3.0665738582611084 -3.239990234375 3.7300000190734863
v 2.2462613582611084 -3.248779296875 3.7300000190734863
v 2.2462613582611084 -3.248779296875 0.26999998092651367
v 2.2462613582611084 -3.248779296875 0.26999998092651367
v 3.0665738582611084 -3.239990234375 0.26999998092651367
v 3.0665738582611084 -3.239990234375 3.7300000190734863
v 2.2462613582611084 -3.248779296875 3.7300000190734863
v 1.4613492488861084 -3.27520751953125 3.7300000190734863
v 1.4613492488861084 -3.27520751953125 0.26999998092651367
v 1.4613492488861084 -3.27520751953125 0.26999998092651367
v 2.2462613582611084 -3.248779296875 0.26999998092651367
v 2.2462613582611084 -3.248779296875 3.7300000190734863
v 1.4613492488861084 -3.27520751953125 3.7300000190734863
v 0.7118374705314636 -3.3192138671875 3.7300000190734863
v 0.7118374705314636 -3.3192138671875 0.26999998092651367
v 0.7118374705314636 -3.3192138671875 0.26999998092651367
v 1.4613492488861084 -3.27520751953125 0.26999998092651367
v 1.4613492488861084 -3.27520751953125 3.7300000190734863
v 0.7118374705314636 -3.3192138671875 3.7300000190734863
v -0.0022738282568752766 -3.38079833984375 3.7300000190734863
v -0.0022738282568752766 -3.38079833984375 0.26999998092651367
v -0.0022738282568752766 -3.38079833984375 0.26999998092651367
v 0.7118374705314636 -3.3192138671875 0.26999998092651367
v 0.7118374705314636 -3.3192138671875 3.7300000190734863
v -0.0022738282568752766 -3.38079833984375 3.7300000190734863
v -0.6812289357185364 -3.46002197265625 3.7300000190734863
v -0.6812289357185364 -3.46002197265625 0.26999998092651367
v -0.6812289357185364 -3.46002197265625 0.26999998092651367
v -0.0022738282568752766 -3.38079833984375 0.26999998092651367
v -0.0022738282568752766 -3.38079833984375 3.7300000190734863
v -0.6812289357185364 -3.46002197265625 3.7300000190734863
v -1.3247835636138916 -3.55682373046875 3.7300000190734863
v -1.3247835636138916 -3.55682373046875 0.26999998092651367
v -1.3247835636138916 -3.55682373046875 0.26999998092651367
v -0.6812289357185364 -3.46002197265625 0.26999998092651367
v -0.6812289357185364 -3.46002197265625 3.7300000190734863
v -1.3247835636138916 -3.55682373046875 3.7300000190734863
v -1.9331820011138916 -3.6712646484375 3.7300000190734863
v -1.9331820011138916 -3.6712646484375 0.26999998092651367
v -1.9331820011138916 -3.6712646484375 0.26999998092651367
v -1.3247835636138916 -3.55682373046875 0.26999998092651367
v -1.3247835636138916 -3.55682373046875 3.7300000190734863
v -1.9331820011138916 -3.6712646484375 3.7300000190734863
v -2.5081331729888916 -3.80328369140625 3.7300000190734863
v -2.5081331729888916 -3.80328369140625 0.26999998092651367
v -2.5081331729888916 -3.80328369140625 0.26999998092651367
v -1.9331820011138916 -3.6712646484375 0.26999998092651367
v -1.9331820011138916 -3.6712646484375 3.7300000190734863
v -2.5081331729888916 -3.80328369140625 3.7300000190734863
v -3.0515902042388916 -3.952880859375 3.7300000190734863
v -3.0515902042388916 -3.952880859375 0.26999998092651367
v -3.0515902042388916 -3.952880859375 0.26999998092651367
v -2.5081331729888916 -3.80328369140625 0.26999998092651367
v -2.5081331729888916 -3.80328369140625 3.7300000190734863
v -3.0515902042388916 -3.952880859375 3.7300000190734863
v -3.5637972354888916 -4.1201171875 3.7300000190734863
v -3.5637972354888916 -4.1201171875 0.26999998092651367
v -3.5637972354888916 -4.1201171875 0.26999998092651367
v -3.0515902042388916 -3.952880859375 0.26999998092651367
v -3.0515902042388916 -3.952880859375 3.7300000190734863
v -3.5637972354888916 -4.1201171875 3.7300000190734863
v -4.044754505157471 -4.304931640625 3.7300000190734863
v -4.044754505157471 -4.304931640625 0.26999998092651367
v -4.044754505157471 -4.304931640625 0.26999998092651367
v -3.5637972354888916 -4.1201171875 0.26999998092651367
v -3.5637972354888916 -4.1201171875 3.7300000190734863
v -4.044754505157471 -4.304931640625 3.7300000190734863
v -4.493973255157471 -4.50732421875 3.7300000190734863
v -4.493973255157471 -4.50732421875 0.26999998092651367
v -4.493973255157471 -4.50732421875 0.26999998092651367
v -4.044754505157471 -4.304931640625 0.26999998092651367
v -4.044754505157471 -4.304931640625 3.7300000190734863
v -4.493973255157471 -4.50732421875 3.7300000190734863
v -4.912186145782471 -4.72735595703125 3.7300000190734863
v -4.912186145782471 -4.72735595703125 0.26999998092651367
v -4.912186145782471 -4.72735595703125 0.26999998092651367
v -4.493973255157471 -4.50732421875 0.26999998092651367
v -4.493973255157471 -4.50732421875 3.7300000190734863
v -4.912186145782471 -4.72735595703125 3.7300000190734863
v -5.298904895782471 -4.96502685546875 3.7300000190734863
v -5.298904895782471 -4.96502685546875 0.26999998092651367
v -5.298904895782471 -4.96502685546875 0.26999998092651367
v -4.912186145782471 -4.72735595703125 0.26999998092651367
v -4.912186145782471 -4.72735595703125 3.7300000190734863
v -5.298904895782471 -4.96502685546875 3.7300000190734863
v -5.655594348907471 -5.21875 3.7300000190734863
v -5.655594348907471 -5.21875 0.26999998092651367
v -5.655594348907471 -5.21875 0.26999998092651367
v -5.298904895782471 -4.96502685546875 0.26999998092651367
v -5.298904895782471 -4.96502685546875 3.7300000190734863
v 3.5089566707611084 4.32000732421875 3.7300000190734863
v 7.410811901092529 4.32000732421875 3.7300000190734863
v 7.410811901092529 4.32000732421875 0.26999998092651367
v 7.410811901092529 4.32000732421875 0.26999998092651367
v 3.5089566707611084 4.32000732421875 0.26999998092651367
v 3.5089566707611084 4.32000732421875 3.7300000190734863
v 1.9066617488861084 4.30242919921875 3.7300000190734863
v 3.5089566707611084 4.32000732421875 3.7300000190734863
v 3.5089566707611084 4.32000732421875 0.26999998092651367
v 3.5089566707611084 4.32000732421875 0.26999998092651367
v 1.9066617488861084 4.30242919921875 0.26999998092651367
v 1.9066617488861084 4.30242919921875 3.7300000190734863
v 0.361251562833786 4.24969482421875 3.7300000190734863
v 1.9066617488861084 4.30242919921875 3.7300000190734863
v 1.9066617488861084 4.30242919921875 0.26999998092651367
v 1.9066617488861084 4.30242919921875 0.26999998092651367
v 0.361251562833786 4.24969482421875 0.2700002193450928
v 0.361251562833786 4.24969482421875 3.7300000190734863
v -1.1275179386138916 4.1617431640625 3.7300000190734863
v 0.361251562833786 4.24969482421875 3.7300000190734863
v 0.361251562833786 4.24969482421875 0.2700002193450928
v 0.361251562833786 4.24969482421875 0.2700002193450928
v -1.1275179386138916 4.1617431640625 0.26999998092651367
v -1.1275179386138916 4.1617431640625 3.7300000190734863
v -2.5596468448638916 4.0386962890625 3.7300000190734863
v -1.1275179386138916 4.1617431640625 3.7300000190734863
v -1.1275179386138916 4.1617431640625 0.26999998092651367
v -1.1275179386138916 4.1617431640625 0.26999998092651367
v -2.5596468448638916 4.0386962890625 0.26999998092651367
v -2.5596468448638916 4.0386962890625 3.7300000190734863
v -3.9346468448638916 3.88043212890625 3.7300000190734863
v -2.5596468448638916 4.0386962890625 3.7300000190734863
v -2.5596468448638916 4.0386962890625 0.26999998092651367
v -2.5596468448638916 4.0386962890625 0.26999998092651367
v -3.9346468448638916 3.88043212890625 0.2700002193450928
v -3.9346468448638916 3.88043212890625 3.7300000190734863
v -5.253006458282471 3.68701171875 3.7300000190734863
v -3.9346468448638916 3.88043212890625 3.7300000190734863
v -3.9346468448638916 3.88043212890625 0.2700002193450928
v -3.9346468448638916 3.88043212890625 0.2700002193450928
v -5.253006458282471 3.68701171875 0.26999998092651367
v -5.253006458282471 3.68701171875 3.7300000190734863
v -6.514725208282471 3.45843505859375 3.7300000190734863
v -5.253006458282471 3.68701171875 3.7300000190734863
v -5.253006458282471 3.68701171875 0.26999998092651367
v -5.253006458282471 3.68701171875 0.26999998092651367
v -6.514725208282471 3.45843505859375 0.2700002193450928
v -6.514725208282471 3.45843505859375 3.7300000190734863
v -7.719070911407471 3.1932373046875 3.7300000190734863
v -6.514725208282471 3.45843505859375 3.7300000190734863
v -6.514725208282471 3.45843505859375 0.2700002193450928
v -6.514725208282471 3.45843505859375 0.2700002193450928
v -7.719070911407471 3.1932373046875 0.26999998092651367
v -7.719070911407471 3.1932373046875 3.7300000190734863
v -8.865554809570312 2.889892578125 3.7300000190734863
v -7.719070911407471 3.1932373046875 3.7300000190734863
v -7.719070911407471 3.1932373046875 0.26999998092651367
v -7.719070911407471 3.1932373046875 0.26999998092651367
v -8.865554809570312 2.889892578125 0.26999998092651367
v -8.865554809570312 2.889892578125 3.7300000190734863
v -9.954421997070312 2.5484619140625 3.7300000190734863
v -8.865554809570312 2.889892578125 3.7300000190734863
v -8.865554809570312 2.889892578125 0.26999998092651367
v -8.865554809570312 2.889892578125 0.26999998092651367
v -9.954421997070312 2.5484619140625 0.26999998092651367
v -9.954421997070312 2.5484619140625 3.7300000190734863
v -10.985671997070312 2.16888427734375 3.7300000190734863
v -9.954421997070312 2.5484619140625 3.7300000190734863
v -9.954421997070312 2.5484619140625 0.26999998092651367
v -9.954421997070312 2.5484619140625 0.26999998092651367
v -10.985671997070312 2.16888427734375 0.26999998092651367
v -10.985671997070312 2.16888427734375 3.7300000190734863
v -11.959060668945312 1.751220703125 3.7300000190734863
v -10.985671997070312 2.16888427734375 3.7300000190734863
v -10.985671997070312 2.16888427734375 0.26999998092651367
v -10.985671997070312 2.16888427734375 0.26999998092651367
v -11.959060668945312 1.751220703125 0.26999998092651367
v -11.959060668945312 1.751220703125 3.7300000190734863
v -12.874588012695312 1.29547119140625 3.7300000190734863
v -11.959060668945312 1.751220703125 3.7300000190734863
v -11.959060668945312 1.751220703125 0.26999998092651367
v -11.959060668945312 1.751220703125 0.26999998092651367
v -12.874588012695312 1.29547119140625 0.26999998092651367
v -12.874588012695312 1.29547119140625 3.7300000190734863
v -13.732498168945312 0.80157470703125 3.7300000190734863
v -12.874588012695312 1.29547119140625 3.7300000190734863
v -12.874588012695312 1.29547119140625 0.26999998092651367
v -12.874588012695312 1.29547119140625 0.26999998092651367
v -13.732498168945312 0.80157470703125 0.2700002193450928
v -13.732498168945312 0.80157470703125 3.7300000190734863
v -14.532302856445312 0.26904296875 3.7300000190734863
v -13.732498168945312 0.80157470703125 3.7300000190734863
v -13.732498168945312 0.80157470703125 0.2700002193450928
v -13.732498168945312 0.80157470703125 0.2700002193450928
v -14.532302856445312 0.26904296875 0.26999998092651367
v -14.532302856445312 0.26904296875 3.7300000190734863
v -15.273025512695312 -0.30255126953125 3.7300000190734863
v -14.532302856445312 0.26904296875 3.7300000190734863
v -14.532302856445312 0.26904296875 0.26999998092651367
v -14.532302856445312 0.26904296875 0.26999998092651367
v -15.273025512695312 -0.30255126953125 0.26999998092651367
v -15.273025512695312 -0.30255126953125 3.7300000190734863
v -15.955154418945312 -0.91326904296875 3.7300000190734863
v -15.273025512695312 -0.30255126953125 3.7300000190734863
v -15.273025512695312 -0.30255126953125 0.26999998092651367
v -15.273025512695312 -0.30255126953125 0.26999998092651367
v -15.955154418945312 -0.91326904296875 0.26999998092651367
v -15.955154418945312 -0.91326904296875 3.7300000190734863
v -16.578689575195312 -1.56304931640625 3.7300000190734863
v -15.955154418945312 -0.91326904296875 3.7300000190734863
v -15.955154418945312 -0.91326904296875 0.26999998092651367
v -15.955154418945312 -0.91326904296875 0.26999998092651367
v -16.578689575195312 -1.56304931640625 0.26999998092651367
v -16.578689575195312 -1.56304931640625 3.7300000190734863
v -17.143386840820312 -2.25201416015625 3.7300000190734863
v -16.578689575195312 -1.56304931640625 3.7300000190734863
v -16.578689575195312 -1.56304931640625 0.26999998092651367
v -16.578689575195312 -1.56304931640625 0.26999998092651367
v -17.143386840820312 -2.25201416015625 0.2700002193450928
v -17.143386840820312 -2.25201416015625 3.7300000190734863
v -17.649490356445312 -2.98004150390625 3.7300000190734863
v -17.143386840820312 -2.25201416015625 3.7300000190734863
v -17.143386840820312 -2.25201416015625 0.2700002193450928
v -17.143386840820312 -2.25201416015625 0.2700002193450928
v -17.649490356445312 -2.98004150390625 0.26999998092651367
v -17.649490356445312 -2.98004150390625 3.7300000190734863
v -18.096511840820312 -3.7471923828125 3.7300000190734863
v -17.649490356445312 -2.98004150390625 3.7300000190734863
v -17.649490356445312 -2.98004150390625 0.26999998092651367
v -17.649490356445312 -2.98004150390625 0.26999998092651367
v -18.096511840820312 -3.7471923828125 0.26999998092651367
v -18.096511840820312 -3.7471923828125 3.7300000190734863
v -18.484695434570312 -4.55389404296875 3.7300000190734863
v -18.096511840820312 -3.7471923828125 3.7300000190734863
v -18.096511840820312 -3.7471923828125 0.26999998092651367
v -18.096511840820312 -3.7471923828125 0.26999998092651367
v -18.484695434570312 -4.55389404296875 0.26999998092651367
v -18.484695434570312 -4.55389404296875 3.7300000190734863
v -18.812820434570312 -5.40069580078125 3.7300000190734863
v -18.484695434570312 -4.55389404296875 3.7300000190734863
v -18.484695434570312 -4.55389404296875 0.26999998092651367
v -18.484695434570312 -4.55389404296875 0.26999998092651367
v -18.812820434570312 -5.40069580078125 0.2700002193450928
v -18.812820434570312 -5.40069580078125 3.7300000190734863
v -19.081619262695312 -6.28753662109375 3.7300000190734863
v -18.812820434570312 -5.40069580078125 3.7300000190734863
v -18.812820434570312 -5.40069580078125 0.2700002193450928
v -18.812820434570312 -5.40069580078125 0.2700002193450928
v -19.081619262695312 -6.28753662109375 0.26999998092651367
v -19.081619262695312 -6.28753662109375 3.7300000190734863
v -19.290359497070312 -7.2144775390625 3.7300000190734863
v -19.081619262695312 -6.28753662109375 3.7300000190734863
v -19.081619262695312 -6.28753662109375 0.26999998092651367
v -19.081619262695312 -6.28753662109375 0.26999998092651367
v -19.290359497070312 -7.2144775390625 0.2700002193450928
v -19.290359497070312 -7.2144775390625 3.7300000190734863
v -19.439773559570312 -8.18145751953125 3.7300000190734863
v -19.290359497070312 -7.2144775390625 3.7300000190734863
v -19.290359497070312 -7.2144775390625 0.2700002193450928
v -19.290359497070312 -7.2144775390625 0.2700002193450928
v -19.439773559570312 -8.18145751953125 0.26999998092651367
v -19.439773559570312 -8.18145751953125 3.7300000190734863
v -19.529373168945312 -9.18853759765625 3.7300000190734863
v -19.439773559570312 -8.18145751953125 3.7300000190734863
v -19.439773559570312 -8.18145751953125 0.26999998092651367
v -19.439773559570312 -8.18145751953125 0.26999998092651367
v -19.529373168945312 -9.18853759765625 0.2700002193450928
v -19.529373168945312 -9.18853759765625 3.7300000190734863
v -19.559158325195312 -10.235595703125 3.7300000190734863
v -19.529373168945312 -9.18853759765625 3.7300000190734863
v -19.529373168945312 -9.18853759765625 0.2700002193450928
v -19.529373168945312 -9.18853759765625 0.2700002193450928
v -19.559158325195312 -10.235595703125 0.26999998092651367
v -19.559158325195312 -10.235595703125 3.7300000190734863
v -19.535720825195312 -11.20269775390625 3.7300000190734863
v -19.559158325195312 -10.235595703125 3.7300000190734863
v -19.559158325195312 -10.235595703125 0.26999998092651367
v -19.559158325195312 -10.235595703125 0.26999998092651367
v -19.535720825195312 -11.20269775390625 0.26999998092651367
v -19.535720825195312 -11.20269775390625 3.7300000190734863
v -19.465164184570312 -12.1346435546875 3.7300000190734863
v -19.535720825195312 -11.20269775390625 3.7300000190734863
v -19.535720825195312 -11.20269775390625 0.26999998092651367
v -19.535720825195312 -11.20269775390625 0.26999998092651367
v -19.465164184570312 -12.1346435546875 0.26999998092651367
v -19.465164184570312 -12.1346435546875 3.7300000190734863
v -19.347732543945312 -13.031494140625 3.7300000190734863
v -19.465164184570312 -12.1346435546875 3.7300000190734863
v -19.465164184570312 -12.1346435546875 0.26999998092651367
v -19.465164184570312 -12.1346435546875 0.26999998092651367
v -19.347732543945312 -13.031494140625 0.2700002193450928
v -19.347732543945312 -13.031494140625 3.7300000190734863
v -5.655594348907471 -5.21875 3.7300000190734863
v -5.983719348907471 -5.4871826171875 3.7300000190734863
v -5.983719348907471 -5.4871826171875 0.26999998092651367
v -5.983719348907471 -5.4871826171875 0.26999998092651367
v -5.655594348907471 -5.21875 0.26999998092651367
v -5.655594348907471 -5.21875 3.7300000190734863
v -5.983719348907471 -5.4871826171875 3.7300000190734863
v -6.283524036407471 -5.770263671875 3.7300000190734863
v -6.283524036407471 -5.770263671875 0.26999998092651367
v -6.283524036407471 -5.770263671875 0.26999998092651367
v -5.983719348907471 -5.4871826171875 0.26999998092651367
v -5.983719348907471 -5.4871826171875 3.7300000190734863
v -6.283524036407471 -5.770263671875 3.7300000190734863
v -6.555008411407471 -6.06793212890625 3.7300000190734863
v -6.555008411407471 -6.06793212890625 0.26999998092651367
v -6.555008411407471 -6.06793212890625 0.26999998092651367
v -6.283524036407471 -5.770263671875 0.26999998092651367
v -6.283524036407471 -5.770263671875 3.7300000190734863
v -6.555008411407471 -6.06793212890625 3.7300000190734863
v -6.797928333282471 -6.38031005859375 3.7300000190734863
v -6.797928333282471 -6.38031005859375 0.26999998092651367
v -6.797928333282471 -6.38031005859375 0.26999998092651367
v -6.555008411407471 -6.06793212890625 0.26999998092651367
v -6.555008411407471 -6.06793212890625 3.7300000190734863
v -6.797928333282471 -6.38031005859375 3.7300000190734863
v -7.012283802032471 -6.7073974609375 3.7300000190734863
v -7.012283802032471 -6.7073974609375 0.26999998092651367
v -7.012283802032471 -6.7073974609375 0.26999998092651367
v -6.797928333282471 -6.38031005859375 0.26999998092651367
v -6.797928333282471 -6.38031005859375 3.7300000190734863
v -7.012283802032471 -6.7073974609375 3.7300000190734863
v -7.198074817657471 -7.049072265625 3.7300000190734863
v -7.198074817657471 -7.049072265625 0.26999998092651367
v -7.198074817657471 -7.049072265625 0.26999998092651367
v -7.012283802032471 -6.7073974609375 0.26999998092651367
v -7.012283802032471 -6.7073974609375 3.7300000190734863
v -7.198074817657471 -7.049072265625 3.7300000190734863
v -7.357498645782471 -7.4053955078125 3.7300000190734863
v -7.357498645782471 -7.4053955078125 0.26999998092651367
v -7.357498645782471 -7.4053955078125 0.26999998092651367
v -7.198074817657471 -7.049072265625 0.26999998092651367
v -7.198074817657471 -7.049072265625 3.7300000190734863
v -7.357498645782471 -7.4053955078125 3.7300000190734863
v -7.492508411407471 -7.77642822265625 3.7300000190734863
v -7.492508411407471 -7.77642822265625 0.26999998092651367
v -7.492508411407471 -7.77642822265625 0.26999998092651367
v -7.357498645782471 -7.4053955078125 0.26999998092651367
v -7.357498645782471 -7.4053955078125 3.7300000190734863
v -7.492508411407471 -7.77642822265625 3.7300000190734863
v -7.602859973907471 -8.16204833984375 3.7300000190734863
v -7.602859973907471 -8.16204833984375 0.26999998092651367
v -7.602859973907471 -8.16204833984375 0.26999998092651367
v -7.492508411407471 -7.77642822265625 0.26999998092651367
v -7.492508411407471 -7.77642822265625 3.7300000190734863
v -7.602859973907471 -8.16204833984375 3.7300000190734863
v -7.688797473907471 -8.5623779296875 3.7300000190734863
v -7.688797473907471 -8.5623779296875 0.26999998092651367
v -7.688797473907471 -8.5623779296875 0.26999998092651367
v -7.602859973907471 -8.16204833984375 0.26999998092651367
v -7.602859973907471 -8.16204833984375 3.7300000190734863
v -7.688797473907471 -8.5623779296875 3.7300000190734863
v -7.750076770782471 -8.97735595703125 3.7300000190734863
v -7.750076770782471 -8.97735595703125 0.26999998092651367
v -7.750076770782471 -8.97735595703125 0.26999998092651367
v -7.688797473907471 -8.5623779296875 0.26999998092651367
v -7.688797473907471 -8.5623779296875 3.7300000190734863
v -7.750076770782471 -8.97735595703125 3.7300000190734863
v -7.786942005157471 -9.406982421875 3.7300000190734863
v -7.786942005157471 -9.406982421875 0.26999998092651367
v -7.786942005157471 -9.406982421875 0.26999998092651367
v -7.750076770782471 -8.97735595703125 0.26999998092651367
v -7.750076770782471 -8.97735595703125 3.7300000190734863
v -7.786942005157471 -9.406982421875 3.7300000190734863
v -7.799149036407471 -9.85125732421875 3.7300000190734863
v -7.799149036407471 -9.85125732421875 0.26999998092651367
v -7.799149036407471 -9.85125732421875 0.26999998092651367
v -7.786942005157471 -9.406982421875 0.26999998092651367
v -7.786942005157471 -9.406982421875 3.7300000190734863
v -7.799149036407471 -9.85125732421875 3.7300000190734863
v -7.764236927032471 -10.5943603515625 3.7300000190734863
v -7.764236927032471 -10.5943603515625 0.26999998092651367
v -7.764236927032471 -10.5943603515625 0.26999998092651367
v -7.799149036407471 -9.85125732421875 0.26999998092651367
v -7.799149036407471 -9.85125732421875 3.7300000190734863
v -7.764236927032471 -10.5943603515625 3.7300000190734863
v -7.659744739532471 -11.29058837890625 3.7300000190734863
v -7.659744739532471 -11.29058837890625 0.26999998092651367
v -7.659744739532471 -11.29058837890625 0.26999998092651367
v -7.764236927032471 -10.5943603515625 0.26999998092651367
v -7.764236927032471 -10.5943603515625 3.7300000190734863
v -7.659744739532471 -11.29058837890625 3.7300000190734863
v -7.485672473907471 -11.9398193359375 3.7300000190734863
v -7.485672473907471 -11.9398193359375 0.26999998092651367
v -7.485672473907471 -11.9398193359375 0.26999998092651367
v -7.659744739532471 -11.29058837890625 0.26999998092651367
v -7.659744739532471 -11.29058837890625 3.7300000190734863
v -7.485672473907471 -11.9398193359375 3.7300000190734863
v -7.242020130157471 -12.54205322265625 3.7300000190734863
v -7.242020130157471 -12.54205322265625 0.26999998092651367
v -7.242020130157471 -12.54205322265625 0.26999998092651367
v -7.485672473907471 -11.9398193359375 0.26999998092651367
v -7.485672473907471 -11.9398193359375 3.7300000190734863
v -7.242020130157471 -12.54205322265625 3.7300000190734863
v -6.928543567657471 -13.097412109375 3.7300000190734863
v -6.928543567657471 -13.097412109375 0.26999998092651367
v -6.928543567657471 -13.097412109375 0.26999998092651367
v -7.242020130157471 -12.54205322265625 0.26999998092651367
v -7.242020130157471 -12.54205322265625 3.7300000190734863
v -6.928543567657471 -13.097412109375 3.7300000190734863
v -6.545486927032471 -13.60577392578125 3.7300000190734863
v -6.545486927032471 -13.60577392578125 0.26999998092651367
v -6.545486927032471 -13.60577392578125 0.26999998092651367
v -6.928543567657471 -13.097412109375 0.26999998092651367
v -6.928543567657471 -13.097412109375 3.7300000190734863
v -6.545486927032471 -13.60577392578125 3.7300000190734863
v -6.092850208282471 -14.06719970703125 3.7300000190734863
v -6.092850208282471 -14.06719970703125 0.26999998092651367
v -6.092850208282471 -14.06719970703125 0.26999998092651367
v -6.545486927032471 -13.60577392578125 0.26999998092651367
v -6.545486927032471 -13.60577392578125 3.7300000190734863
v -6.092850208282471 -14.06719970703125 3.7300000190734863
v -5.578445911407471 -14.473876953125 3.7300000190734863
v -5.578445911407471 -14.473876953125 0.26999998092651367
v -5.578445911407471 -14.473876953125 0.26999998092651367
v -6.092850208282471 -14.06719970703125 0.26999998092651367
v -6.092850208282471 -14.06719970703125 3.7300000190734863
v -5.578445911407471 -14.473876953125 3.7300000190734863
v -5.009842395782471 -14.81793212890625 3.7300000190734863
v -5.009842395782471 -14.81793212890625 0.26999998092651367
v -5.009842395782471 -14.81793212890625 0.26999998092651367
v -5.578445911407471 -14.473876953125 0.26999998092651367
v -5.578445911407471 -14.473876953125 3.7300000190734863
v -5.009842395782471 -14.81793212890625 3.7300000190734863
v -4.387283802032471 -15.0994873046875 3.7300000190734863
v -4.387283802032471 -15.0994873046875 0.26999998092651367
v -4.387283802032471 -15.0994873046875 0.26999998092651367
v -5.009842395782471 -14.81793212890625 0.26999998092651367
v -5.009842395782471 -14.81793212890625 3.7300000190734863
v -4.387283802032471 -15.0994873046875 3.7300000190734863
v -3.7105257511138916 -15.3184814453125 3.7300000190734863
v -3.7105257511138916 -15.3184814453125 0.26999998092651367
v -3.7105257511138916 -15.3184814453125 0.26999998092651367
v -4.387283802032471 -15.0994873046875 0.26999998092651367
v -4.387283802032471 -15.0994873046875 3.7300000190734863
v -3.7105257511138916 -15.3184814453125 3.7300000190734863
v -2.9800570011138916 -15.474853515625 3.7300000190734863
v -2.9800570011138916 -15.474853515625 0.26999998092651367
v -2.9800570011138916 -15.474853515625 0.26999998092651367
v -3.7105257511138916 -15.3184814453125 0.26999998092651367
v -3.7105257511138916 -15.3184814453125 3.7300000190734863
v -19.183181762695312 -13.8931884765625 3.7300000190734863
v -19.347732543945312 -13.031494140625 3.7300000190734863
v -19.347732543945312 -13.031494140625 0.2700002193450928
v -19.347732543945312 -13.031494140625 0.2700002193450928
v -19.183181762695312 -13.8931884765625 0.26999998092651367
v -19.183181762695312 -13.8931884765625 3.7300000190734863
v -18.971755981445312 -14.7197265625 3.7300000190734863
v -19.183181762695312 -13.8931884765625 3.7300000190734863
v -19.183181762695312 -13.8931884765625 0.26999998092651367
v -19.183181762695312 -13.8931884765625 0.26999998092651367
v -18.971755981445312 -14.7197265625 0.2700002193450928
v -18.971755981445312 -14.7197265625 3.7300000190734863
v -18.713211059570312 -15.51116943359375 3.7300000190734863
v -18.971755981445312 -14.7197265625 3.7300000190734863
v -18.971755981445312 -14.7197265625 0.2700002193450928
v -18.971755981445312 -14.7197265625 0.2700002193450928
v -18.713211059570312 -15.51116943359375 0.26999998092651367
v -18.713211059570312 -15.51116943359375 3.7300000190734863
v -18.407791137695312 -16.26751708984375 3.7300000190734863
v -18.713211059570312 -15.51116943359375 3.7300000190734863
v -18.713211059570312 -15.51116943359375 0.26999998092651367
v -18.713211059570312 -15.51116943359375 0.26999998092651367
v -18.407791137695312 -16.26751708984375 0.26999998092651367
v -18.407791137695312 -16.26751708984375 3.7300000190734863
v -18.059890747070312 -16.9891357421875 3.7300000190734863
v -18.407791137695312 -16.26751708984375 3.7300000190734863
v -18.407791137695312 -16.26751708984375 0.26999998092651367
v -18.407791137695312 -16.26751708984375 0.26999998092651367
v -18.059890747070312 -16.9891357421875 0.26999998092651367
v -18.059890747070312 -16.9891357421875 3.7300000190734863
v -17.673660278320312 -17.67657470703125 3.7300000190734863
v -18.059890747070312 -16.9891357421875 3.7300000190734863
v -18.059890747070312 -16.9891357421875 0.26999998092651367
v -18.059890747070312 -16.9891357421875 0.26999998092651367
v -17.673660278320312 -17.67657470703125 0.2700002193450928
v -17.673660278320312 -17.67657470703125 3.7300000190734863
v -17.249099731445312 -18.329833984375 3.7300000190734863
v -17.673660278320312 -17.67657470703125 3.7300000190734863
v -17.673660278320312 -17.67657470703125 0.2700002193450928
v -17.673660278320312 -17.67657470703125 0.2700002193450928
v -17.249099731445312 -18.329833984375 0.26999998092651367
v -17.249099731445312 -18.329833984375 3.7300000190734863
v -16.786697387695312 -18.9488525390625 3.7300000190734863
v -17.249099731445312 -18.329833984375 3.7300000190734863
v -17.249099731445312 -18.329833984375 0.26999998092651367
v -17.249099731445312 -18.329833984375 0.26999998092651367
v -16.786697387695312 -18.9488525390625 0.2700002193450928
v -16.786697387695312 -18.9488525390625 3.7300000190734863
v -16.285964965820312 -19.53363037109375 3.7300000190734863
v -16.786697387695312 -18.9488525390625 3.7300000190734863
v -16.786697387695312 -18.9488525390625 0.2700002193450928
v -16.786697387695312 -18.9488525390625 0.2700002193450928
v -16.285964965820312 -19.53363037109375 0.2700002193450928
v -16.285964965820312 -19.53363037109375 3.7300000190734863
v -15.746902465820312 -20.084228515625 3.7300000190734863
v -16.285964965820312 -19.53363037109375 3.7300000190734863
v -16.285964965820312 -19.53363037109375 0.2700002193450928
v -16.285964965820312 -19.53363037109375 0.2700002193450928
v -15.746902465820312 -20.084228515625 0.26999998092651367
v -15.746902465820312 -20.084228515625 3.7300000190734863
v -15.169754028320312 -20.60064697265625 3.7300000190734863
v -15.746902465820312 -20.084228515625 3.7300000190734863
v -15.746902465820312 -20.084228515625 0.26999998092651367
v -15.746902465820312 -20.084228515625 0.26999998092651367
v -15.169754028320312 -20.60064697265625 0.26999998092651367
v -15.169754028320312 -20.60064697265625 3.7300000190734863
v -14.557937622070312 -21.08233642578125 3.7300000190734863
v -15.169754028320312 -20.60064697265625 3.7300000190734863
v -15.169754028320312 -20.60064697265625 0.26999998092651367
v -15.169754028320312 -20.60064697265625 0.26999998092651367
v -14.557937622070312 -21.08233642578125 0.26999998092651367
v -14.557937622070312 -21.08233642578125 3.7300000190734863
v -13.914627075195312 -21.52886962890625 3.7300000190734863
v -14.557937622070312 -21.08233642578125 3.7300000190734863
v -14.557937622070312 -21.08233642578125 0.26999998092651367
v -14.557937622070312 -21.08233642578125 0.26999998092651367
v -13.914627075195312 -21.52886962890625 0.26999998092651367
v -13.914627075195312 -21.52886962890625 3.7300000190734863
v -13.240066528320312 -21.94024658203125 3.7300000190734863
v -13.914627075195312 -21.52886962890625 3.7300000190734863
v -13.914627075195312 -21.52886962890625 0.26999998092651367
v -13.914627075195312 -21.52886962890625 0.26999998092651367
v -13.240066528320312 -21.94024658203125 0.26999998092651367
v -13.240066528320312 -21.94024658203125 3.7300000190734863
v -12.534255981445312 -22.31646728515625 3.7300000190734863
v -13.240066528320312 -21.94024658203125 3.7300000190734863
v -13.240066528320312 -21.94024658203125 0.26999998092651367
v -13.240066528320312 -21.94024658203125 0.26999998092651367
v -12.534255981445312 -22.31646728515625 0.26999998092651367
v -12.534255981445312 -22.31646728515625 3.7300000190734863
v 19.560958862304688 -1.0069580078125 3.7300000190734863
v 19.560958862304688 -10.59149169921875 3.7300000190734863
v 19.560958862304688 -10.59149169921875 0.26999998092651367
v 19.560958862304688 -10.59149169921875 0.26999998092651367
v 19.560958862304688 -1.0069580078125 0.26999998092651367
v 19.560958862304688 -1.0069580078125 3.7300000190734863
v 7.680831432342529 -10.25250244140625 3.7300000190734863
v 7.680831432342529 -3.510009765625 3.7300000190734863
v 7.680831432342529 -3.510009765625 0.26999998092651367
v 7.680831432342529 -3.510009765625 0.26999998092651367
v 7.680831432342529 -10.25250244140625 0.2700002193450928
v 7.680831432342529 -10.25250244140625 3.7300000190734863
v 19.560958862304688 7.248779296875 3.7300000190734863
v 19.560958862304688 -1.0069580078125 3.7300000190734863
v 19.560958862304688 -1.0069580078125 0.26999998092651367
v 19.560958862304688 -1.0069580078125 0.26999998092651367
v 19.560958862304688 7.248779296875 0.2700002193450928
v 19.560958862304688 7.248779296875 3.7300000190734863
v 19.560958862304688 -10.59149169921875 3.7300000190734863
v 19.560958862304688 -16.323974609375 3.7300000190734863
v 19.560958862304688 -16.323974609375 0.26999998092651367
v 19.560958862304688 -16.323974609375 0.26999998092651367
v 19.560958862304688 -10.59149169921875 0.26999998092651367
v 19.560958862304688 -10.59149169921875 3.7300000190734863
v 7.410811901092529 -3.239990234375 3.7300000190734863
v 3.0665738582611084 -3.239990234375 3.7300000190734863
v 3.0665738582611084 -3.239990234375 0.26999998092651367
v 3.0665738582611084 -3.239990234375 0.26999998092651367
v 7.410811901092529 -3.239990234375 0.26999998092651367
v 7.410811901092529 -3.239990234375 3.7300000190734863
v 19.539474487304688 8.4842529296875 3.7300000190734863
v 19.560958862304688 7.248779296875 3.7300000190734863
v 19.560958862304688 7.248779296875 0.2700002193450928
v 19.560958862304688 7.248779296875 0.2700002193450928
v 19.539474487304688 8.4842529296875 0.26999998092651367
v 19.539474487304688 8.4842529296875 3.7300000190734863
v 19.474777221679688 9.67083740234375 3.7300000190734863
v 19.539474487304688 8.4842529296875 3.7300000190734863
v 19.539474487304688 8.4842529296875 0.26999998092651367
v 19.539474487304688 8.4842529296875 0.26999998092651367
v 19.474777221679688 9.67083740234375 0.26999998092651367
v 19.474777221679688 9.67083740234375 3.7300000190734863
v 19.367111206054688 10.80853271484375 3.7300000190734863
v 19.474777221679688 9.67083740234375 3.7300000190734863
v 19.474777221679688 9.67083740234375 0.26999998092651367
v 19.474777221679688 9.67083740234375 0.26999998092651367
v 19.367111206054688 10.80853271484375 0.26999998092651367
v 19.367111206054688 10.80853271484375 3.7300000190734863
v 19.216476440429688 11.897216796875 3.7300000190734863
v 19.367111206054688 10.80853271484375 3.7300000190734863
v 19.367111206054688 10.80853271484375 0.26999998092651367
v 19.367111206054688 10.80853271484375 0.26999998092651367
v 19.216476440429688 11.897216796875 0.26999998092651367
v 19.216476440429688 11.897216796875 3.7300000190734863
v 19.022872924804688 12.93701171875 3.7300000190734863
v 19.216476440429688 11.897216796875 3.7300000190734863
v 19.216476440429688 11.897216796875 0.26999998092651367
v 19.216476440429688 11.897216796875 0.26999998092651367
v 19.022872924804688 12.93701171875 0.26999998092651367
v 19.022872924804688 12.93701171875 3.7300000190734863
v 18.786056518554688 13.92779541015625 3.7300000190734863
v 19.022872924804688 12.93701171875 3.7300000190734863
v 19.022872924804688 12.93701171875 0.26999998092651367
v 19.022872924804688 12.93701171875 0.26999998092651367
v 18.786056518554688 13.92779541015625 0.26999998092651367
v 18.786056518554688 13.92779541015625 3.7300000190734863
v 18.506271362304688 14.86968994140625 3.7300000190734863
v 18.786056518554688 13.92779541015625 3.7300000190734863
v 18.786056518554688 13.92779541015625 0.26999998092651367
v 18.786056518554688 13.92779541015625 0.26999998092651367
v 18.506271362304688 14.86968994140625 0.26999998092651367
v 18.506271362304688 14.86968994140625 3.7300000190734863
v 18.179367065429688 15.76312255859375 3.7300000190734863
v 18.506271362304688 14.86968994140625 3.7300000190734863
v 18.506271362304688 14.86968994140625 0.26999998092651367
v 18.506271362304688 14.86968994140625 0.26999998092651367
v 18.179367065429688 15.76312255859375 0.26999998092651367
v 18.179367065429688 15.76312255859375 3.7300000190734863
v 17.801925659179688 16.60870361328125 3.7300000190734863
v 18.179367065429688 15.76312255859375 3.7300000190734863
v 18.179367065429688 15.76312255859375 0.26999998092651367
v 18.179367065429688 15.76312255859375 0.26999998092651367
v 17.801925659179688 16.60870361328125 0.26999998092651367
v 17.801925659179688 16.60870361328125 3.7300000190734863
v 17.373458862304688 17.40631103515625 3.7300000190734863
v 17.801925659179688 16.60870361328125 3.7300000190734863
v 17.801925659179688 16.60870361328125 0.26999998092651367
v 17.801925659179688 16.60870361328125 0.26999998092651367
v 17.373458862304688 17.40631103515625 0.2700002193450928
v 17.373458862304688 17.40631103515625 3.7300000190734863
v 16.893966674804688 18.15606689453125 3.7300000190734863
v 17.373458862304688 17.40631103515625 3.7300000190734863
v 17.373458862304688 17.40631103515625 0.2700002193450928
v 17.373458862304688 17.40631103515625 0.2700002193450928
v 16.893966674804688 18.15606689453125 0.26999998092651367
v 16.893966674804688 18.15606689453125 3.7300000190734863
v 16.363937377929688 18.85791015625 3.7300000190734863
v 16.893966674804688 18.15606689453125 3.7300000190734863
v 16.893966674804688 18.15606689453125 0.26999998092651367
v 16.893966674804688 18.15606689453125 0.26999998092651367
v 16.363937377929688 18.85791015625 0.2700002193450928
v 16.363937377929688 18.85791015625 3.7300000190734863
v 15.782882690429688 19.51177978515625 3.7300000190734863
v 16.363937377929688 18.85791015625 3.7300000190734863
v 16.363937377929688 18.85791015625 0.2700002193450928
v 16.363937377929688 18.85791015625 0.2700002193450928
v 15.782882690429688 19.51177978515625 0.2700002193450928
v 15.782882690429688 19.51177978515625 3.7300000190734863
v 15.150802612304688 20.1177978515625 3.7300000190734863
v 15.782882690429688 19.51177978515625 3.7300000190734863
v 15.782882690429688 19.51177978515625 0.2700002193450928
v 15.782882690429688 19.51177978515625 0.2700002193450928
v 15.150802612304688 20.1177978515625 0.2700002193450928
v 15.150802612304688 20.1177978515625 3.7300000190734863
v 14.467697143554688 20.6783447265625 3.7300000190734863
v 15.150802612304688 20.1177978515625 3.7300000190734863
v 15.150802612304688 20.1177978515625 0.2700002193450928
v 15.150802612304688 20.1177978515625 0.2700002193450928
v 14.467697143554688 20.6783447265625 0.26999998092651367
v 14.467697143554688 20.6783447265625 3.7300000190734863
v 13.732589721679688 21.19580078125 3.7300000190734863
v 14.467697143554688 20.6783447265625 3.7300000190734863
v 14.467697143554688 20.6783447265625 0.26999998092651367
v 14.467697143554688 20.6783447265625 0.26999998092651367
v 13.732589721679688 21.19580078125 0.26999998092651367
v 13.732589721679688 21.19580078125 3.7300000190734863
v 12.945480346679688 21.67022705078125 3.7300000190734863
v 13.732589721679688 21.19580078125 3.7300000190734863
v 13.732589721679688 21.19580078125 0.26999998092651367
v 13.732589721679688 21.19580078125 0.26999998092651367
v 12.945480346679688 21.67022705078125 0.26999998092651367
v 12.945480346679688 21.67022705078125 3.7300000190734863
v 12.106613159179688 22.10162353515625 3.7300000190734863
v 12.945480346679688 21.67022705078125 3.7300000190734863
v 12.945480346679688 21.67022705078125 0.26999998092651367
v 12.945480346679688 21.67022705078125 0.26999998092651367
v 12.106613159179688 22.10162353515625 0.2700002193450928
v 12.106613159179688 22.10162353515625 3.7300000190734863
v 11.215744018554688 22.489990234375 3.7300000190734863
v 12.106613159179688 22.10162353515625 3.7300000190734863
v 12.106613159179688 22.10162353515625 0.2700002193450928
v 12.106613159179688 22.10162353515625 0.2700002193450928
v 11.215744018554688 22.489990234375 0.26999998092651367
v 11.215744018554688 22.489990234375 3.7300000190734863
v 10.272872924804688 22.83526611328125 3.7300000190734863
v 11.215744018554688 22.489990234375 3.7300000190734863
v 11.215744018554688 22.489990234375 0.26999998092651367
v 11.215744018554688 22.489990234375 0.26999998092651367
v 10.272872924804688 22.83526611328125 0.2700002193450928
v 10.272872924804688 22.83526611328125 3.7300000190734863
v 9.278488159179688 23.13751220703125 3.7300000190734863
v 10.272872924804688 22.83526611328125 3.7300000190734863
v 10.272872924804688 22.83526611328125 0.2700002193450928
v 10.272872924804688 22.83526611328125 0.2700002193450928
v 9.278488159179688 23.13751220703125 0.26999998092651367
v 9.278488159179688 23.13751220703125 3.7300000190734863
v 8.227951049804688 23.398193359375 3.7300000190734863
v 9.278488159179688 23.13751220703125 3.7300000190734863
v 9.278488159179688 23.13751220703125 0.26999998092651367
v 9.278488159179688 23.13751220703125 0.26999998092651367
v 8.227951049804688 23.398193359375 0.2700002193450928
v 8.227951049804688 23.398193359375 3.7300000190734863
v 7.118087291717529 23.61871337890625 3.7300000190734863
v 8.227951049804688 23.398193359375 3.7300000190734863
v 8.227951049804688 23.398193359375 0.2700002193450928
v 8.227951049804688 23.398193359375 0.2700002193450928
v 7.118087291717529 23.61871337890625 0.26999998092651367
v 7.118087291717529 23.61871337890625 3.7300000190734863
v 5.948409557342529 23.7991943359375 3.7300000190734863
v 7.118087291717529 23.61871337890625 3.7300000190734863
v 7.118087291717529 23.61871337890625 0.26999998092651367
v 7.118087291717529 23.61871337890625 0.26999998092651367
v 5.948409557342529 23.7991943359375 0.26999998092651367
v 5.948409557342529 23.7991943359375 3.7300000190734863
v 4.719405651092529 23.93951416015625 3.7300000190734863
v 5.948409557342529 23.7991943359375 3.7300000190734863
v 5.948409557342529 23.7991943359375 0.26999998092651367
v 5.948409557342529 23.7991943359375 0.26999998092651367
v 4.719405651092529 23.93951416015625 0.26999998092651367
v 4.719405651092529 23.93951416015625 3.7300000190734863
v 3.4305875301361084 24.039794921875 3.7300000190734863
v 4.719405651092529 23.93951416015625 3.7300000190734863
v 4.719405651092529 23.93951416015625 0.26999998092651367
v 4.719405651092529 23.93951416015625 0.26999998092651367
v 3.4305875301361084 24.039794921875 0.26999998092651367
v 3.4305875301361084 24.039794921875 3.7300000190734863
v 2.0819547176361084 24.0999755859375 3.7300000190734863
v 3.4305875301361084 24.039794921875 3.7300000190734863
v 3.4305875301361084 24.039794921875 0.26999998092651367
v 3.4305875301361084 24.039794921875 0.26999998092651367
v 2.0819547176361084 24.0999755859375 0.26999998092651367
v 2.0819547176361084 24.0999755859375 3.7300000190734863
v 0.6739956736564636 24.1199951171875 3.7300000190734863
v 2.0819547176361084 24.0999755859375 3.7300000190734863
v 2.0819547176361084 24.0999755859375 0.26999998092651367
v 2.0819547176361084 24.0999755859375 0.26999998092651367
v 0.6739956736564636 24.1199951171875 0.26999998092651367
v 0.6739956736564636 24.1199951171875 3.7300000190734863
v -0.130935937166214 24.11083984375 3.7300000190734863
v 0.6739956736564636 24.1199951171875 3.7300000190734863
v 0.6739956736564636 24.1199951171875 0.26999998092651367
v 0.6739956736564636 24.1199951171875 0.26999998092651367
v -0.130935937166214 24.11083984375 0.26999998092651367
v -0.130935937166214 24.11083984375 3.7300000190734863
v -0.9290316700935364 24.08343505859375 3.7300000190734863
v -0.130935937166214 24.11083984375 3.7300000190734863
v -0.130935937166214 24.11083984375 0.26999998092651367
v -0.130935937166214 24.11083984375 0.26999998092651367
v -0.9290316700935364 24.08343505859375 0.2700002193450928
v -0.9290316700935364 24.08343505859375 3.7300000190734863
v -1.7200472354888916 24.0377197265625 3.7300000190734863
v -0.9290316700935364 24.08343505859375 3.7300000190734863
v -0.9290316700935364 24.08343505859375 0.2700002193450928
v -0.9290316700935364 24.08343505859375 0.2700002193450928
v -1.7200472354888916 24.0377197265625 0.26999998092651367
v -1.7200472354888916 24.0377197265625 3.7300000190734863
v -2.5044710636138916 23.97369384765625 3.7300000190734863
v -1.7200472354888916 24.0377197265625 3.7300000190734863
v -1.7200472354888916 24.0377197265625 0.26999998092651367
v -1.7200472354888916 24.0377197265625 0.26999998092651367
v -2.5044710636138916 23.97369384765625 0.26999998092651367
v -2.5044710636138916 23.97369384765625 3.7300000190734863
v -3.2818148136138916 23.891357421875 3.7300000190734863
v -2.5044710636138916 23.97369384765625 3.7300000190734863
v -2.5044710636138916 23.97369384765625 0.26999998092651367
v -2.5044710636138916 23.97369384765625 0.26999998092651367
v -3.2818148136138916 23.891357421875 0.26999998092651367
v -3.2818148136138916 23.891357421875 3.7300000190734863
v -4.052322864532471 23.790771484375 3.7300000190734863
v -3.2818148136138916 23.891357421875 3.7300000190734863
v -3.2818148136138916 23.891357421875 0.26999998092651367
v -3.2818148136138916 23.891357421875 0.26999998092651367
v -4.052322864532471 23.790771484375 0.26999998092651367
v -4.052322864532471 23.790771484375 3.7300000190734863
v -4.815994739532471 23.671875 3.7300000190734863
v -4.052322864532471 23.790771484375 3.7300000190734863
v -4.052322864532471 23.790771484375 0.26999998092651367
v -4.052322864532471 23.790771484375 0.26999998092651367
v -4.815994739532471 23.671875 0.26999998092651367
v -4.815994739532471 23.671875 3.7300000190734863
v -5.567947864532471 23.53857421875 3.7300000190734863
v -4.815994739532471 23.671875 3.7300000190734863
v -4.815994739532471 23.671875 0.26999998092651367
v -4.815994739532471 23.671875 0.26999998092651367
v -5.567947864532471 23.53857421875 0.26999998092651367
v -5.567947864532471 23.53857421875 3.7300000190734863
v -6.303055286407471 23.3946533203125 3.7300000190734863
v -5.567947864532471 23.53857421875 3.7300000190734863
v -5.567947864532471 23.53857421875 0.26999998092651367
v -5.567947864532471 23.53857421875 0.26999998092651367
v -6.303055286407471 23.3946533203125 0.2700002193450928
v -6.303055286407471 23.3946533203125 3.7300000190734863
v -7.021561145782471 23.240234375 3.7300000190734863
v -6.303055286407471 23.3946533203125 3.7300000190734863
v -6.303055286407471 23.3946533203125 0.2700002193450928
v -6.303055286407471 23.3946533203125 0.2700002193450928
v -7.021561145782471 23.240234375 0.26999998092651367
v -7.021561145782471 23.240234375 3.7300000190734863
v -7.723465442657471 23.07525634765625 3.7300000190734863
v -7.021561145782471 23.240234375 3.7300000190734863
v -7.021561145782471 23.240234375 0.26999998092651367
v -7.021561145782471 23.240234375 0.26999998092651367
v -7.723465442657471 23.07525634765625 0.2700002193450928
v -7.723465442657471 23.07525634765625 3.7300000190734863
v -8.408767700195312 22.899658203125 3.7300000190734863
v -7.723465442657471 23.07525634765625 3.7300000190734863
v -7.723465442657471 23.07525634765625 0.2700002193450928
v -7.723465442657471 23.07525634765625 0.2700002193450928
v -8.408767700195312 22.899658203125 0.26999998092651367
v -8.408767700195312 22.899658203125 3.7300000190734863
v -9.077468872070312 22.71356201171875 3.7300000190734863
v -8.408767700195312 22.899658203125 3.7300000190734863
v -8.408767700195312 22.899658203125 0.26999998092651367
v -8.408767700195312 22.899658203125 0.26999998092651367
v -9.077468872070312 22.71356201171875 0.26999998092651367
v -9.077468872070312 22.71356201171875 3.7300000190734863
v -9.729324340820312 22.51690673828125 3.7300000190734863
v -9.077468872070312 22.71356201171875 3.7300000190734863
v -9.077468872070312 22.71356201171875 0.26999998092651367
v -9.077468872070312 22.71356201171875 0.26999998092651367
v -9.729324340820312 22.51690673828125 0.26999998092651367
v -9.729324340820312 22.51690673828125 3.7300000190734863
v -10.361404418945312 22.3125 3.7300000190734863
v -9.729324340820312 22.51690673828125 3.7300000190734863
v -9.729324340820312 22.51690673828125 0.26999998092651367
v -9.729324340820312 22.51690673828125 0.26999998092651367
v -10.361404418945312 22.3125 0.26999998092651367
v -10.361404418945312 22.3125 3.7300000190734863
v -10.969802856445312 22.10333251953125 3.7300000190734863
v -10.361404418945312 22.3125 3.7300000190734863
v -10.361404418945312 22.3125 0.26999998092651367
v -10.361404418945312 22.3125 0.26999998092651367
v -10.969802856445312 22.10333251953125 0.2700002193450928
v -10.969802856445312 22.10333251953125 3.7300000190734863
v -11.554763793945312 21.8892822265625 3.7300000190734863
v -10.969802856445312 22.10333251953125 3.7300000190734863
v -10.969802856445312 22.10333251953125 0.2700002193450928
v -10.969802856445312 22.10333251953125 0.2700002193450928
v -11.554763793945312 21.8892822265625 0.26999998092651367
v -11.554763793945312 21.8892822265625 3.7300000190734863
v -12.116043090820312 21.67047119140625 3.7300000190734863
v -11.554763793945312 21.8892822265625 3.7300000190734863
v -11.554763793945312 21.8892822265625 0.26999998092651367
v -11.554763793945312 21.8892822265625 0.26999998092651367
v -12.116043090820312 21.67047119140625 0.26999998092651367
v -12.116043090820312 21.67047119140625 3.7300000190734863
v -12.654129028320312 21.44677734375 3.7300000190734863
v -12.116043090820312 21.67047119140625 3.7300000190734863
v -12.116043090820312 21.67047119140625 0.26999998092651367
v -12.116043090820312 21.67047119140625 0.26999998092651367
v -12.654129028320312 21.44677734375 0.26999998092651367
v -12.654129028320312 21.44677734375 3.7300000190734863
v -13.168533325195312 21.21832275390625 3.7300000190734863
v -12.654129028320312 21.44677734375 3.7300000190734863
v -12.654129028320312 21.44677734375 0.26999998092651367
v -12.654129028320312 21.44677734375 0.26999998092651367
v -13.168533325195312 21.21832275390625 0.26999998092651367
v -13.168533325195312 21.21832275390625 3.7300000190734863
v -13.659500122070312 20.9849853515625 3.7300000190734863
v -13.168533325195312 21.21832275390625 3.7300000190734863
v -13.168533325195312 21.21832275390625 0.26999998092651367
v -13.168533325195312 21.21832275390625 0.26999998092651367
v -13.659500122070312 20.9849853515625 0.26999998092651367
v -13.659500122070312 20.9849853515625 3.7300000190734863
v -14.117996215820312 20.75189208984375 3.7300000190734863
v -13.659500122070312 20.9849853515625 3.7300000190734863
v -13.659500122070312 20.9849853515625 0.26999998092651367
v -13.659500122070312 20.9849853515625 0.26999998092651367
v -14.117996215820312 20.75189208984375 0.26999998092651367
v -14.117996215820312 20.75189208984375 3.7300000190734863
v -14.535720825195312 20.52398681640625 3.7300000190734863
v -14.117996215820312 20.75189208984375 3.7300000190734863
v -14.117996215820312 20.75189208984375 0.26999998092651367
v -14.117996215820312 20.75189208984375 0.26999998092651367
v -14.535720825195312 20.52398681640625 0.26999998092651367
v -14.535720825195312 20.52398681640625 3.7300000190734863
v -14.912185668945312 20.30126953125 3.7300000190734863
v -14.535720825195312 20.52398681640625 3.7300000190734863
v -14.535720825195312 20.52398681640625 0.26999998092651367
v -14.535720825195312 20.52398681640625 0.26999998092651367
v -14.912185668945312 20.30126953125 0.26999998092651367
v -14.912185668945312 20.30126953125 3.7300000190734863
v -15.247634887695312 20.08380126953125 3.7300000190734863
v -14.912185668945312 20.30126953125 3.7300000190734863
v -14.912185668945312 20.30126953125 0.26999998092651367
v -14.912185668945312 20.30126953125 0.26999998092651367
v -15.247634887695312 20.08380126953125 0.26999998092651367
v -15.247634887695312 20.08380126953125 3.7300000190734863
v -15.542068481445312 19.8714599609375 3.7300000190734863
v -15.247634887695312 20.08380126953125 3.7300000190734863
v -15.247634887695312 20.08380126953125 0.26999998092651367
v -15.247634887695312 20.08380126953125 0.26999998092651367
v -15.542068481445312 19.8714599609375 0.26999998092651367
v -15.542068481445312 19.8714599609375 3.7300000190734863
v -15.795486450195312 19.66436767578125 3.7300000190734863
v -15.542068481445312 19.8714599609375 3.7300000190734863
v -15.542068481445312 19.8714599609375 0.26999998092651367
v -15.542068481445312 19.8714599609375 0.26999998092651367
v -15.795486450195312 19.66436767578125 0.26999998092651367
v -15.795486450195312 19.66436767578125 3.7300000190734863
v -16.007888793945312 19.4625244140625 3.7300000190734863
v -15.795486450195312 19.66436767578125 3.7300000190734863
v -15.795486450195312 19.66436767578125 0.26999998092651367
v -15.795486450195312 19.66436767578125 0.26999998092651367
v -16.007888793945312 19.4625244140625 0.2700002193450928
v -16.007888793945312 19.4625244140625 3.7300000190734863
v -16.190750122070312 19.259765625 3.7300000190734863
v -16.007888793945312 19.4625244140625 3.7300000190734863
v -16.007888793945312 19.4625244140625 0.2700002193450928
v -16.007888793945312 19.4625244140625 0.2700002193450928
v -16.190750122070312 19.259765625 0.26999998092651367
v -16.190750122070312 19.259765625 3.7300000190734863
v -16.356277465820312 19.0501708984375 3.7300000190734863
v -16.190750122070312 19.259765625 3.7300000190734863
v -16.190750122070312 19.259765625 0.26999998092651367
v -16.190750122070312 19.259765625 0.26999998092651367
v -16.356277465820312 19.0501708984375 0.2700002193450928
v -16.356277465820312 19.0501708984375 3.7300000190734863
v -16.503982543945312 18.83367919921875 3.7300000190734863
v -16.356277465820312 19.0501708984375 3.7300000190734863
v -16.356277465820312 19.0501708984375 0.2700002193450928
v -16.356277465820312 19.0501708984375 0.2700002193450928
v -16.503982543945312 18.83367919921875 0.26999998092651367
v -16.503982543945312 18.83367919921875 3.7300000190734863
v -16.634109497070312 18.6102294921875 3.7300000190734863
v -16.503982543945312 18.83367919921875 3.7300000190734863
v -16.503982543945312 18.83367919921875 0.26999998092651367
v -16.503982543945312 18.83367919921875 0.26999998092651367
v -16.634109497070312 18.6102294921875 0.2700002193450928
v -16.634109497070312 18.6102294921875 3.7300000190734863
v -16.746658325195312 18.37994384765625 3.7300000190734863
v -16.634109497070312 18.6102294921875 3.7300000190734863
v -16.634109497070312 18.6102294921875 0.2700002193450928
v -16.634109497070312 18.6102294921875 0.2700002193450928
v -16.746658325195312 18.37994384765625 0.26999998092651367
v -16.746658325195312 18.37994384765625 3.7300000190734863
v -16.841629028320312 18.142822265625 3.7300000190734863
v -16.746658325195312 18.37994384765625 3.7300000190734863
v -16.746658325195312 18.37994384765625 0.26999998092651367
v -16.746658325195312 18.37994384765625 0.26999998092651367
v -16.841629028320312 18.142822265625 0.26999998092651367
v -16.841629028320312 18.142822265625 3.7300000190734863
v -16.919021606445312 17.89874267578125 3.7300000190734863
v -16.841629028320312 18.142822265625 3.7300000190734863
v -16.841629028320312 18.142822265625 0.26999998092651367
v -16.841629028320312 18.142822265625 0.26999998092651367
v -16.919021606445312 17.89874267578125 0.26999998092651367
v -16.919021606445312 17.89874267578125 3.7300000190734863
v -16.982742309570312 17.63848876953125 3.7300000190734863
v -16.919021606445312 17.89874267578125 3.7300000190734863
v -16.919021606445312 17.89874267578125 0.26999998092651367
v -16.919021606445312 17.89874267578125 0.26999998092651367
v -16.982742309570312 17.63848876953125 0.26999998092651367
v -16.982742309570312 17.63848876953125 3.7300000190734863
v -17.036697387695312 17.35260009765625 3.7300000190734863
v -16.982742309570312 17.63848876953125 3.7300000190734863
v -16.982742309570312 17.63848876953125 0.26999998092651367
v -16.982742309570312 17.63848876953125 0.26999998092651367
v -17.036697387695312 17.35260009765625 0.26999998092651367
v -17.036697387695312 17.35260009765625 3.7300000190734863
v -17.080642700195312 17.04119873046875 3.7300000190734863
v -17.036697387695312 17.35260009765625 3.7300000190734863
v -17.036697387695312 17.35260009765625 0.26999998092651367
v -17.036697387695312 17.35260009765625 0.26999998092651367
v -17.080642700195312 17.04119873046875 0.26999998092651367
v -17.080642700195312 17.04119873046875 3.7300000190734863
v -17.115066528320312 16.70428466796875 3.7300000190734863
v -17.080642700195312 17.04119873046875 3.7300000190734863
v -17.080642700195312 17.04119873046875 0.26999998092651367
v -17.080642700195312 17.04119873046875 0.26999998092651367
v -17.115066528320312 16.70428466796875 0.26999998092651367
v -17.115066528320312 16.70428466796875 3.7300000190734863
v -17.139480590820312 16.34173583984375 3.7300000190734863
v -17.115066528320312 16.70428466796875 3.7300000190734863
v -17.115066528320312 16.70428466796875 0.26999998092651367
v -17.115066528320312 16.70428466796875 0.26999998092651367
v -17.139480590820312 16.34173583984375 0.26999998092651367
v -17.139480590820312 16.34173583984375 3.7300000190734863
v -17.154129028320312 15.95367431640625 3.7300000190734863
v -17.139480590820312 16.34173583984375 3.7300000190734863
v -17.139480590820312 16.34173583984375 0.26999998092651367
v -17.139480590820312 16.34173583984375 0.26999998092651367
v -17.154129028320312 15.95367431640625 0.26999998092651367
v -17.154129028320312 15.95367431640625 3.7300000190734863
v -17.159011840820312 15.53997802734375 3.7300000190734863
v -17.154129028320312 15.95367431640625 3.7300000190734863
v -17.154129028320312 15.95367431640625 0.26999998092651367
v -17.154129028320312 15.95367431640625 0.26999998092651367
v -17.159011840820312 15.53997802734375 0.26999998092651367
v -17.159011840820312 15.53997802734375 3.7300000190734863
v -17.156082153320312 15.22784423828125 3.7300000190734863
v -17.159011840820312 15.53997802734375 3.7300000190734863
v -17.159011840820312 15.53997802734375 0.26999998092651367
v -17.159011840820312 15.53997802734375 0.26999998092651367
v -17.156082153320312 15.22784423828125 0.2700002193450928
v -17.156082153320312 15.22784423828125 3.7300000190734863
v -17.147293090820312 14.92352294921875 3.7300000190734863
v -17.156082153320312 15.22784423828125 3.7300000190734863
v -17.156082153320312 15.22784423828125 0.2700002193450928
v -17.156082153320312 15.22784423828125 0.2700002193450928
v -17.147293090820312 14.92352294921875 0.26999998092651367
v -17.147293090820312 14.92352294921875 3.7300000190734863
v -17.132644653320312 14.6270751953125 3.7300000190734863
v -17.147293090820312 14.92352294921875 3.7300000190734863
v -17.147293090820312 14.92352294921875 0.26999998092651367
v -17.147293090820312 14.92352294921875 0.26999998092651367
v -17.132644653320312 14.6270751953125 0.2700002193450928
v -17.132644653320312 14.6270751953125 3.7300000190734863
v -17.112380981445312 14.33843994140625 3.7300000190734863
v -17.132644653320312 14.6270751953125 3.7300000190734863
v -17.132644653320312 14.6270751953125 0.2700002193450928
v -17.132644653320312 14.6270751953125 0.2700002193450928
v -17.112380981445312 14.33843994140625 0.2700002193450928
v -17.112380981445312 14.33843994140625 3.7300000190734863
v -17.086013793945312 14.05767822265625 3.7300000190734863
v -17.112380981445312 14.33843994140625 3.7300000190734863
v -17.112380981445312 14.33843994140625 0.2700002193450928
v -17.112380981445312 14.33843994140625 0.2700002193450928
v -17.086013793945312 14.05767822265625 0.2700002193450928
v -17.086013793945312 14.05767822265625 3.7300000190734863
v -17.053787231445312 13.7847900390625 3.7300000190734863
v -17.086013793945312 14.05767822265625 3.7300000190734863
v -17.086013793945312 14.05767822265625 0.2700002193450928
v -17.086013793945312 14.05767822265625 0.2700002193450928
v -17.053787231445312 13.7847900390625 0.26999998092651367
v -17.053787231445312 13.7847900390625 3.7300000190734863
v -17.015701293945312 13.51971435546875 3.7300000190734863
v -17.053787231445312 13.7847900390625 3.7300000190734863
v -17.053787231445312 13.7847900390625 0.26999998092651367
v -17.053787231445312 13.7847900390625 0.26999998092651367
v -17.015701293945312 13.51971435546875 0.2700002193450928
v -17.015701293945312 13.51971435546875 3.7300000190734863
v -16.972244262695312 13.264404296875 3.7300000190734863
v -17.015701293945312 13.51971435546875 3.7300000190734863
v -17.015701293945312 13.51971435546875 0.2700002193450928
v -17.015701293945312 13.51971435546875 0.2700002193450928
v -16.972244262695312 13.264404296875 0.26999998092651367
v -16.972244262695312 13.264404296875 3.7300000190734863
v -16.923904418945312 13.0208740234375 3.7300000190734863
v -16.972244262695312 13.264404296875 3.7300000190734863
v -16.972244262695312 13.264404296875 0.26999998092651367
v -16.972244262695312 13.264404296875 0.26999998092651367
v -16.923904418945312 13.0208740234375 0.26999998092651367
v -16.923904418945312 13.0208740234375 3.7300000190734863
v -16.870681762695312 12.7890625 3.7300000190734863
v -16.923904418945312 13.0208740234375 3.7300000190734863
v -16.923904418945312 13.0208740234375 0.26999998092651367
v -16.923904418945312 13.0208740234375 0.26999998092651367
v -16.870681762695312 12.7890625 0.2700002193450928
v -16.870681762695312 12.7890625 3.7300000190734863
v -16.812576293945312 12.56903076171875 3.7300000190734863
v -16.870681762695312 12.7890625 3.7300000190734863
v -16.870681762695312 12.7890625 0.2700002193450928
v -16.870681762695312 12.7890625 0.2700002193450928
v -16.812576293945312 12.56903076171875 0.26999998092651367
v -16.812576293945312 12.56903076171875 3.7300000190734863
v -16.749588012695312 12.3607177734375 3.7300000190734863
v -16.812576293945312 12.56903076171875 3.7300000190734863
v -16.812576293945312 12.56903076171875 0.26999998092651367
v -16.812576293945312 12.56903076171875 0.26999998092651367
v -16.749588012695312 12.3607177734375 0.26999998092651367
v -16.749588012695312 12.3607177734375 3.7300000190734863
v -16.681716918945312 12.1641845703125 3.7300000190734863
v -16.749588012695312 12.3607177734375 3.7300000190734863
v -16.749588012695312 12.3607177734375 0.26999998092651367
v -16.749588012695312 12.3607177734375 0.26999998092651367
v -16.681716918945312 12.1641845703125 0.2700002193450928
v -16.681716918945312 12.1641845703125 3.7300000190734863
v -16.608718872070312 11.9793701171875 3.7300000190734863
v -16.681716918945312 12.1641845703125 3.7300000190734863
v -16.681716918945312 12.1641845703125 0.2700002193450928
v -16.681716918945312 12.1641845703125 0.2700002193450928
v -16.608718872070312 11.9793701171875 0.26999998092651367
v -16.608718872070312 11.9793701171875 3.7300000190734863
v -16.530593872070312 11.80633544921875 3.7300000190734863
v -16.608718872070312 11.9793701171875 3.7300000190734863
v -16.608718872070312 11.9793701171875 0.26999998092651367
v -16.608718872070312 11.9793701171875 0.26999998092651367
v -16.530593872070312 11.80633544921875 0.2700002193450928
v -16.530593872070312 11.80633544921875 3.7300000190734863
v -16.446609497070312 11.6451416015625 3.7300000190734863
v -16.530593872070312 11.80633544921875 3.7300000190734863
v -16.530593872070312 11.80633544921875 0.2700002193450928
v -16.530593872070312 11.80633544921875 0.2700002193450928
v -16.446609497070312 11.6451416015625 0.26999998092651367
v -16.446609497070312 11.6451416015625 3.7300000190734863
v -16.356521606445312 11.49578857421875 3.7300000190734863
v -16.446609497070312 11.6451416015625 3.7300000190734863
v -16.446609497070312 11.6451416015625 0.26999998092651367
v -16.446609497070312 11.6451416015625 0.26999998092651367
v -16.356521606445312 11.49578857421875 0.26999998092651367
v -16.356521606445312 11.49578857421875 3.7300000190734863
v -16.260818481445312 11.3582763671875 3.7300000190734863
v -16.356521606445312 11.49578857421875 3.7300000190734863
v -16.356521606445312 11.49578857421875 0.26999998092651367
v -16.356521606445312 11.49578857421875 0.26999998092651367
v -16.260818481445312 11.3582763671875 0.26999998092651367
v -16.260818481445312 11.3582763671875 3.7300000190734863
v -16.159255981445312 11.2325439453125 3.7300000190734863
v -16.260818481445312 11.3582763671875 3.7300000190734863
v -16.260818481445312 11.3582763671875 0.26999998092651367
v -16.260818481445312 11.3582763671875 0.26999998092651367
v -16.159255981445312 11.2325439453125 0.26999998092651367
v -16.159255981445312 11.2325439453125 3.7300000190734863
v -16.051834106445312 11.11865234375 3.7300000190734863
v -16.159255981445312 11.2325439453125 3.7300000190734863
v -16.159255981445312 11.2325439453125 0.26999998092651367
v -16.159255981445312 11.2325439453125 0.26999998092651367
v -16.051834106445312 11.11865234375 0.2700002193450928
v -16.051834106445312 11.11865234375 3.7300000190734863
v -15.938552856445312 11.01654052734375 3.7300000190734863
v -16.051834106445312 11.11865234375 3.7300000190734863
v -16.051834106445312 11.11865234375 0.2700002193450928
v -16.051834106445312 11.11865234375 0.2700002193450928
v -15.938552856445312 11.01654052734375 0.2700002193450928
v -15.938552856445312 11.01654052734375 3.7300000190734863
v -15.819900512695312 10.92724609375 3.7300000190734863
v -15.938552856445312 11.01654052734375 3.7300000190734863
v -15.938552856445312 11.01654052734375 0.2700002193450928
v -15.938552856445312 11.01654052734375 0.2700002193450928
v -15.819900512695312 10.92724609375 0.26999998092651367
v -15.819900512695312 10.92724609375 3.7300000190734863
v -15.696121215820312 10.85174560546875 3.7300000190734863
v -15.819900512695312 10.92724609375 3.7300000190734863
v -15.819900512695312 10.92724609375 0.26999998092651367
v -15.819900512695312 10.92724609375 0.26999998092651367
v -15.696121215820312 10.85174560546875 0.26999998092651367
v -15.696121215820312 10.85174560546875 3.7300000190734863
v -15.567703247070312 10.7899169921875 3.7300000190734863
v -15.696121215820312 10.85174560546875 3.7300000190734863
v -15.696121215820312 10.85174560546875 0.26999998092651367
v -15.696121215820312 10.85174560546875 0.26999998092651367
v -15.567703247070312 10.7899169921875 0.2700002193450928
v -15.567703247070312 10.7899169921875 3.7300000190734863
v -15.434402465820312 10.7418212890625 3.7300000190734863
v -15.567703247070312 10.7899169921875 3.7300000190734863
v -15.567703247070312 10.7899169921875 0.2700002193450928
v -15.567703247070312 10.7899169921875 0.2700002193450928
v -15.434402465820312 10.7418212890625 0.26999998092651367
v -15.434402465820312 10.7418212890625 3.7300000190734863
v -15.295974731445312 10.70745849609375 3.7300000190734863
v -15.434402465820312 10.7418212890625 3.7300000190734863
v -15.434402465820312 10.7418212890625 0.26999998092651367
v -15.434402465820312 10.7418212890625 0.26999998092651367
v -15.295974731445312 10.70745849609375 0.2700002193450928
v -15.295974731445312 10.70745849609375 3.7300000190734863
v -15.152908325195312 10.6868896484375 3.7300000190734863
v -15.295974731445312 10.70745849609375 3.7300000190734863
v -15.295974731445312 10.70745849609375 0.2700002193450928
v -15.295974731445312 10.70745849609375 0.2700002193450928
v -15.152908325195312 10.6868896484375 0.26999998092651367
v -15.152908325195312 10.6868896484375 3.7300000190734863
v -15.004714965820312 10.67999267578125 3.7300000190734863
v -15.152908325195312 10.6868896484375 3.7300000190734863
v -15.152908325195312 10.6868896484375 0.26999998092651367
v -15.152908325195312 10.6868896484375 0.26999998092651367
v -15.004714965820312 10.67999267578125 0.26999998092651367
v -15.004714965820312 10.67999267578125 3.7300000190734863
v -14.776931762695312 10.6937255859375 3.7300000190734863
v -15.004714965820312 10.67999267578125 3.7300000190734863
v -15.004714965820312 10.67999267578125 0.26999998092651367
v -15.004714965820312 10.67999267578125 0.26999998092651367
v -14.776931762695312 10.6937255859375 0.26999998092651367
v -14.776931762695312 10.6937255859375 3.7300000190734863
v -14.530349731445312 10.73486328125 3.7300000190734863
v -14.776931762695312 10.6937255859375 3.7300000190734863
v -14.776931762695312 10.6937255859375 0.26999998092651367
v -14.776931762695312 10.6937255859375 0.26999998092651367
v -14.530349731445312 10.73486328125 0.26999998092651367
v -14.530349731445312 10.73486328125 3.7300000190734863
v -14.265213012695312 10.803466796875 3.7300000190734863
v -14.530349731445312 10.73486328125 3.7300000190734863
v -14.530349731445312 10.73486328125 0.26999998092651367
v -14.530349731445312 10.73486328125 0.26999998092651367
v -14.265213012695312 10.803466796875 0.26999998092651367
v -14.265213012695312 10.803466796875 3.7300000190734863
v -13.981765747070312 10.89947509765625 3.7300000190734863
v -14.265213012695312 10.803466796875 3.7300000190734863
v -14.265213012695312 10.803466796875 0.26999998092651367
v -14.265213012695312 10.803466796875 0.26999998092651367
v -13.981765747070312 10.89947509765625 0.2700002193450928
v -13.981765747070312 10.89947509765625 3.7300000190734863
v -13.679519653320312 11.02294921875 3.7300000190734863
v -13.981765747070312 10.89947509765625 3.7300000190734863
v -13.981765747070312 10.89947509765625 0.2700002193450928
v -13.981765747070312 10.89947509765625 0.2700002193450928
v -13.679519653320312 11.02294921875 0.26999998092651367
v -13.679519653320312 11.02294921875 3.7300000190734863
v -13.358474731445312 11.173828125 3.7300000190734863
v -13.679519653320312 11.02294921875 3.7300000190734863
v -13.679519653320312 11.02294921875 0.26999998092651367
v -13.679519653320312 11.02294921875 0.26999998092651367
v -13.358474731445312 11.173828125 0.26999998092651367
v -13.358474731445312 11.173828125 3.7300000190734863
v -13.019119262695312 11.3521728515625 3.7300000190734863
v -13.358474731445312 11.173828125 3.7300000190734863
v -13.358474731445312 11.173828125 0.26999998092651367
v -13.358474731445312 11.173828125 0.26999998092651367
v -13.019119262695312 11.3521728515625 0.26999998092651367
v -13.019119262695312 11.3521728515625 3.7300000190734863
v -12.658035278320312 11.54718017578125 3.7300000190734863
v -13.019119262695312 11.3521728515625 3.7300000190734863
v -13.019119262695312 11.3521728515625 0.26999998092651367
v -13.019119262695312 11.3521728515625 0.26999998092651367
v -12.658035278320312 11.54718017578125 0.26999998092651367
v -12.658035278320312 11.54718017578125 3.7300000190734863
v -12.272781372070312 11.74798583984375 3.7300000190734863
v -12.658035278320312 11.54718017578125 3.7300000190734863
v -12.658035278320312 11.54718017578125 0.26999998092651367
v -12.658035278320312 11.54718017578125 0.26999998092651367
v -12.272781372070312 11.74798583984375 0.26999998092651367
v -12.272781372070312 11.74798583984375 3.7300000190734863
v -11.862869262695312 11.9547119140625 3.7300000190734863
v -12.272781372070312 11.74798583984375 3.7300000190734863
v -12.272781372070312 11.74798583984375 0.26999998092651367
v -12.272781372070312 11.74798583984375 0.26999998092651367
v -11.862869262695312 11.9547119140625 0.26999998092651367
v -11.862869262695312 11.9547119140625 3.7300000190734863
v -11.428787231445312 12.167236328125 3.7300000190734863
v -11.862869262695312 11.9547119140625 3.7300000190734863
v -11.862869262695312 11.9547119140625 0.26999998092651367
v -11.862869262695312 11.9547119140625 0.26999998092651367
v -11.428787231445312 12.167236328125 0.26999998092651367
v -11.428787231445312 12.167236328125 3.7300000190734863
v -10.970291137695312 12.3856201171875 3.7300000190734863
v -11.428787231445312 12.167236328125 3.7300000190734863
v -11.428787231445312 12.167236328125 0.26999998092651367
v -11.428787231445312 12.167236328125 0.26999998092651367
v -10.970291137695312 12.3856201171875 0.26999998092651367
v -10.970291137695312 12.3856201171875 3.7300000190734863
v -10.487136840820312 12.60986328125 3.7300000190734863
v -10.970291137695312 12.3856201171875 3.7300000190734863
v -10.970291137695312 12.3856201171875 0.26999998092651367
v -10.970291137695312 12.3856201171875 0.26999998092651367
v -10.487136840820312 12.60986328125 0.26999998092651367
v -10.487136840820312 12.60986328125 3.7300000190734863
v -9.979812622070312 12.84002685546875 3.7300000190734863
v -10.487136840820312 12.60986328125 3.7300000190734863
v -10.487136840820312 12.60986328125 0.26999998092651367
v -10.487136840820312 12.60986328125 0.26999998092651367
v -9.979812622070312 12.84002685546875 0.26999998092651367
v -9.979812622070312 12.84002685546875 3.7300000190734863
v -9.448806762695312 13.07012939453125 3.7300000190734863
v -9.979812622070312 12.84002685546875 3.7300000190734863
v -9.979812622070312 12.84002685546875 0.26999998092651367
v -9.979812622070312 12.84002685546875 0.26999998092651367
v -9.448806762695312 13.07012939453125 0.26999998092651367
v -9.448806762695312 13.07012939453125 3.7300000190734863
v -8.895584106445312 13.29437255859375 3.7300000190734863
v -9.448806762695312 13.07012939453125 3.7300000190734863
v -9.448806762695312 13.07012939453125 0.26999998092651367
v -9.448806762695312 13.07012939453125 0.26999998092651367
v -8.895584106445312 13.29437255859375 0.26999998092651367
v -8.895584106445312 13.29437255859375 3.7300000190734863
v -8.319656372070312 13.51275634765625 3.7300000190734863
v -8.895584106445312 13.29437255859375 3.7300000190734863
v -8.895584106445312 13.29437255859375 0.26999998092651367
v -8.895584106445312 13.29437255859375 0.26999998092651367
v -8.319656372070312 13.51275634765625 0.26999998092651367
v -8.319656372070312 13.51275634765625 3.7300000190734863
v -7.721512317657471 13.72528076171875 3.7300000190734863
v -8.319656372070312 13.51275634765625 3.7300000190734863
v -8.319656372070312 13.51275634765625 0.26999998092651367
v -8.319656372070312 13.51275634765625 0.26999998092651367
v -7.721512317657471 13.72528076171875 0.26999998092651367
v -7.721512317657471 13.72528076171875 3.7300000190734863
v -7.100662708282471 13.9320068359375 3.7300000190734863
v -7.721512317657471 13.72528076171875 3.7300000190734863
v -7.721512317657471 13.72528076171875 0.26999998092651367
v -7.721512317657471 13.72528076171875 0.26999998092651367
v -7.100662708282471 13.9320068359375 0.26999998092651367
v -7.100662708282471 13.9320068359375 3.7300000190734863
v -6.457596302032471 14.1328125 3.7300000190734863
v -7.100662708282471 13.9320068359375 3.7300000190734863
v -7.100662708282471 13.9320068359375 0.26999998092651367
v -7.100662708282471 13.9320068359375 0.26999998092651367
v -6.457596302032471 14.1328125 0.26999998092651367
v -6.457596302032471 14.1328125 3.7300000190734863
v -5.791824817657471 14.32781982421875 3.7300000190734863
v -6.457596302032471 14.1328125 3.7300000190734863
v -6.457596302032471 14.1328125 0.26999998092651367
v -6.457596302032471 14.1328125 0.26999998092651367
v -5.791824817657471 14.32781982421875 0.26999998092651367
v -5.791824817657471 14.32781982421875 3.7300000190734863
v -5.101883411407471 14.50616455078125 3.7300000190734863
v -5.791824817657471 14.32781982421875 3.7300000190734863
v -5.791824817657471 14.32781982421875 0.26999998092651367
v -5.791824817657471 14.32781982421875 0.26999998092651367
v -5.101883411407471 14.50616455078125 0.26999998092651367
v -5.101883411407471 14.50616455078125 3.7300000190734863
v -4.385330677032471 14.65704345703125 3.7300000190734863
v -5.101883411407471 14.50616455078125 3.7300000190734863
v -5.101883411407471 14.50616455078125 0.26999998092651367
v -5.101883411407471 14.50616455078125 0.26999998092651367
v -4.385330677032471 14.65704345703125 0.26999998092651367
v -4.385330677032471 14.65704345703125 3.7300000190734863
v -3.6426546573638916 14.780517578125 3.7300000190734863
v -4.385330677032471 14.65704345703125 3.7300000190734863
v -4.385330677032471 14.65704345703125 0.26999998092651367
v -4.385330677032471 14.65704345703125 0.26999998092651367
v -3.6426546573638916 14.780517578125 0.26999998092651367
v -3.6426546573638916 14.780517578125 3.7300000190734863
v -2.8736116886138916 14.87652587890625 3.7300000190734863
v -3.6426546573638916 14.780517578125 3.7300000190734863
v -3.6426546573638916 14.780517578125 0.26999998092651367
v -3.6426546573638916 14.780517578125 0.26999998092651367
v -2.8736116886138916 14.87652587890625 0.26999998092651367
v -2.8736116886138916 14.87652587890625 3.7300000190734863
v -2.0779573917388916 14.94512939453125 3.7300000190734863
v -2.8736116886138916 14.87652587890625 3.7300000190734863
v -2.8736116886138916 14.87652587890625 0.26999998092651367
v -2.8736116886138916 14.87652587890625 0.26999998092651367
v -2.0779573917388916 14.94512939453125 0.26999998092651367
v -2.0779573917388916 14.94512939453125 3.7300000190734863
v -1.2561800479888916 14.98626708984375 3.7300000190734863
v -2.0779573917388916 14.94512939453125 3.7300000190734863
v -2.0779573917388916 14.94512939453125 0.26999998092651367
v -2.0779573917388916 14.94512939453125 0.26999998092651367
v -1.2561800479888916 14.98626708984375 0.26999998092651367
v -1.2561800479888916 14.98626708984375 3.7300000190734863
v -0.407791405916214 15.0 3.7300000190734863
v -1.2561800479888916 14.98626708984375 3.7300000190734863
v -1.2561800479888916 14.98626708984375 0.26999998092651367
v -1.2561800479888916 14.98626708984375 0.26999998092651367
v -0.407791405916214 15.0 0.26999998092651367
v -0.407791405916214 15.0 3.7300000190734863
v 0.233321875333786 14.99017333984375 3.7300000190734863
v -0.407791405916214 15.0 3.7300000190734863
v -0.407791405916214 15.0 0.26999998092651367
v -0.407791405916214 15.0 0.26999998092651367
v 0.233321875333786 14.99017333984375 0.26999998092651367
v 0.233321875333786 14.99017333984375 3.7300000190734863
v 0.8441616892814636 14.9605712890625 3.7300000190734863
v 0.233321875333786 14.99017333984375 3.7300000190734863
v 0.233321875333786 14.99017333984375 0.26999998092651367
v 0.233321875333786 14.99017333984375 0.26999998092651367
v 0.8441616892814636 14.9605712890625 0.26999998092651367
v 0.8441616892814636 14.9605712890625 3.7300000190734863
v 1.4249722957611084 14.91131591796875 3.7300000190734863
v 0.8441616892814636 14.9605712890625 3.7300000190734863
v 0.8441616892814636 14.9605712890625 0.26999998092651367
v 0.8441616892814636 14.9605712890625 0.26999998092651367
v 1.4249722957611084 14.91131591796875 0.26999998092651367
v 1.4249722957611084 14.91131591796875 3.7300000190734863
v 1.9752652645111084 14.84234619140625 3.7300000190734863
v 1.4249722957611084 14.91131591796875 3.7300000190734863
v 1.4249722957611084 14.91131591796875 0.26999998092651367
v 1.4249722957611084 14.91131591796875 0.26999998092651367
v 1.9752652645111084 14.84234619140625 0.26999998092651367
v 1.9752652645111084 14.84234619140625 3.7300000190734863
v 2.4955289363861084 14.753662109375 3.7300000190734863
v 1.9752652645111084 14.84234619140625 3.7300000190734863
v 1.9752652645111084 14.84234619140625 0.26999998092651367
v 1.9752652645111084 14.84234619140625 0.26999998092651367
v 2.4955289363861084 14.753662109375 0.26999998092651367
v 2.4955289363861084 14.753662109375 3.7300000190734863
v 2.9855191707611084 14.645263671875 3.7300000190734863
v 2.4955289363861084 14.753662109375 3.7300000190734863
v 2.4955289363861084 14.753662109375 0.26999998092651367
v 2.4955289363861084 14.753662109375 0.26999998092651367
v 2.9855191707611084 14.645263671875 0.26999998092651367
v 2.9855191707611084 14.645263671875 3.7300000190734863
v 3.4452359676361084 14.5172119140625 3.7300000190734863
v 2.9855191707611084 14.645263671875 3.7300000190734863
v 2.9855191707611084 14.645263671875 0.26999998092651367
v 2.9855191707611084 14.645263671875 0.26999998092651367
v 3.4452359676361084 14.5172119140625 0.26999998092651367
v 3.4452359676361084 14.5172119140625 3.7300000190734863
v 3.8771207332611084 14.36834716796875 3.7300000190734863
v 3.4452359676361084 14.5172119140625 3.7300000190734863
v 3.4452359676361084 14.5172119140625 0.26999998092651367
v 3.4452359676361084 14.5172119140625 0.26999998092651367
v 3.8771207332611084 14.36834716796875 0.26999998092651367
v 3.8771207332611084 14.36834716796875 3.7300000190734863
v 4.283614635467529 14.19781494140625 3.7300000190734863
v 3.8771207332611084 14.36834716796875 3.7300000190734863
v 3.8771207332611084 14.36834716796875 0.26999998092651367
v 3.8771207332611084 14.36834716796875 0.26999998092651367
v 4.283614635467529 14.19781494140625 0.26999998092651367
v 4.283614635467529 14.19781494140625 3.7300000190734863
v 4.664718151092529 14.00555419921875 3.7300000190734863
v 4.283614635467529 14.19781494140625 3.7300000190734863
v 4.283614635467529 14.19781494140625 0.26999998092651367
v 4.283614635467529 14.19781494140625 0.26999998092651367
v 4.664718151092529 14.00555419921875 0.26999998092651367
v 4.664718151092529 14.00555419921875 3.7300000190734863
v 5.020186901092529 13.79150390625 3.7300000190734863
v 4.664718151092529 14.00555419921875 3.7300000190734863
v 4.664718151092529 14.00555419921875 0.26999998092651367
v 4.664718151092529 14.00555419921875 0.26999998092651367
v 5.020186901092529 13.79150390625 0.26999998092651367
v 5.020186901092529 13.79150390625 3.7300000190734863
v 5.350509166717529 13.5557861328125 3.7300000190734863
v 5.020186901092529 13.79150390625 3.7300000190734863
v 5.020186901092529 13.79150390625 0.26999998092651367
v 5.020186901092529 13.79150390625 0.26999998092651367
v 5.350509166717529 13.5557861328125 0.26999998092651367
v 5.350509166717529 13.5557861328125 3.7300000190734863
v 5.655196666717529 13.29827880859375 3.7300000190734863
v 5.350509166717529 13.5557861328125 3.7300000190734863
v 5.350509166717529 13.5557861328125 0.26999998092651367
v 5.350509166717529 13.5557861328125 0.26999998092651367
v 5.655196666717529 13.29827880859375 0.26999998092651367
v 5.655196666717529 13.29827880859375 3.7300000190734863
v 5.934249401092529 13.01904296875 3.7300000190734863
v 5.655196666717529 13.29827880859375 3.7300000190734863
v 5.655196666717529 13.29827880859375 0.26999998092651367
v 5.655196666717529 13.29827880859375 0.26999998092651367
v 5.934249401092529 13.01904296875 0.26999998092651367
v 5.934249401092529 13.01904296875 3.7300000190734863
v 6.190108776092529 12.7186279296875 3.7300000190734863
v 5.934249401092529 13.01904296875 3.7300000190734863
v 5.934249401092529 13.01904296875 0.26999998092651367
v 5.934249401092529 13.01904296875 0.26999998092651367
v 6.190108776092529 12.7186279296875 0.26999998092651367
v 6.190108776092529 12.7186279296875 3.7300000190734863
v 6.424483776092529 12.3974609375 3.7300000190734863
v 6.190108776092529 12.7186279296875 3.7300000190734863
v 6.190108776092529 12.7186279296875 0.26999998092651367
v 6.190108776092529 12.7186279296875 0.26999998092651367
v 6.424483776092529 12.3974609375 0.26999998092651367
v 6.424483776092529 12.3974609375 3.7300000190734863
v 6.637374401092529 12.0556640625 3.7300000190734863
v 6.424483776092529 12.3974609375 3.7300000190734863
v 6.424483776092529 12.3974609375 0.26999998092651367
v 6.424483776092529 12.3974609375 0.26999998092651367
v 6.637374401092529 12.0556640625 0.26999998092651367
v 6.637374401092529 12.0556640625 3.7300000190734863
v 6.828780651092529 11.693115234375 3.7300000190734863
v 6.637374401092529 12.0556640625 3.7300000190734863
v 6.637374401092529 12.0556640625 0.26999998092651367
v 6.637374401092529 12.0556640625 0.26999998092651367
v 6.828780651092529 11.693115234375 0.26999998092651367
v 6.828780651092529 11.693115234375 3.7300000190734863
v 6.998702526092529 11.30987548828125 3.7300000190734863
v 6.828780651092529 11.693115234375 3.7300000190734863
v 6.828780651092529 11.693115234375 0.26999998092651367
v 6.828780651092529 11.693115234375 0.26999998092651367
v 6.998702526092529 11.30987548828125 0.26999998092651367
v 6.998702526092529 11.30987548828125 3.7300000190734863
v 7.147140026092529 10.9058837890625 3.7300000190734863
v 6.998702526092529 11.30987548828125 3.7300000190734863
v 6.998702526092529 11.30987548828125 0.26999998092651367
v 6.998702526092529 11.30987548828125 0.26999998092651367
v 7.147140026092529 10.9058837890625 0.26999998092651367
v 7.147140026092529 10.9058837890625 3.7300000190734863
v 7.274093151092529 10.48126220703125 3.7300000190734863
v 7.147140026092529 10.9058837890625 3.7300000190734863
v 7.147140026092529 10.9058837890625 0.26999998092651367
v 7.147140026092529 10.9058837890625 0.26999998092651367
v 7.274093151092529 10.48126220703125 0.26999998092651367
v 7.274093151092529 10.48126220703125 3.7300000190734863
v 7.382003307342529 10.03594970703125 3.7300000190734863
v 7.274093151092529 10.48126220703125 3.7300000190734863
v 7.274093151092529 10.48126220703125 0.26999998092651367
v 7.274093151092529 10.48126220703125 0.26999998092651367
v 7.382003307342529 10.03594970703125 0.26999998092651367
v 7.382003307342529 10.03594970703125 3.7300000190734863
v 7.473311901092529 9.5699462890625 3.7300000190734863
v 7.382003307342529 10.03594970703125 3.7300000190734863
v 7.382003307342529 10.03594970703125 0.26999998092651367
v 7.382003307342529 10.03594970703125 0.26999998092651367
v 7.473311901092529 9.5699462890625 0.26999998092651367
v 7.473311901092529 9.5699462890625 3.7300000190734863
v 7.548018932342529 9.083251953125 3.7300000190734863
v 7.473311901092529 9.5699462890625 3.7300000190734863
v 7.473311901092529 9.5699462890625 0.26999998092651367
v 7.473311901092529 9.5699462890625 0.26999998092651367
v 7.548018932342529 9.083251953125 0.26999998092651367
v 7.548018932342529 9.083251953125 3.7300000190734863
v 7.606124401092529 8.575927734375 3.7300000190734863
v 7.548018932342529 9.083251953125 3.7300000190734863
v 7.548018932342529 9.083251953125 0.26999998092651367
v 7.548018932342529 9.083251953125 0.26999998092651367
v 7.606124401092529 8.575927734375 0.26999998092651367
v 7.606124401092529 8.575927734375 3.7300000190734863
v 7.647628307342529 8.0479736328125 3.7300000190734863
v 7.606124401092529 8.575927734375 3.7300000190734863
v 7.606124401092529 8.575927734375 0.26999998092651367
v 7.606124401092529 8.575927734375 0.26999998092651367
v 7.647628307342529 8.0479736328125 0.26999998092651367
v 7.647628307342529 8.0479736328125 3.7300000190734863
v 7.672530651092529 7.49932861328125 3.7300000190734863
v 7.647628307342529 8.0479736328125 3.7300000190734863
v 7.647628307342529 8.0479736328125 0.26999998092651367
v 7.647628307342529 8.0479736328125 0.26999998092651367
v 7.672530651092529 7.49932861328125 0.26999998092651367
v 7.672530651092529 7.49932861328125 3.7300000190734863
v 7.680831432342529 6.92999267578125 3.7300000190734863
v 7.672530651092529 7.49932861328125 3.7300000190734863
v 7.672530651092529 7.49932861328125 0.26999998092651367
v 7.672530651092529 7.49932861328125 0.26999998092651367
v 7.680831432342529 6.92999267578125 0.26999998092651367
v 7.680831432342529 6.92999267578125 3.7300000190734863
v 7.680831432342529 4.59002685546875 3.7300000190734863
v 7.680831432342529 6.92999267578125 3.7300000190734863
v 7.680831432342529 6.92999267578125 0.26999998092651367
v 7.680831432342529 6.92999267578125 0.26999998092651367
v 7.680831432342529 4.59002685546875 0.26999998092651367
v 7.680831432342529 4.59002685546875 3.7300000190734863
v 7.811934947967529 4.21728515625 4.0
v 7.943038463592529 4.3846435546875 4.0
v 7.746505260467529 4.53863525390625 3.932499885559082
v 7.746505260467529 4.53863525390625 3.932499885559082
v 7.679854869842529 4.32806396484375 3.932499885559082
v 7.811934947967529 4.21728515625 4.0
v 9.557296752929688 -18.11480712890625 3.932499885559082
v 9.397872924804688 -18.1746826171875 3.932499885559082
v 9.366867065429688 -18.288330078125 3.7300000190734863
v 9.366867065429688 -18.288330078125 3.7300000190734863
v 9.508712768554688 -18.2113037109375 3.7300000190734863
v 9.557296752929688 -18.11480712890625 3.932499885559082
v 7.699874401092529 -10.54656982421875 3.932499885559082
v 7.560225963592529 -10.73724365234375 3.932499885559082
v 7.745772838592529 -10.78460693359375 4.0
v 7.745772838592529 -10.78460693359375 4.0
v 7.848311901092529 -10.65435791015625 4.0
v 7.699874401092529 -10.54656982421875 3.932499885559082
v 7.680343151092529 -3.2337646484375 3.932499885559082
v 7.813643932342529 -3.080078125 4.0
v 7.680831432342529 -2.969970703125 4.0
v 7.680831432342529 -2.969970703125 4.0
v 7.478438854217529 -3.1724853515625 3.932499885559082
v 7.680343151092529 -3.2337646484375 3.932499885559082
v 7.679854869842529 4.32806396484375 0.06750011444091797
v 7.613448619842529 4.38751220703125 0.26999998092651367
v 7.680831432342529 4.59002685546875 0.26999998092651367
v 7.680831432342529 4.59002685546875 0.26999998092651367
v 7.746505260467529 4.53863525390625 0.06750011444091797
v 7.679854869842529 4.32806396484375 0.06750011444091797
v 9.557296752929688 -18.11480712890625 0.06750011444091797
v 9.508712768554688 -18.2113037109375 0.26999998092651367
v 9.366867065429688 -18.288330078125 0.26999998092651367
v 9.366867065429688 -18.288330078125 0.26999998092651367
v 9.397872924804688 -18.1746826171875 0.06750011444091797
v 9.557296752929688 -18.11480712890625 0.06750011444091797
v 7.635177135467529 -10.5047607421875 0.2700002193450928
v 7.680831432342529 -10.25250244140625 0.2700002193450928
v 7.748458385467529 -10.32037353515625 0.06750011444091797
v 7.748458385467529 -10.32037353515625 0.06750011444091797
v 7.699874401092529 -10.54656982421875 0.06750011444091797
v 7.635177135467529 -10.5047607421875 0.2700002193450928
v 7.613448619842529 -3.3074951171875 0.26999998092651367
v 7.410811901092529 -3.239990234375 0.26999998092651367
v 7.478438854217529 -3.1724853515625 0.06750011444091797
v 7.478438854217529 -3.1724853515625 0.06750011444091797
v 7.680343151092529 -3.2337646484375 0.06750011444091797
v 7.613448619842529 -3.3074951171875 0.26999998092651367
v 10.117599487304688 -22.63055419921875 3.932499885559082
v 10.190353393554688 -22.529541015625 4.0
v 10.072677612304688 -22.44329833984375 4.0
v 10.072677612304688 -22.44329833984375 4.0
v 9.991622924804688 -22.5301513671875 3.932499885559082
v 10.117599487304688 -22.63055419921875 3.932499885559082
v 10.267501831054688 -22.721435546875 3.932499885559082
v 10.333908081054688 -22.603759765625 4.0
v 10.190353393554688 -22.529541015625 4.0
v 10.190353393554688 -22.529541015625 4.0
v 10.117599487304688 -22.63055419921875 3.932499885559082
v 10.267501831054688 -22.721435546875 3.932499885559082
v 10.441085815429688 -22.803466796875 3.932499885559082
v 10.501144409179688 -22.66900634765625 4.0
v 10.333908081054688 -22.603759765625 4.0
v 10.333908081054688 -22.603759765625 4.0
v 10.267501831054688 -22.721435546875 3.932499885559082
v 10.441085815429688 -22.803466796875 3.932499885559082
v 10.638351440429688 -22.87664794921875 3.932499885559082
v 10.692062377929688 -22.72515869140625 4.0
v 10.501144409179688 -22.66900634765625 4.0
v 10.501144409179688 -22.66900634765625 4.0
v 10.441085815429688 -22.803466796875 3.932499885559082
v 10.638351440429688 -22.87664794921875 3.932499885559082
v 10.859054565429688 -22.94110107421875 3.932499885559082
v 10.906417846679688 -22.77239990234375 4.0
v 10.692062377929688 -22.72515869140625 4.0
v 10.692062377929688 -22.72515869140625 4.0
v 10.638351440429688 -22.87664794921875 3.932499885559082
v 10.859054565429688 -22.94110107421875 3.932499885559082
v 11.103439331054688 -22.9967041015625 3.932499885559082
v 11.144699096679688 -22.81072998046875 4.0
v 10.906417846679688 -22.77239990234375 4.0
v 10.906417846679688 -22.77239990234375 4.0
v 10.859054565429688 -22.94110107421875 3.932499885559082
v 11.103439331054688 -22.9967041015625 3.932499885559082
v 11.371017456054688 -23.044677734375 3.932499885559082
v 11.404953002929688 -22.84503173828125 4.0
v 11.144699096679688 -22.81072998046875 4.0
v 11.144699096679688 -22.81072998046875 4.0
v 11.103439331054688 -22.9967041015625 3.932499885559082
v 11.371017456054688 -23.044677734375 3.932499885559082
v 11.699386596679688 -22.88812255859375 4.0
v 11.404953002929688 -22.84503173828125 4.0
v 11.371017456054688 -23.044677734375 3.932499885559082
v 11.371017456054688 -23.044677734375 3.932499885559082
v 11.673995971679688 -23.08905029296875 3.932499885559082
v 11.699386596679688 -22.88812255859375 4.0
v 12.044113159179688 -22.92498779296875 4.0
v 11.699386596679688 -22.88812255859375 4.0
v 11.673995971679688 -23.08905029296875 3.932499885559082
v 11.673995971679688 -23.08905029296875 3.932499885559082
v 12.025558471679688 -23.126708984375 3.932499885559082
v 12.044113159179688 -22.92498779296875 4.0
v 12.438888549804688 -22.9554443359375 4.0
v 12.044113159179688 -22.92498779296875 4.0
v 12.025558471679688 -23.126708984375 3.932499885559082
v 12.025558471679688 -23.126708984375 3.932499885559082
v 12.425704956054688 -23.15753173828125 3.932499885559082
v 12.438888549804688 -22.9554443359375 4.0
v 12.883224487304688 -22.979248046875 4.0
v 12.438888549804688 -22.9554443359375 4.0
v 12.425704956054688 -23.15753173828125 3.932499885559082
v 12.425704956054688 -23.15753173828125 3.932499885559082
v 12.874191284179688 -23.18157958984375 3.932499885559082
v 12.883224487304688 -22.979248046875 4.0
v 13.376632690429688 -22.996337890625 4.0
v 12.883224487304688 -22.979248046875 4.0
v 12.874191284179688 -23.18157958984375 3.932499885559082
v 12.874191284179688 -23.18157958984375 3.932499885559082
v 13.371261596679688 -23.19873046875 3.932499885559082
v 13.376632690429688 -22.996337890625 4.0
v 13.918869018554688 -23.006591796875 4.0
v 13.376632690429688 -22.996337890625 4.0
v 13.371261596679688 -23.19873046875 3.932499885559082
v 13.371261596679688 -23.19873046875 3.932499885559082
v 13.916183471679688 -23.20904541015625 3.932499885559082
v 13.918869018554688 -23.006591796875 4.0
v 14.509689331054688 -23.010009765625 4.0
v 13.918869018554688 -23.006591796875 4.0
v 13.916183471679688 -23.20904541015625 3.932499885559082
v 13.916183471679688 -23.20904541015625 3.932499885559082
v 14.509689331054688 -23.2125244140625 3.932499885559082
v 14.509689331054688 -23.010009765625 4.0
v 15.063400268554688 -23.006591796875 4.0
v 14.509689331054688 -23.010009765625 4.0
v 14.509689331054688 -23.2125244140625 3.932499885559082
v 14.509689331054688 -23.2125244140625 3.932499885559082
v 15.066085815429688 -23.2091064453125 3.932499885559082
v 15.063400268554688 -23.006591796875 4.0
v 15.576583862304688 -22.99639892578125 4.0
v 15.063400268554688 -23.006591796875 4.0
v 15.066085815429688 -23.2091064453125 3.932499885559082
v 15.066085815429688 -23.2091064453125 3.932499885559082
v 15.582199096679688 -23.1988525390625 3.932499885559082
v 15.576583862304688 -22.99639892578125 4.0
v 16.048507690429688 -22.97943115234375 4.0
v 15.576583862304688 -22.99639892578125 4.0
v 15.582199096679688 -23.1988525390625 3.932499885559082
v 15.582199096679688 -23.1988525390625 3.932499885559082
v 16.057785034179688 -23.1817626953125 3.932499885559082
v 16.048507690429688 -22.97943115234375 4.0
v 16.479415893554688 -22.95574951171875 4.0
v 16.048507690429688 -22.97943115234375 4.0
v 16.057785034179688 -23.1817626953125 3.932499885559082
v 16.057785034179688 -23.1817626953125 3.932499885559082
v 16.492843627929688 -23.1578369140625 3.932499885559082
v 16.479415893554688 -22.95574951171875 4.0
v 16.868820190429688 -22.92547607421875 4.0
v 16.479415893554688 -22.95574951171875 4.0
v 16.492843627929688 -23.1578369140625 3.932499885559082
v 16.492843627929688 -23.1578369140625 3.932499885559082
v 16.887374877929688 -23.12713623046875 3.932499885559082
v 16.868820190429688 -22.92547607421875 4.0
v 17.216232299804688 -22.88873291015625 4.0
v 16.868820190429688 -22.92547607421875 4.0
v 16.887374877929688 -23.12713623046875 3.932499885559082
v 16.887374877929688 -23.12713623046875 3.932499885559082
v 17.241134643554688 -23.0897216796875 3.932499885559082
v 17.216232299804688 -22.88873291015625 4.0
v 17.521652221679688 -22.84564208984375 4.0
v 17.216232299804688 -22.88873291015625 4.0
v 17.241134643554688 -23.0897216796875 3.932499885559082
v 17.241134643554688 -23.0897216796875 3.932499885559082
v 17.554122924804688 -23.0455322265625 3.932499885559082
v 17.521652221679688 -22.84564208984375 4.0
v 17.794113159179688 -22.796875 4.0
v 17.521652221679688 -22.84564208984375 4.0
v 17.554122924804688 -23.0455322265625 3.932499885559082
v 17.554122924804688 -23.0455322265625 3.932499885559082
v 17.835372924804688 -22.99407958984375 3.932499885559082
v 17.794113159179688 -22.796875 4.0
v 18.047286987304688 -22.75787353515625 4.0
v 17.794113159179688 -22.796875 4.0
v 17.835372924804688 -22.99407958984375 3.932499885559082
v 17.835372924804688 -22.99407958984375 3.932499885559082
v 18.094894409179688 -22.9384765625 3.932499885559082
v 18.047286987304688 -22.75787353515625 4.0
v 18.277999877929688 -22.70989990234375 4.0
v 18.047286987304688 -22.75787353515625 4.0
v 18.094894409179688 -22.9384765625 3.932499885559082
v 18.094894409179688 -22.9384765625 3.932499885559082
v 18.331710815429688 -22.8740234375 3.932499885559082
v 18.277999877929688 -22.70989990234375 4.0
v 18.486007690429688 -22.65301513671875 4.0
v 18.277999877929688 -22.70989990234375 4.0
v 18.331710815429688 -22.8740234375 3.932499885559082
v 18.331710815429688 -22.8740234375 3.932499885559082
v 18.546066284179688 -22.80072021484375 3.932499885559082
v 18.486007690429688 -22.65301513671875 4.0
v 18.671310424804688 -22.58709716796875 4.0
v 18.486007690429688 -22.65301513671875 4.0
v 18.546066284179688 -22.80072021484375 3.932499885559082
v 18.546066284179688 -22.80072021484375 3.932499885559082
v 18.737716674804688 -22.7186279296875 3.932499885559082
v 18.671310424804688 -22.58709716796875 4.0
v 18.833908081054688 -22.51214599609375 4.0
v 18.671310424804688 -22.58709716796875 4.0
v 18.737716674804688 -22.7186279296875 3.932499885559082
v 18.737716674804688 -22.7186279296875 3.932499885559082
v 18.906906127929688 -22.62762451171875 3.932499885559082
v 18.833908081054688 -22.51214599609375 4.0
v 18.972335815429688 -22.4266357421875 4.0
v 18.833908081054688 -22.51214599609375 4.0
v 18.906906127929688 -22.62762451171875 3.932499885559082
v 18.906906127929688 -22.62762451171875 3.932499885559082
v 19.053146362304688 -22.52734375 3.932499885559082
v 18.972335815429688 -22.4266357421875 4.0
v 19.087814331054688 -22.32940673828125 4.0
v 18.972335815429688 -22.4266357421875 4.0
v 19.053146362304688 -22.52734375 3.932499885559082
v 19.053146362304688 -22.52734375 3.932499885559082
v 19.177658081054688 -22.41650390625 3.932499885559082
v 19.087814331054688 -22.32940673828125 4.0
v 19.183029174804688 -22.22064208984375 4.0
v 19.087814331054688 -22.32940673828125 4.0
v 19.177658081054688 -22.41650390625 3.932499885559082
v 19.177658081054688 -22.41650390625 3.932499885559082
v 19.282394409179688 -22.2939453125 3.932499885559082
v 19.183029174804688 -22.22064208984375 4.0
v 19.259201049804688 -22.10089111328125 4.0
v 19.183029174804688 -22.22064208984375 4.0
v 19.282394409179688 -22.2939453125 3.932499885559082
v 19.282394409179688 -22.2939453125 3.932499885559082
v 19.367599487304688 -22.1597900390625 3.932499885559082
v 19.259201049804688 -22.10089111328125 4.0
v 19.317550659179688 -21.9703369140625 4.0
v 19.259201049804688 -22.10089111328125 4.0
v 19.367599487304688 -22.1597900390625 3.932499885559082
v 19.367599487304688 -22.1597900390625 3.932499885559082
v 19.433761596679688 -22.01416015625 3.932499885559082
v 19.317550659179688 -21.9703369140625 4.0
v 19.480392456054688 -21.85662841796875 3.932499885559082
v 19.356369018554688 -21.82757568359375 4.0
v 19.317550659179688 -21.9703369140625 4.0
v 19.317550659179688 -21.9703369140625 4.0
v 19.433761596679688 -22.01416015625 3.932499885559082
v 19.480392456054688 -21.85662841796875 3.932499885559082
v 19.507247924804688 -21.68731689453125 3.932499885559082
v 19.375411987304688 -21.6727294921875 4.0
v 19.356369018554688 -21.82757568359375 4.0
v 19.356369018554688 -21.82757568359375 4.0
v 19.480392456054688 -21.85662841796875 3.932499885559082
v 19.507247924804688 -21.68731689453125 3.932499885559082
v 19.514328002929688 -21.5050048828125 3.932499885559082
v 19.374679565429688 -21.5013427734375 4.0
v 19.375411987304688 -21.6727294921875 4.0
v 19.375411987304688 -21.6727294921875 4.0
v 19.507247924804688 -21.68731689453125 3.932499885559082
v 19.514328002929688 -21.5050048828125 3.932499885559082
v 19.295089721679688 -16.37109375 4.0
v 19.374679565429688 -21.5013427734375 4.0
v 19.514328002929688 -21.5050048828125 3.932499885559082
v 19.514328002929688 -21.5050048828125 3.932499885559082
v 19.494552612304688 -16.33575439453125 3.932499885559082
v 19.295089721679688 -16.37109375 4.0
v 9.741867065429688 -21.50018310546875 4.0
v 9.821701049804688 -18.04852294921875 4.0
v 9.622482299804688 -18.286376953125 3.932499885559082
v 9.622482299804688 -18.286376953125 3.932499885559082
v 9.602462768554688 -21.50335693359375 3.932499885559082
v 9.741867065429688 -21.50018310546875 4.0
v 9.739425659179688 -21.673828125 4.0
v 9.741867065429688 -21.50018310546875 4.0
v 9.602462768554688 -21.50335693359375 3.932499885559082
v 9.602462768554688 -21.50335693359375 3.932499885559082
v 9.608078002929688 -21.6861572265625 3.932499885559082
v 9.739425659179688 -21.673828125 4.0
v 9.753829956054688 -21.83160400390625 4.0
v 9.739425659179688 -21.673828125 4.0
v 9.608078002929688 -21.6861572265625 3.932499885559082
v 9.608078002929688 -21.6861572265625 3.932499885559082
v 9.630294799804688 -21.85626220703125 3.932499885559082
v 9.753829956054688 -21.83160400390625 4.0
v 9.784835815429688 -21.97747802734375 4.0
v 9.753829956054688 -21.83160400390625 4.0
v 9.630294799804688 -21.85626220703125 3.932499885559082
v 9.630294799804688 -21.85626220703125 3.932499885559082
v 9.669357299804688 -22.0145263671875 3.932499885559082
v 9.784835815429688 -21.97747802734375 4.0
v 9.832687377929688 -22.111328125 4.0
v 9.784835815429688 -21.97747802734375 4.0
v 9.669357299804688 -22.0145263671875 3.932499885559082
v 9.669357299804688 -22.0145263671875 3.932499885559082
v 9.725265502929688 -22.1610107421875 3.932499885559082
v 9.832687377929688 -22.111328125 4.0
v 9.897384643554688 -22.233154296875 4.0
v 9.832687377929688 -22.111328125 4.0
v 9.725265502929688 -22.1610107421875 3.932499885559082
v 9.725265502929688 -22.1610107421875 3.932499885559082
v 9.797775268554688 -22.295654296875 3.932499885559082
v 9.897384643554688 -22.233154296875 4.0
v 10.072677612304688 -22.44329833984375 4.0
v 9.977218627929688 -22.3438720703125 4.0
v 9.886398315429688 -22.418701171875 3.932499885559082
v 9.886398315429688 -22.418701171875 3.932499885559082
v 9.991622924804688 -22.5301513671875 3.932499885559082
v 10.072677612304688 -22.44329833984375 4.0
v 9.977218627929688 -22.3438720703125 4.0
v 9.897384643554688 -22.233154296875 4.0
v 9.797775268554688 -22.295654296875 3.932499885559082
v 9.797775268554688 -22.295654296875 3.932499885559082
v 9.886398315429688 -22.418701171875 3.932499885559082
v 9.977218627929688 -22.3438720703125 4.0
v -11.690505981445312 -22.40936279296875 4.0
v -12.414138793945312 -22.0745849609375 4.0
v -12.504226684570312 -22.2559814453125 3.932499885559082
v -12.504226684570312 -22.2559814453125 3.932499885559082
v -11.770584106445312 -22.595458984375 3.932499885559082
v -11.690505981445312 -22.40936279296875 4.0
v -10.935623168945312 -22.70989990234375 4.0
v -11.690505981445312 -22.40936279296875 4.0
v -11.770584106445312 -22.595458984375 3.932499885559082
v -11.770584106445312 -22.595458984375 3.932499885559082
v -11.005447387695312 -22.89996337890625 3.932499885559082
v -10.935623168945312 -22.70989990234375 4.0
v -10.148757934570312 -22.9761962890625 4.0
v -10.935623168945312 -22.70989990234375 4.0
v -11.005447387695312 -22.89996337890625 3.932499885559082
v -11.005447387695312 -22.89996337890625 3.932499885559082
v -10.209060668945312 -23.16961669921875 3.932499885559082
v -10.148757934570312 -22.9761962890625 4.0
v -9.334793090820312 -23.2076416015625 4.0
v -10.148757934570312 -22.9761962890625 4.0
v -10.209060668945312 -23.16961669921875 3.932499885559082
v -10.209060668945312 -23.16961669921875 3.932499885559082
v -9.385574340820312 -23.40374755859375 3.932499885559082
v -9.334793090820312 -23.2076416015625 4.0
v -8.497879028320312 -23.4036865234375 4.0
v -9.334793090820312 -23.2076416015625 4.0
v -9.385574340820312 -23.40374755859375 3.932499885559082
v -9.385574340820312 -23.40374755859375 3.932499885559082
v -8.539382934570312 -23.6019287109375 3.932499885559082
v -8.497879028320312 -23.4036865234375 4.0
v -7.638016223907471 -23.564208984375 4.0
v -8.497879028320312 -23.4036865234375 4.0
v -8.539382934570312 -23.6019287109375 3.932499885559082
v -8.539382934570312 -23.6019287109375 3.932499885559082
v -7.670731067657471 -23.76409912109375 3.932499885559082
v -7.638016223907471 -23.564208984375 4.0
v -6.755447864532471 -23.68914794921875 4.0
v -7.638016223907471 -23.564208984375 4.0
v -7.670731067657471 -23.76409912109375 3.932499885559082
v -7.670731067657471 -23.76409912109375 3.932499885559082
v -6.779617786407471 -23.8902587890625 3.932499885559082
v -6.755447864532471 -23.68914794921875 4.0
v -5.849930286407471 -23.7784423828125 4.0
v -6.755447864532471 -23.68914794921875 4.0
v -6.779617786407471 -23.8902587890625 3.932499885559082
v -6.779617786407471 -23.8902587890625 3.932499885559082
v -5.865799427032471 -23.9803466796875 3.932499885559082
v -5.849930286407471 -23.7784423828125 4.0
v -4.921707630157471 -23.83209228515625 4.0
v -5.849930286407471 -23.7784423828125 4.0
v -5.865799427032471 -23.9803466796875 3.932499885559082
v -5.865799427032471 -23.9803466796875 3.932499885559082
v -4.929275989532471 -24.03448486328125 3.932499885559082
v -4.921707630157471 -23.83209228515625 4.0
v -3.9715120792388916 -23.84991455078125 4.0
v -4.921707630157471 -23.83209228515625 4.0
v -4.929275989532471 -24.03448486328125 3.932499885559082
v -4.929275989532471 -24.03448486328125 3.932499885559082
v -3.9707796573638916 -24.052490234375 3.932499885559082
v -3.9715120792388916 -23.84991455078125 4.0
v -2.8223421573638916 -23.8177490234375 4.0
v -3.9715120792388916 -23.84991455078125 4.0
v -3.9707796573638916 -24.052490234375 3.932499885559082
v -3.9707796573638916 -24.052490234375 3.932499885559082
v -2.8108675479888916 -24.02001953125 3.932499885559082
v -2.8223421573638916 -23.8177490234375 4.0
v -1.7051546573638916 -23.72137451171875 4.0
v -2.8223421573638916 -23.8177490234375 4.0
v -2.8108675479888916 -24.02001953125 3.932499885559082
v -2.8108675479888916 -24.02001953125 3.932499885559082
v -1.6817171573638916 -23.922607421875 3.932499885559082
v -1.7051546573638916 -23.72137451171875 4.0
v -0.6189730763435364 -23.5609130859375 4.0
v -1.7051546573638916 -23.72137451171875 4.0
v -1.6817171573638916 -23.922607421875 3.932499885559082
v -1.6817171573638916 -23.922607421875 3.932499885559082
v -0.5830844044685364 -23.76031494140625 3.932499885559082
v -0.6189730763435364 -23.5609130859375 4.0
v 0.436446875333786 -23.33642578125 4.0
v -0.6189730763435364 -23.5609130859375 4.0
v -0.5830844044685364 -23.76031494140625 3.932499885559082
v -0.5830844044685364 -23.76031494140625 3.932499885559082
v 0.485030859708786 -23.5330810546875 3.932499885559082
v 0.436446875333786 -23.33642578125 4.0
v 1.4613492488861084 -23.04791259765625 4.0
v 0.436446875333786 -23.33642578125 4.0
v 0.485030859708786 -23.5330810546875 3.932499885559082
v 0.485030859708786 -23.5330810546875 3.932499885559082
v 1.5228726863861084 -23.24102783203125 3.932499885559082
v 1.4613492488861084 -23.04791259765625 4.0
v 2.4562222957611084 -22.695556640625 4.0
v 1.4613492488861084 -23.04791259765625 4.0
v 1.5228726863861084 -23.24102783203125 3.932499885559082
v 1.5228726863861084 -23.24102783203125 3.932499885559082
v 2.5301969051361084 -22.8841552734375 3.932499885559082
v 2.4562222957611084 -22.695556640625 4.0
v 3.4215543270111084 -22.27880859375 4.0
v 2.4562222957611084 -22.695556640625 4.0
v 2.5301969051361084 -22.8841552734375 3.932499885559082
v 2.5301969051361084 -22.8841552734375 3.932499885559082
v 3.5074918270111084 -22.4622802734375 3.932499885559082
v 3.4215543270111084 -22.27880859375 4.0
v 4.358565807342529 -21.8045654296875 4.0
v 3.4215543270111084 -22.27880859375 4.0
v 3.5074918270111084 -22.4622802734375 3.932499885559082
v 3.5074918270111084 -22.4622802734375 3.932499885559082
v 4.455001354217529 -21.98272705078125 3.932499885559082
v 4.358565807342529 -21.8045654296875 4.0
v 5.266280651092529 -21.2802734375 4.0
v 4.358565807342529 -21.8045654296875 4.0
v 4.455001354217529 -21.98272705078125 3.932499885559082
v 4.455001354217529 -21.98272705078125 3.932499885559082
v 5.372481822967529 -21.45281982421875 3.932499885559082
v 5.266280651092529 -21.2802734375 4.0
v 6.144210338592529 -20.706298828125 4.0
v 5.266280651092529 -21.2802734375 4.0
v 5.372481822967529 -21.45281982421875 3.932499885559082
v 5.372481822967529 -21.45281982421875 3.932499885559082
v 6.259688854217529 -20.8726806640625 3.932499885559082
v 6.144210338592529 -20.706298828125 4.0
v 6.992110729217529 -20.08251953125 4.0
v 6.144210338592529 -20.706298828125 4.0
v 6.259688854217529 -20.8726806640625 3.932499885559082
v 6.259688854217529 -20.8726806640625 3.932499885559082
v 7.116622447967529 -20.24237060546875 3.932499885559082
v 6.992110729217529 -20.08251953125 4.0
v 7.810470104217529 -19.40887451171875 4.0
v 6.992110729217529 -20.08251953125 4.0
v 7.116622447967529 -20.24237060546875 3.932499885559082
v 7.116622447967529 -20.24237060546875 3.932499885559082
v 7.943526744842529 -19.56170654296875 3.932499885559082
v 7.810470104217529 -19.40887451171875 4.0
v 8.599288940429688 -18.6851806640625 4.0
v 7.810470104217529 -19.40887451171875 4.0
v 7.943526744842529 -19.56170654296875 3.932499885559082
v 7.943526744842529 -19.56170654296875 3.932499885559082
v 8.740158081054688 -18.830810546875 3.932499885559082
v 8.599288940429688 -18.6851806640625 4.0
v 9.397872924804688 -18.1746826171875 3.932499885559082
v 9.490890502929688 -17.83355712890625 4.0
v 8.599288940429688 -18.6851806640625 4.0
v 8.599288940429688 -18.6851806640625 4.0
v 8.740158081054688 -18.830810546875 3.932499885559082
v 9.397872924804688 -18.1746826171875 3.932499885559082
v 7.246505260467529 -11.39544677734375 4.0
v 7.745772838592529 -10.78460693359375 4.0
v 7.560225963592529 -10.73724365234375 3.932499885559082
v 7.560225963592529 -10.73724365234375 3.932499885559082
v 7.099776744842529 -11.2559814453125 3.932499885559082
v 7.246505260467529 -11.39544677734375 4.0
v 6.612472057342529 -12.04058837890625 4.0
v 7.246505260467529 -11.39544677734375 4.0
v 7.099776744842529 -11.2559814453125 3.932499885559082
v 7.099776744842529 -11.2559814453125 3.932499885559082
v 6.470870494842529 -11.89593505859375 3.932499885559082
v 6.612472057342529 -12.04058837890625 4.0
v 5.980391979217529 -12.63714599609375 4.0
v 6.612472057342529 -12.04058837890625 4.0
v 6.470870494842529 -11.89593505859375 3.932499885559082
v 6.470870494842529 -11.89593505859375 3.932499885559082
v 5.844405651092529 -12.48712158203125 3.932499885559082
v 5.980391979217529 -12.63714599609375 4.0
v 5.350509166717529 -13.18524169921875 4.0
v 5.980391979217529 -12.63714599609375 4.0
v 5.844405651092529 -12.48712158203125 3.932499885559082
v 5.844405651092529 -12.48712158203125 3.932499885559082
v 5.220870494842529 -13.02947998046875 3.932499885559082
v 5.350509166717529 -13.18524169921875 4.0
v 4.722091197967529 -13.6846923828125 4.0
v 5.350509166717529 -13.18524169921875 4.0
v 5.220870494842529 -13.02947998046875 3.932499885559082
v 5.220870494842529 -13.02947998046875 3.932499885559082
v 4.600020885467529 -13.52313232421875 3.932499885559082
v 4.722091197967529 -13.6846923828125 4.0
v 4.095626354217529 -14.135498046875 4.0
v 4.722091197967529 -13.6846923828125 4.0
v 4.600020885467529 -13.52313232421875 3.932499885559082
v 4.600020885467529 -13.52313232421875 3.932499885559082
v 3.9816129207611084 -13.968017578125 3.932499885559082
v 4.095626354217529 -14.135498046875 4.0
v 3.4694058895111084 -14.53814697265625 4.0
v 4.095626354217529 -14.135498046875 4.0
v 3.9816129207611084 -13.968017578125 3.932499885559082
v 3.9816129207611084 -13.968017578125 3.932499885559082
v 3.3656461238861084 -14.36419677734375 3.932499885559082
v 3.4694058895111084 -14.53814697265625 4.0
v 2.8329312801361084 -14.8907470703125 4.0
v 3.4694058895111084 -14.53814697265625 4.0
v 3.3656461238861084 -14.36419677734375 3.932499885559082
v 3.3656461238861084 -14.36419677734375 3.932499885559082
v 2.7416226863861084 -14.70977783203125 3.932499885559082
v 2.8329312801361084 -14.8907470703125 4.0
v 2.1774137020111084 -15.19000244140625 4.0
v 2.8329312801361084 -14.8907470703125 4.0
v 2.7416226863861084 -14.70977783203125 3.932499885559082
v 2.7416226863861084 -14.70977783203125 3.932499885559082
v 2.1005094051361084 -15.00244140625 3.932499885559082
v 2.1774137020111084 -15.19000244140625 4.0
v 1.5043179988861084 -15.4349365234375 4.0
v 2.1774137020111084 -15.19000244140625 4.0
v 2.1005094051361084 -15.00244140625 3.932499885559082
v 2.1005094051361084 -15.00244140625 3.932499885559082
v 1.4425504207611084 -15.24188232421875 3.932499885559082
v 1.5043179988861084 -15.4349365234375 4.0
v 0.8138882517814636 -15.62548828125 4.0
v 1.5043179988861084 -15.4349365234375 4.0
v 1.4425504207611084 -15.24188232421875 3.932499885559082
v 1.4425504207611084 -15.24188232421875 3.932499885559082
v 0.7677456736564636 -15.42816162109375 3.932499885559082
v 0.8138882517814636 -15.62548828125 4.0
v 0.10685703158378601 -15.76153564453125 4.0
v 0.8138882517814636 -15.62548828125 4.0
v 0.7677456736564636 -15.42816162109375 3.932499885559082
v 0.7677456736564636 -15.42816162109375 3.932499885559082
v 0.07633945345878601 -15.5611572265625 3.932499885559082
v 0.10685703158378601 -15.76153564453125 4.0
v -0.6167758107185364 -15.843017578125 4.0
v 0.10685703158378601 -15.76153564453125 4.0
v 0.07633945345878601 -15.5611572265625 3.932499885559082
v 0.07633945345878601 -15.5611572265625 3.932499885559082
v -0.6319125294685364 -15.64093017578125 3.932499885559082
v -0.6167758107185364 -15.843017578125 4.0
v -1.3567659854888916 -15.87017822265625 4.0
v -0.6167758107185364 -15.843017578125 4.0
v -0.6319125294685364 -15.64093017578125 3.932499885559082
v -0.6319125294685364 -15.64093017578125 3.932499885559082
v -1.3565218448638916 -15.66754150390625 3.932499885559082
v -1.3567659854888916 -15.87017822265625 4.0
v -2.2163851261138916 -15.838134765625 4.0
v -1.3567659854888916 -15.87017822265625 4.0
v -1.3565218448638916 -15.66754150390625 3.932499885559082
v -1.3565218448638916 -15.66754150390625 3.932499885559082
v -2.2005159854888916 -15.63604736328125 3.932499885559082
v -2.2163851261138916 -15.838134765625 4.0
v -3.0242464542388916 -15.74151611328125 4.0
v -2.2163851261138916 -15.838134765625 4.0
v -2.2005159854888916 -15.63604736328125 3.932499885559082
v -2.2005159854888916 -15.63604736328125 3.932499885559082
v -2.9910433292388916 -15.54150390625 3.932499885559082
v -3.0242464542388916 -15.74151611328125 4.0
v 3.0651090145111084 -2.969970703125 4.0
v 2.2404019832611084 -2.97882080078125 4.0
v 2.2447965145111084 -3.18133544921875 3.932499885559082
v 2.2447965145111084 -3.18133544921875 3.932499885559082
v 3.0660855770111084 -3.1724853515625 3.932499885559082
v 3.0651090145111084 -2.969970703125 4.0
v 2.2404019832611084 -2.97882080078125 4.0
v 1.4488980770111084 -3.0054931640625 4.0
v 1.4584195613861084 -3.207763671875 3.932499885559082
v 1.4584195613861084 -3.207763671875 3.932499885559082
v 2.2447965145111084 -3.18133544921875 3.932499885559082
v 2.2404019832611084 -2.97882080078125 4.0
v 1.4488980770111084 -3.0054931640625 4.0
v 0.6923062205314636 -3.04986572265625 4.0
v 0.7069546580314636 -3.25189208984375 3.932499885559082
v 0.7069546580314636 -3.25189208984375 3.932499885559082
v 1.4584195613861084 -3.207763671875 3.932499885559082
v 1.4488980770111084 -3.0054931640625 4.0
v 0.6923062205314636 -3.04986572265625 4.0
v -0.02961757779121399 -3.1121826171875 4.0
v -0.00910976529121399 -3.31365966796875 3.932499885559082
v -0.00910976529121399 -3.31365966796875 3.932499885559082
v 0.7069546580314636 -3.25189208984375 3.932499885559082
v 0.6923062205314636 -3.04986572265625 4.0
v -0.02961757779121399 -3.1121826171875 4.0
v -0.7171176075935364 -3.1923828125 4.0
v -0.6902621388435364 -3.39312744140625 3.932499885559082
v -0.6902621388435364 -3.39312744140625 3.932499885559082
v -0.00910976529121399 -3.31365966796875 3.932499885559082
v -0.02961757779121399 -3.1121826171875 4.0
v -0.7171176075935364 -3.1923828125 4.0
v -1.3699495792388916 -3.29058837890625 4.0
v -1.3362581729888916 -3.49029541015625 3.932499885559082
v -1.3362581729888916 -3.49029541015625 3.932499885559082
v -0.6902621388435364 -3.39312744140625 3.932499885559082
v -0.7171176075935364 -3.1923828125 4.0
v -1.3699495792388916 -3.29058837890625 4.0
v -1.9883577823638916 -3.40692138671875 4.0
v -1.9468538761138916 -3.60516357421875 3.932499885559082
v -1.9468538761138916 -3.60516357421875 3.932499885559082
v -1.3362581729888916 -3.49029541015625 3.932499885559082
v -1.3699495792388916 -3.29058837890625 4.0
v -1.9883577823638916 -3.40692138671875 4.0
v -2.5740511417388916 -3.5413818359375 4.0
v -2.5247347354888916 -3.73779296875 3.932499885559082
v -2.5247347354888916 -3.73779296875 3.932499885559082
v -1.9468538761138916 -3.60516357421875 3.932499885559082
v -1.9883577823638916 -3.40692138671875 4.0
v -2.5740511417388916 -3.5413818359375 4.0
v -3.1294710636138916 -3.69427490234375 4.0
v -3.0711214542388916 -3.88824462890625 3.932499885559082
v -3.0711214542388916 -3.88824462890625 3.932499885559082
v -2.5247347354888916 -3.73779296875 3.932499885559082
v -2.5740511417388916 -3.5413818359375 4.0
v -3.1294710636138916 -3.69427490234375 4.0
v -3.6541292667388916 -3.8656005859375 4.0
v -3.5865023136138916 -4.05645751953125 3.932499885559082
v -3.5865023136138916 -4.05645751953125 3.932499885559082
v -3.0711214542388916 -3.88824462890625 3.932499885559082
v -3.1294710636138916 -3.69427490234375 4.0
v -3.6541292667388916 -3.8656005859375 4.0
v -4.148514270782471 -4.05560302734375 4.0
v -4.070633411407471 -4.24261474609375 3.932499885559082
v -4.070633411407471 -4.24261474609375 3.932499885559082
v -3.5865023136138916 -4.05645751953125 3.932499885559082
v -3.6541292667388916 -3.8656005859375 4.0
v -4.148514270782471 -4.05560302734375 4.0
v -4.612381458282471 -4.26458740234375 4.0
v -4.523758411407471 -4.4466552734375 3.932499885559082
v -4.523758411407471 -4.4466552734375 3.932499885559082
v -4.070633411407471 -4.24261474609375 3.932499885559082
v -4.148514270782471 -4.05560302734375 4.0
v -4.612381458282471 -4.26458740234375 4.0
v -5.045731067657471 -4.49261474609375 4.0
v -4.945633411407471 -4.668701171875 3.932499885559082
v -4.945633411407471 -4.668701171875 3.932499885559082
v -4.523758411407471 -4.4466552734375 3.932499885559082
v -4.612381458282471 -4.26458740234375 4.0
v -5.045731067657471 -4.49261474609375 4.0
v -5.447830677032471 -4.73974609375 4.0
v -5.336014270782471 -4.90869140625 3.932499885559082
v -5.336014270782471 -4.90869140625 3.932499885559082
v -4.945633411407471 -4.668701171875 3.932499885559082
v -5.045731067657471 -4.49261474609375 4.0
v -5.447830677032471 -4.73974609375 4.0
v -5.819412708282471 -5.00396728515625 4.0
v -5.696609973907471 -5.1650390625 3.932499885559082
v -5.696609973907471 -5.1650390625 3.932499885559082
v -5.336014270782471 -4.90869140625 3.932499885559082
v -5.447830677032471 -4.73974609375 4.0
v 3.5104215145111084 4.04998779296875 4.0
v 7.680831432342529 4.04998779296875 4.0
v 7.478438854217529 4.25250244140625 3.932499885559082
v 7.478438854217529 4.25250244140625 3.932499885559082
v 3.5094449520111084 4.25250244140625 3.932499885559082
v 3.5104215145111084 4.04998779296875 4.0
v 1.9127652645111084 4.032470703125 4.0
v 3.5104215145111084 4.04998779296875 4.0
v 3.5094449520111084 4.25250244140625 3.932499885559082
v 3.5094449520111084 4.25250244140625 3.932499885559082
v 1.9081265926361084 4.23492431640625 3.932499885559082
v 1.9127652645111084 4.032470703125 4.0
v 0.373702734708786 3.97991943359375 4.0
v 1.9127652645111084 4.032470703125 4.0
v 1.9081265926361084 4.23492431640625 3.932499885559082
v 1.9081265926361084 4.23492431640625 3.932499885559082
v 0.364425390958786 4.1822509765625 3.932499885559082
v 0.373702734708786 3.97991943359375 4.0
v -1.1079866886138916 3.8924560546875 4.0
v 0.373702734708786 3.97991943359375 4.0
v 0.364425390958786 4.1822509765625 3.932499885559082
v 0.364425390958786 4.1822509765625 3.932499885559082
v -1.1226351261138916 4.09442138671875 3.932499885559082
v -1.1079866886138916 3.8924560546875 4.0
v -2.5325472354888916 3.77001953125 4.0
v -1.1079866886138916 3.8924560546875 4.0
v -1.1226351261138916 4.09442138671875 3.932499885559082
v -1.1226351261138916 4.09442138671875 3.932499885559082
v -2.5528109073638916 3.97149658203125 3.932499885559082
v -2.5325472354888916 3.77001953125 4.0
v -3.8997347354888916 3.6126708984375 4.0
v -2.5325472354888916 3.77001953125 4.0
v -2.5528109073638916 3.97149658203125 3.932499885559082
v -2.5528109073638916 3.97149658203125 3.932499885559082
v -3.9258577823638916 3.8134765625 3.932499885559082
v -3.8997347354888916 3.6126708984375 4.0
v -5.209549427032471 3.4205322265625 4.0
v -3.8997347354888916 3.6126708984375 4.0
v -3.9258577823638916 3.8134765625 3.932499885559082
v -3.9258577823638916 3.8134765625 3.932499885559082
v -5.242264270782471 3.62042236328125 3.932499885559082
v -5.209549427032471 3.4205322265625 4.0
v -6.461502552032471 3.19366455078125 4.0
v -5.209549427032471 3.4205322265625 4.0
v -5.242264270782471 3.62042236328125 3.932499885559082
v -5.242264270782471 3.62042236328125 3.932499885559082
v -6.501541614532471 3.39227294921875 3.932499885559082
v -6.461502552032471 3.19366455078125 4.0
v -7.655594348907471 2.93072509765625 4.0
v -6.461502552032471 3.19366455078125 4.0
v -6.501541614532471 3.39227294921875 3.932499885559082
v -6.501541614532471 3.39227294921875 3.932499885559082
v -7.703201770782471 3.12762451171875 3.932499885559082
v -7.655594348907471 2.93072509765625 4.0
v -8.790603637695312 2.63043212890625 4.0
v -7.655594348907471 2.93072509765625 4.0
v -7.703201770782471 3.12762451171875 3.932499885559082
v -7.703201770782471 3.12762451171875 3.932499885559082
v -8.847000122070312 2.82501220703125 3.932499885559082
v -8.790603637695312 2.63043212890625 4.0
v -9.867507934570312 2.29278564453125 4.0
v -8.790603637695312 2.63043212890625 4.0
v -8.847000122070312 2.82501220703125 3.932499885559082
v -8.847000122070312 2.82501220703125 3.932499885559082
v -9.932693481445312 2.48455810546875 3.932499885559082
v -9.867507934570312 2.29278564453125 4.0
v -10.885818481445312 1.91796875 4.0
v -9.867507934570312 2.29278564453125 4.0
v -9.932693481445312 2.48455810546875 3.932499885559082
v -9.932693481445312 2.48455810546875 3.932499885559082
v -10.960769653320312 2.10614013671875 3.932499885559082
v -10.885818481445312 1.91796875 4.0
v -11.845535278320312 1.506103515625 4.0
v -10.885818481445312 1.91796875 4.0
v -10.960769653320312 2.10614013671875 3.932499885559082
v -10.960769653320312 2.10614013671875 3.932499885559082
v -11.930740356445312 1.68994140625 3.932499885559082
v -11.845535278320312 1.506103515625 4.0
v -12.746902465820312 1.057373046875 4.0
v -11.845535278320312 1.506103515625 4.0
v -11.930740356445312 1.68994140625 3.932499885559082
v -11.930740356445312 1.68994140625 3.932499885559082
v -12.842849731445312 1.2359619140625 3.932499885559082
v -12.746902465820312 1.057373046875 4.0
v -13.590164184570312 0.57196044921875 4.0
v -12.746902465820312 1.057373046875 4.0
v -12.842849731445312 1.2359619140625 3.932499885559082
v -12.842849731445312 1.2359619140625 3.932499885559082
v -13.696853637695312 0.744140625 3.932499885559082
v -13.590164184570312 0.57196044921875 4.0
v -14.374588012695312 0.049560546875 4.0
v -13.590164184570312 0.57196044921875 4.0
v -13.696853637695312 0.744140625 3.932499885559082
v -13.696853637695312 0.744140625 3.932499885559082
v -14.492752075195312 0.21417236328125 3.932499885559082
v -14.374588012695312 0.049560546875 4.0
v -15.100418090820312 -0.51031494140625 4.0
v -14.374588012695312 0.049560546875 4.0
v -14.492752075195312 0.21417236328125 3.932499885559082
v -14.492752075195312 0.21417236328125 3.932499885559082
v -15.229812622070312 -0.3544921875 3.932499885559082
v -15.100418090820312 -0.51031494140625 4.0
v -15.767654418945312 -1.10760498046875 4.0
v -15.100418090820312 -0.51031494140625 4.0
v -15.229812622070312 -0.3544921875 3.932499885559082
v -15.229812622070312 -0.3544921875 3.932499885559082
v -15.908279418945312 -0.96185302734375 3.932499885559082
v -15.767654418945312 -1.10760498046875 4.0
v -16.376541137695312 -1.74237060546875 4.0
v -15.767654418945312 -1.10760498046875 4.0
v -15.908279418945312 -0.96185302734375 3.932499885559082
v -15.908279418945312 -0.96185302734375 3.932499885559082
v -16.528152465820312 -1.60791015625 3.932499885559082
v -16.376541137695312 -1.74237060546875 4.0
v -16.927810668945312 -2.4149169921875 4.0
v -16.376541137695312 -1.74237060546875 4.0
v -16.528152465820312 -1.60791015625 3.932499885559082
v -16.528152465820312 -1.60791015625 3.932499885559082
v -17.089431762695312 -2.292724609375 3.932499885559082
v -16.927810668945312 -2.4149169921875 4.0
v -17.421463012695312 -3.12530517578125 4.0
v -16.927810668945312 -2.4149169921875 4.0
v -17.089431762695312 -2.292724609375 3.932499885559082
v -17.089431762695312 -2.292724609375 3.932499885559082
v -17.592361450195312 -3.016357421875 3.932499885559082
v -17.421463012695312 -3.12530517578125 4.0
v -17.857986450195312 -3.8739013671875 4.0
v -17.421463012695312 -3.12530517578125 4.0
v -17.592361450195312 -3.016357421875 3.932499885559082
v -17.592361450195312 -3.016357421875 3.932499885559082
v -18.036941528320312 -3.77886962890625 3.932499885559082
v -17.857986450195312 -3.8739013671875 4.0
v -18.236648559570312 -4.661376953125 4.0
v -17.857986450195312 -3.8739013671875 4.0
v -18.036941528320312 -3.77886962890625 3.932499885559082
v -18.036941528320312 -3.77886962890625 3.932499885559082
v -18.422683715820312 -4.580810546875 3.932499885559082
v -18.236648559570312 -4.661376953125 4.0
v -18.557449340820312 -5.48876953125 4.0
v -18.236648559570312 -4.661376953125 4.0
v -18.422683715820312 -4.580810546875 3.932499885559082
v -18.422683715820312 -4.580810546875 3.932499885559082
v -18.749099731445312 -5.4227294921875 3.932499885559082
v -18.557449340820312 -5.48876953125 4.0
v -18.820388793945312 -6.3564453125 4.0
v -18.557449340820312 -5.48876953125 4.0
v -18.749099731445312 -5.4227294921875 3.932499885559082
v -18.749099731445312 -5.4227294921875 3.932499885559082
v -19.016189575195312 -6.3048095703125 3.932499885559082
v -18.820388793945312 -6.3564453125 4.0
v -19.024978637695312 -7.26483154296875 4.0
v -18.820388793945312 -6.3564453125 4.0
v -19.016189575195312 -6.3048095703125 3.932499885559082
v -19.016189575195312 -6.3048095703125 3.932499885559082
v -19.224197387695312 -7.22705078125 3.932499885559082
v -19.024978637695312 -7.26483154296875 4.0
v -19.171463012695312 -8.21405029296875 4.0
v -19.024978637695312 -7.26483154296875 4.0
v -19.224197387695312 -7.22705078125 3.932499885559082
v -19.224197387695312 -7.22705078125 3.932499885559082
v -19.372634887695312 -8.18963623046875 3.932499885559082
v -19.171463012695312 -8.21405029296875 4.0
v -19.259597778320312 -9.204345703125 4.0
v -19.171463012695312 -8.21405029296875 4.0
v -19.372634887695312 -8.18963623046875 3.932499885559082
v -19.372634887695312 -8.18963623046875 3.932499885559082
v -19.461746215820312 -9.19244384765625 3.932499885559082
v -19.259597778320312 -9.204345703125 4.0
v -19.288894653320312 -10.2362060546875 4.0
v -19.259597778320312 -9.204345703125 4.0
v -19.461746215820312 -9.19244384765625 3.932499885559082
v -19.461746215820312 -9.19244384765625 3.932499885559082
v -19.491531372070312 -10.23577880859375 3.932499885559082
v -19.288894653320312 -10.2362060546875 4.0
v -19.265945434570312 -11.189208984375 4.0
v -19.288894653320312 -10.2362060546875 4.0
v -19.491531372070312 -10.23577880859375 3.932499885559082
v -19.491531372070312 -10.23577880859375 3.932499885559082
v -19.468093872070312 -11.1993408203125 3.932499885559082
v -19.265945434570312 -11.189208984375 4.0
v -19.196365356445312 -12.10693359375 4.0
v -19.265945434570312 -11.189208984375 4.0
v -19.468093872070312 -11.1993408203125 3.932499885559082
v -19.468093872070312 -11.1993408203125 3.932499885559082
v -19.398025512695312 -12.12774658203125 3.932499885559082
v -19.196365356445312 -12.10693359375 4.0
v -19.080886840820312 -12.98858642578125 4.0
v -19.196365356445312 -12.10693359375 4.0
v -19.398025512695312 -12.12774658203125 3.932499885559082
v -19.398025512695312 -12.12774658203125 3.932499885559082
v -19.281082153320312 -13.020751953125 3.932499885559082
v -19.080886840820312 -12.98858642578125 4.0
v -5.819412708282471 -5.00396728515625 4.0
v -6.162186145782471 -5.28424072265625 4.0
v -6.028397083282471 -5.43646240234375 3.932499885559082
v -6.028397083282471 -5.43646240234375 3.932499885559082
v -5.696609973907471 -5.1650390625 3.932499885559082
v -5.819412708282471 -5.00396728515625 4.0
v -6.162186145782471 -5.28424072265625 4.0
v -6.476395130157471 -5.58087158203125 4.0
v -6.331863880157471 -5.722900390625 3.932499885559082
v -6.331863880157471 -5.722900390625 3.932499885559082
v -6.028397083282471 -5.43646240234375 3.932499885559082
v -6.162186145782471 -5.28424072265625 4.0
v -6.476395130157471 -5.58087158203125 4.0
v -6.761551380157471 -5.8939208984375 4.0
v -6.606522083282471 -6.0244140625 3.932499885559082
v -6.606522083282471 -6.0244140625 3.932499885559082
v -6.331863880157471 -5.722900390625 3.932499885559082
v -6.476395130157471 -5.58087158203125 4.0
v -6.761551380157471 -5.8939208984375 4.0
v -7.017654895782471 -6.22320556640625 4.0
v -6.852859973907471 -6.341064453125 3.932499885559082
v -6.852859973907471 -6.341064453125 3.932499885559082
v -6.606522083282471 -6.0244140625 3.932499885559082
v -6.761551380157471 -5.8939208984375 4.0
v -7.017654895782471 -6.22320556640625 4.0
v -7.244217395782471 -6.568603515625 4.0
v -7.070145130157471 -6.67266845703125 3.932499885559082
v -7.070145130157471 -6.67266845703125 3.932499885559082
v -6.852859973907471 -6.341064453125 3.932499885559082
v -7.017654895782471 -6.22320556640625 4.0
v -7.244217395782471 -6.568603515625 4.0
v -7.440262317657471 -6.92919921875 4.0
v -7.258621692657471 -7.01910400390625 3.932499885559082
v -7.258621692657471 -7.01910400390625 3.932499885559082
v -7.070145130157471 -6.67266845703125 3.932499885559082
v -7.244217395782471 -6.568603515625 4.0
v -7.440262317657471 -6.92919921875 4.0
v -7.607986927032471 -7.30401611328125 4.0
v -7.420242786407471 -7.38006591796875 3.932499885559082
v -7.420242786407471 -7.38006591796875 3.932499885559082
v -7.258621692657471 -7.01910400390625 3.932499885559082
v -7.440262317657471 -6.92919921875 4.0
v -7.607986927032471 -7.30401611328125 4.0
v -7.749588489532471 -7.69305419921875 4.0
v -7.556717395782471 -7.75555419921875 3.932499885559082
v -7.556717395782471 -7.75555419921875 3.932499885559082
v -7.420242786407471 -7.38006591796875 3.932499885559082
v -7.607986927032471 -7.30401611328125 4.0
v -7.749588489532471 -7.69305419921875 4.0
v -7.865067005157471 -8.0965576171875 4.0
v -7.668289661407471 -8.14569091796875 3.932499885559082
v -7.668289661407471 -8.14569091796875 3.932499885559082
v -7.556717395782471 -7.75555419921875 3.932499885559082
v -7.749588489532471 -7.69305419921875 4.0
v -7.865067005157471 -8.0965576171875 4.0
v -7.954666614532471 -8.5142822265625 4.0
v -7.755203723907471 -8.55035400390625 3.932499885559082
v -7.755203723907471 -8.55035400390625 3.932499885559082
v -7.668289661407471 -8.14569091796875 3.932499885559082
v -7.865067005157471 -8.0965576171875 4.0
v -7.954666614532471 -8.5142822265625 4.0
v -8.018386840820312 -8.946044921875 4.0
v -7.817215442657471 -8.96954345703125 3.932499885559082
v -7.817215442657471 -8.96954345703125 3.932499885559082
v -7.755203723907471 -8.55035400390625 3.932499885559082
v -7.954666614532471 -8.5142822265625 4.0
v -8.018386840820312 -8.946044921875 4.0
v -8.056472778320312 -9.3917236328125 4.0
v -7.854324817657471 -9.40313720703125 3.932499885559082
v -7.854324817657471 -9.40313720703125 3.932499885559082
v -7.817215442657471 -8.96954345703125 3.932499885559082
v -8.018386840820312 -8.946044921875 4.0
v -8.056472778320312 -9.3917236328125 4.0
v -8.069168090820312 -9.85382080078125 4.0
v -7.866531848907471 -9.8519287109375 3.932499885559082
v -7.866531848907471 -9.8519287109375 3.932499885559082
v -7.854324817657471 -9.40313720703125 3.932499885559082
v -8.056472778320312 -9.3917236328125 4.0
v -8.069168090820312 -9.85382080078125 4.0
v -8.033279418945312 -10.62078857421875 4.0
v -7.831619739532471 -10.60101318359375 3.932499885559082
v -7.831619739532471 -10.60101318359375 3.932499885559082
v -7.866531848907471 -9.8519287109375 3.932499885559082
v -8.069168090820312 -9.85382080078125 4.0
v -8.033279418945312 -10.62078857421875 4.0
v -7.924637317657471 -11.34576416015625 4.0
v -7.725906848907471 -11.30438232421875 3.932499885559082
v -7.725906848907471 -11.30438232421875 3.932499885559082
v -7.831619739532471 -10.60101318359375 3.932499885559082
v -8.033279418945312 -10.62078857421875 4.0
v -7.924637317657471 -11.34576416015625 4.0
v -7.742264270782471 -12.0257568359375 4.0
v -7.549881458282471 -11.9613037109375 3.932499885559082
v -7.549881458282471 -11.9613037109375 3.932499885559082
v -7.725906848907471 -11.30438232421875 3.932499885559082
v -7.924637317657471 -11.34576416015625 4.0
v -7.742264270782471 -12.0257568359375 4.0
v -7.485672473907471 -12.6595458984375 4.0
v -7.302811145782471 -12.5714111328125 3.932499885559082
v -7.302811145782471 -12.5714111328125 3.932499885559082
v -7.549881458282471 -11.9613037109375 3.932499885559082
v -7.742264270782471 -12.0257568359375 4.0
v -7.485672473907471 -12.6595458984375 4.0
v -7.154861927032471 -13.24560546875 4.0
v -6.985184192657471 -13.13446044921875 3.932499885559082
v -6.985184192657471 -13.13446044921875 3.932499885559082
v -7.302811145782471 -12.5714111328125 3.932499885559082
v -7.485672473907471 -12.6595458984375 4.0
v -7.154861927032471 -13.24560546875 4.0
v -6.750565052032471 -13.78228759765625 4.0
v -6.596756458282471 -13.64990234375 3.932499885559082
v -6.596756458282471 -13.64990234375 3.932499885559082
v -6.985184192657471 -13.13446044921875 3.932499885559082
v -7.154861927032471 -13.24560546875 4.0
v -6.750565052032471 -13.78228759765625 4.0
v -6.273758411407471 -14.2684326171875 4.0
v -6.138016223907471 -14.11749267578125 3.932499885559082
v -6.138016223907471 -14.11749267578125 3.932499885559082
v -6.596756458282471 -13.64990234375 3.932499885559082
v -6.750565052032471 -13.78228759765625 4.0
v -6.273758411407471 -14.2684326171875 4.0
v -5.732498645782471 -14.69610595703125 4.0
v -5.616775989532471 -14.5294189453125 3.932499885559082
v -5.616775989532471 -14.5294189453125 3.932499885559082
v -6.138016223907471 -14.11749267578125 3.932499885559082
v -6.273758411407471 -14.2684326171875 4.0
v -5.732498645782471 -14.69610595703125 4.0
v -5.135818958282471 -15.05731201171875 4.0
v -5.041336536407471 -14.8778076171875 3.932499885559082
v -5.041336536407471 -14.8778076171875 3.932499885559082
v -5.616775989532471 -14.5294189453125 3.932499885559082
v -5.732498645782471 -14.69610595703125 4.0
v -5.135818958282471 -15.05731201171875 4.0
v -4.484695911407471 -15.35174560546875 4.0
v -4.411697864532471 -15.16253662109375 3.932499885559082
v -4.411697864532471 -15.16253662109375 3.932499885559082
v -5.041336536407471 -14.8778076171875 3.932499885559082
v -5.135818958282471 -15.05731201171875 4.0
v -4.484695911407471 -15.35174560546875 4.0
v -3.7805941104888916 -15.57958984375 4.0
v -3.7281038761138916 -15.38372802734375 3.932499885559082
v -3.7281038761138916 -15.38372802734375 3.932499885559082
v -4.411697864532471 -15.16253662109375 3.932499885559082
v -4.484695911407471 -15.35174560546875 4.0
v -3.7805941104888916 -15.57958984375 4.0
v -3.0242464542388916 -15.74151611328125 4.0
v -2.9910433292388916 -15.54150390625 3.932499885559082
v -2.9910433292388916 -15.54150390625 3.932499885559082
v -3.7281038761138916 -15.38372802734375 3.932499885559082
v -3.7805941104888916 -15.57958984375 4.0
v -18.919509887695312 -13.8343505859375 4.0
v -19.080886840820312 -12.98858642578125 4.0
v -19.281082153320312 -13.020751953125 3.932499885559082
v -19.281082153320312 -13.020751953125 3.932499885559082
v -19.117263793945312 -13.87847900390625 3.932499885559082
v -18.919509887695312 -13.8343505859375 4.0
v -18.712234497070312 -14.644287109375 4.0
v -18.919509887695312 -13.8343505859375 4.0
v -19.117263793945312 -13.87847900390625 3.932499885559082
v -19.117263793945312 -13.87847900390625 3.932499885559082
v -18.906814575195312 -14.70086669921875 3.932499885559082
v -18.712234497070312 -14.644287109375 4.0
v -18.459548950195312 -15.41864013671875 4.0
v -18.712234497070312 -14.644287109375 4.0
v -18.906814575195312 -14.70086669921875 3.932499885559082
v -18.906814575195312 -14.70086669921875 3.932499885559082
v -18.649734497070312 -15.488037109375 3.932499885559082
v -18.459548950195312 -15.41864013671875 4.0
v -18.160720825195312 -16.158203125 4.0
v -18.459548950195312 -15.41864013671875 4.0
v -18.649734497070312 -15.488037109375 3.932499885559082
v -18.649734497070312 -15.488037109375 3.932499885559082
v -18.346023559570312 -16.24017333984375 3.932499885559082
v -18.160720825195312 -16.158203125 4.0
v -17.820388793945312 -16.8642578125 4.0
v -18.160720825195312 -16.158203125 4.0
v -18.346023559570312 -16.24017333984375 3.932499885559082
v -18.346023559570312 -16.24017333984375 3.932499885559082
v -17.999832153320312 -16.95794677734375 3.932499885559082
v -17.820388793945312 -16.8642578125 4.0
v -17.442459106445312 -17.5367431640625 4.0
v -17.820388793945312 -16.8642578125 4.0
v -17.999832153320312 -16.95794677734375 3.932499885559082
v -17.999832153320312 -16.95794677734375 3.932499885559082
v -17.615798950195312 -17.6416015625 3.932499885559082
v -17.442459106445312 -17.5367431640625 4.0
v -17.027664184570312 -18.17529296875 4.0
v -17.442459106445312 -17.5367431640625 4.0
v -17.615798950195312 -17.6416015625 3.932499885559082
v -17.615798950195312 -17.6416015625 3.932499885559082
v -17.193923950195312 -18.29119873046875 3.932499885559082
v -17.027664184570312 -18.17529296875 4.0
v -16.575759887695312 -18.780029296875 4.0
v -17.027664184570312 -18.17529296875 4.0
v -17.193923950195312 -18.29119873046875 3.932499885559082
v -17.193923950195312 -18.29119873046875 3.932499885559082
v -16.733963012695312 -18.9066162109375 3.932499885559082
v -16.575759887695312 -18.780029296875 4.0
v -16.086502075195312 -19.3511962890625 4.0
v -16.575759887695312 -18.780029296875 4.0
v -16.733963012695312 -18.9066162109375 3.932499885559082
v -16.733963012695312 -18.9066162109375 3.932499885559082
v -16.236160278320312 -19.488037109375 3.932499885559082
v -16.086502075195312 -19.3511962890625 4.0
v -15.560134887695312 -19.88897705078125 4.0
v -16.086502075195312 -19.3511962890625 4.0
v -16.236160278320312 -19.488037109375 3.932499885559082
v -16.236160278320312 -19.488037109375 3.932499885559082
v -15.700271606445312 -20.035400390625 3.932499885559082
v -15.560134887695312 -19.88897705078125 4.0
v -14.995925903320312 -20.39373779296875 4.0
v -15.560134887695312 -19.88897705078125 4.0
v -15.700271606445312 -20.035400390625 3.932499885559082
v -15.700271606445312 -20.035400390625 3.932499885559082
v -15.126296997070312 -20.54888916015625 3.932499885559082
v -14.995925903320312 -20.39373779296875 4.0
v -14.397293090820312 -20.86517333984375 4.0
v -14.995925903320312 -20.39373779296875 4.0
v -15.126296997070312 -20.54888916015625 3.932499885559082
v -15.126296997070312 -20.54888916015625 3.932499885559082
v -14.517654418945312 -21.02801513671875 3.932499885559082
v -14.397293090820312 -20.86517333984375 4.0
v -13.767166137695312 -21.302490234375 4.0
v -14.397293090820312 -20.86517333984375 4.0
v -14.517654418945312 -21.02801513671875 3.932499885559082
v -14.517654418945312 -21.02801513671875 3.932499885559082
v -13.877761840820312 -21.4722900390625 3.932499885559082
v -13.767166137695312 -21.302490234375 4.0
v -13.106277465820312 -21.70562744140625 4.0
v -13.767166137695312 -21.302490234375 4.0
v -13.877761840820312 -21.4722900390625 3.932499885559082
v -13.877761840820312 -21.4722900390625 3.932499885559082
v -13.206619262695312 -21.881591796875 3.932499885559082
v -13.106277465820312 -21.70562744140625 4.0
v -12.414138793945312 -22.0745849609375 4.0
v -13.106277465820312 -21.70562744140625 4.0
v -13.206619262695312 -21.881591796875 3.932499885559082
v -13.206619262695312 -21.881591796875 3.932499885559082
v -12.504226684570312 -22.2559814453125 3.932499885559082
v -12.414138793945312 -22.0745849609375 4.0
v 19.295578002929688 -1.05682373046875 4.0
v 19.290939331054688 -10.58990478515625 4.0
v 19.493331909179688 -10.59112548828125 3.932499885559082
v 19.493331909179688 -10.59112548828125 3.932499885559082
v 19.494552612304688 -1.0194091796875 3.932499885559082
v 19.295578002929688 -1.05682373046875 4.0
v 7.950850963592529 -10.5240478515625 4.0
v 7.946212291717529 -3.19012451171875 4.0
v 7.747237682342529 -3.4300537109375 3.932499885559082
v 7.747237682342529 -3.4300537109375 3.932499885559082
v 7.748458385467529 -10.32037353515625 3.932499885559082
v 7.950850963592529 -10.5240478515625 4.0
v 19.298751831054688 7.18414306640625 4.0
v 19.295578002929688 -1.05682373046875 4.0
v 19.494552612304688 -1.0194091796875 3.932499885559082
v 19.494552612304688 -1.0194091796875 3.932499885559082
v 19.495285034179688 7.23260498046875 3.932499885559082
v 19.298751831054688 7.18414306640625 4.0
v 19.290939331054688 -10.58990478515625 4.0
v 19.295089721679688 -16.37109375 4.0
v 19.494552612304688 -16.33575439453125 3.932499885559082
v 19.494552612304688 -16.33575439453125 3.932499885559082
v 19.493331909179688 -10.59112548828125 3.932499885559082
v 19.290939331054688 -10.58990478515625 4.0
v 7.478438854217529 -3.1724853515625 3.932499885559082
v 7.680831432342529 -2.969970703125 4.0
v 3.0651090145111084 -2.969970703125 4.0
v 3.0651090145111084 -2.969970703125 4.0
v 3.0660855770111084 -3.1724853515625 3.932499885559082
v 7.478438854217529 -3.1724853515625 3.932499885559082
v 19.269454956054688 8.474609375 4.0
v 19.298751831054688 7.18414306640625 4.0
v 19.495285034179688 7.23260498046875 3.932499885559082
v 19.495285034179688 7.23260498046875 3.932499885559082
v 19.471847534179688 8.48187255859375 3.932499885559082
v 19.269454956054688 8.474609375 4.0
v 19.205490112304688 9.65081787109375 4.0
v 19.269454956054688 8.474609375 4.0
v 19.471847534179688 8.48187255859375 3.932499885559082
v 19.471847534179688 8.48187255859375 3.932499885559082
v 19.407394409179688 9.66583251953125 3.932499885559082
v 19.205490112304688 9.65081787109375 4.0
v 19.099044799804688 10.77728271484375 4.0
v 19.205490112304688 9.65081787109375 4.0
v 19.407394409179688 9.66583251953125 3.932499885559082
v 19.407394409179688 9.66583251953125 3.932499885559082
v 19.300216674804688 10.80072021484375 3.932499885559082
v 19.099044799804688 10.77728271484375 4.0
v 18.949874877929688 11.85394287109375 4.0
v 19.099044799804688 10.77728271484375 4.0
v 19.300216674804688 10.80072021484375 3.932499885559082
v 19.300216674804688 10.80072021484375 3.932499885559082
v 19.149826049804688 11.88641357421875 3.932499885559082
v 18.949874877929688 11.85394287109375 4.0
v 18.758712768554688 12.880859375 4.0
v 18.949874877929688 11.85394287109375 4.0
v 19.149826049804688 11.88641357421875 3.932499885559082
v 19.149826049804688 11.88641357421875 3.932499885559082
v 18.956710815429688 12.9229736328125 3.932499885559082
v 18.758712768554688 12.880859375 4.0
v 18.525070190429688 13.85791015625 4.0
v 18.758712768554688 12.880859375 4.0
v 18.956710815429688 12.9229736328125 3.932499885559082
v 18.956710815429688 12.9229736328125 3.932499885559082
v 18.720870971679688 13.91033935546875 3.932499885559082
v 18.525070190429688 13.85791015625 4.0
v 18.249679565429688 14.7847900390625 4.0
v 18.525070190429688 13.85791015625 4.0
v 18.720870971679688 13.91033935546875 3.932499885559082
v 18.720870971679688 13.91033935546875 3.932499885559082
v 18.442062377929688 14.84844970703125 3.932499885559082
v 18.249679565429688 14.7847900390625 4.0
v 17.929122924804688 15.66162109375 4.0
v 18.249679565429688 14.7847900390625 4.0
v 18.442062377929688 14.84844970703125 3.932499885559082
v 18.442062377929688 14.84844970703125 3.932499885559082
v 18.116867065429688 15.73773193359375 3.932499885559082
v 17.929122924804688 15.66162109375 4.0
v 17.559249877929688 16.4896240234375 4.0
v 17.929122924804688 15.66162109375 4.0
v 18.116867065429688 15.73773193359375 3.932499885559082
v 18.116867065429688 15.73773193359375 3.932499885559082
v 17.741134643554688 16.57891845703125 3.932499885559082
v 17.559249877929688 16.4896240234375 4.0
v 17.140304565429688 17.26953125 4.0
v 17.559249877929688 16.4896240234375 4.0
v 17.741134643554688 16.57891845703125 3.932499885559082
v 17.741134643554688 16.57891845703125 3.932499885559082
v 17.315109252929688 17.37213134765625 3.932499885559082
v 17.140304565429688 17.26953125 4.0
v 16.672286987304688 18.00177001953125 4.0
v 17.140304565429688 17.26953125 4.0
v 17.315109252929688 17.37213134765625 3.932499885559082
v 17.315109252929688 17.37213134765625 3.932499885559082
v 16.838546752929688 18.11749267578125 3.932499885559082
v 16.672286987304688 18.00177001953125 4.0
v 16.154953002929688 18.68658447265625 4.0
v 16.672286987304688 18.00177001953125 4.0
v 16.838546752929688 18.11749267578125 3.932499885559082
v 16.838546752929688 18.11749267578125 3.932499885559082
v 16.311691284179688 18.8150634765625 3.932499885559082
v 16.154953002929688 18.68658447265625 4.0
v 15.588058471679688 19.32440185546875 4.0
v 16.154953002929688 18.68658447265625 4.0
v 16.311691284179688 18.8150634765625 3.932499885559082
v 16.311691284179688 18.8150634765625 3.932499885559082
v 15.734054565429688 19.4649658203125 3.932499885559082
v 15.588058471679688 19.32440185546875 4.0
v 14.971603393554688 19.91571044921875 4.0
v 15.588058471679688 19.32440185546875 4.0
v 15.734054565429688 19.4649658203125 3.932499885559082
v 15.734054565429688 19.4649658203125 3.932499885559082
v 15.106124877929688 20.0672607421875 3.932499885559082
v 14.971603393554688 19.91571044921875 4.0
v 14.304122924804688 20.46331787109375 4.0
v 14.971603393554688 19.91571044921875 4.0
v 15.106124877929688 20.0672607421875 3.932499885559082
v 15.106124877929688 20.0672607421875 3.932499885559082
v 14.426681518554688 20.62457275390625 3.932499885559082
v 14.304122924804688 20.46331787109375 4.0
v 13.584884643554688 20.96954345703125 4.0
v 14.304122924804688 20.46331787109375 4.0
v 14.426681518554688 20.62457275390625 3.932499885559082
v 14.426681518554688 20.62457275390625 3.932499885559082
v 13.695480346679688 21.13922119140625 3.932499885559082
v 13.584884643554688 20.96954345703125 4.0
v 12.813888549804688 21.434326171875 4.0
v 13.584884643554688 20.96954345703125 4.0
v 13.695480346679688 21.13922119140625 3.932499885559082
v 13.695480346679688 21.13922119140625 3.932499885559082
v 12.912521362304688 21.61126708984375 3.932499885559082
v 12.813888549804688 21.434326171875 4.0
v 11.990646362304688 21.85760498046875 4.0
v 12.813888549804688 21.434326171875 4.0
v 12.912521362304688 21.61126708984375 3.932499885559082
v 12.912521362304688 21.61126708984375 3.932499885559082
v 12.077560424804688 22.0406494140625 3.932499885559082
v 11.990646362304688 21.85760498046875 4.0
v 11.115158081054688 22.2392578125 4.0
v 11.990646362304688 21.85760498046875 4.0
v 12.077560424804688 22.0406494140625 3.932499885559082
v 12.077560424804688 22.0406494140625 3.932499885559082
v 11.190597534179688 22.42730712890625 3.932499885559082
v 11.115158081054688 22.2392578125 4.0
v 10.187179565429688 22.5791015625 4.0
v 11.115158081054688 22.2392578125 4.0
v 11.190597534179688 22.42730712890625 3.932499885559082
v 11.190597534179688 22.42730712890625 3.932499885559082
v 10.251632690429688 22.771240234375 3.932499885559082
v 10.187179565429688 22.5791015625 4.0
v 9.206466674804688 22.87713623046875 4.0
v 10.187179565429688 22.5791015625 4.0
v 10.251632690429688 22.771240234375 3.932499885559082
v 10.251632690429688 22.771240234375 3.932499885559082
v 9.260421752929688 23.0723876953125 3.932499885559082
v 9.206466674804688 22.87713623046875 4.0
v 8.169113159179688 23.13458251953125 4.0
v 9.206466674804688 22.87713623046875 4.0
v 9.260421752929688 23.0723876953125 3.932499885559082
v 9.260421752929688 23.0723876953125 3.932499885559082
v 8.213302612304688 23.332275390625 3.932499885559082
v 8.169113159179688 23.13458251953125 4.0
v 7.071212291717529 23.352783203125 4.0
v 8.169113159179688 23.13458251953125 4.0
v 8.213302612304688 23.332275390625 3.932499885559082
v 8.213302612304688 23.332275390625 3.932499885559082
v 7.106368541717529 23.55224609375 3.932499885559082
v 7.071212291717529 23.352783203125 4.0
v 5.912520885467529 23.53155517578125 4.0
v 7.071212291717529 23.352783203125 4.0
v 7.106368541717529 23.55224609375 3.932499885559082
v 7.106368541717529 23.55224609375 3.932499885559082
v 5.939620494842529 23.7322998046875 3.932499885559082
v 5.912520885467529 23.53155517578125 4.0
v 4.693526744842529 23.67071533203125 4.0
v 5.912520885467529 23.53155517578125 4.0
v 5.939620494842529 23.7322998046875 3.932499885559082
v 5.939620494842529 23.7322998046875 3.932499885559082
v 4.712813854217529 23.872314453125 3.932499885559082
v 4.693526744842529 23.67071533203125 4.0
v 3.4139859676361084 23.770263671875 4.0
v 4.693526744842529 23.67071533203125 4.0
v 4.712813854217529 23.872314453125 3.932499885559082
v 4.712813854217529 23.872314453125 3.932499885559082
v 3.4264371395111084 23.972412109375 3.932499885559082
v 3.4139859676361084 23.770263671875 4.0
v 2.0741422176361084 23.83001708984375 4.0
v 3.4139859676361084 23.770263671875 4.0
v 3.4264371395111084 23.972412109375 3.932499885559082
v 3.4264371395111084 23.972412109375 3.932499885559082
v 2.0800015926361084 24.032470703125 3.932499885559082
v 2.0741422176361084 23.83001708984375 4.0
v 0.6737515330314636 23.8499755859375 4.0
v 2.0741422176361084 23.83001708984375 4.0
v 2.0800015926361084 24.032470703125 3.932499885559082
v 2.0800015926361084 24.032470703125 3.932499885559082
v 0.6739956736564636 24.052490234375 3.932499885559082
v 0.6737515330314636 23.8499755859375 4.0
v -0.12483242154121399 23.84088134765625 4.0
v 0.6737515330314636 23.8499755859375 4.0
v 0.6739956736564636 24.052490234375 3.932499885559082
v 0.6739956736564636 24.052490234375 3.932499885559082
v -0.129471093416214 24.04339599609375 3.932499885559082
v -0.12483242154121399 23.84088134765625 4.0
v -0.9165804982185364 23.81365966796875 4.0
v -0.12483242154121399 23.84088134765625 4.0
v -0.129471093416214 24.04339599609375 3.932499885559082
v -0.129471093416214 24.04339599609375 3.932499885559082
v -0.9258578419685364 24.0159912109375 3.932499885559082
v -0.9165804982185364 23.81365966796875 4.0
v -1.7014925479888916 23.768310546875 4.0
v -0.9165804982185364 23.81365966796875 4.0
v -0.9258578419685364 24.0159912109375 3.932499885559082
v -0.9258578419685364 24.0159912109375 3.932499885559082
v -1.7154085636138916 23.9703369140625 3.932499885559082
v -1.7014925479888916 23.768310546875 4.0
v -2.4793245792388916 23.704833984375 4.0
v -1.7014925479888916 23.768310546875 4.0
v -1.7154085636138916 23.9703369140625 3.932499885559082
v -1.7154085636138916 23.9703369140625 3.932499885559082
v -2.4981234073638916 23.90643310546875 3.932499885559082
v -2.4793245792388916 23.704833984375 4.0
v -3.2500765323638916 23.62322998046875 4.0
v -2.4793245792388916 23.704833984375 4.0
v -2.4981234073638916 23.90643310546875 3.932499885559082
v -2.4981234073638916 23.90643310546875 3.932499885559082
v -3.2740023136138916 23.8243408203125 3.932499885559082
v -3.2500765323638916 23.62322998046875 4.0
v -4.013992786407471 23.52349853515625 4.0
v -3.2500765323638916 23.62322998046875 4.0
v -3.2740023136138916 23.8243408203125 3.932499885559082
v -3.2740023136138916 23.8243408203125 3.932499885559082
v -4.042801380157471 23.72393798828125 3.932499885559082
v -4.013992786407471 23.52349853515625 4.0
v -4.771561145782471 23.405517578125 4.0
v -4.013992786407471 23.52349853515625 4.0
v -4.042801380157471 23.72393798828125 3.932499885559082
v -4.042801380157471 23.72393798828125 3.932499885559082
v -4.805008411407471 23.60528564453125 3.932499885559082
v -4.771561145782471 23.405517578125 4.0
v -5.518387317657471 23.27313232421875 4.0
v -4.771561145782471 23.405517578125 4.0
v -4.805008411407471 23.60528564453125 3.932499885559082
v -4.805008411407471 23.60528564453125 3.932499885559082
v -5.555496692657471 23.47222900390625 3.932499885559082
v -5.518387317657471 23.27313232421875 4.0
v -6.248856067657471 23.13018798828125 4.0
v -5.518387317657471 23.27313232421875 4.0
v -5.555496692657471 23.47222900390625 3.932499885559082
v -5.555496692657471 23.47222900390625 3.932499885559082
v -6.289383411407471 23.32855224609375 3.932499885559082
v -6.248856067657471 23.13018798828125 4.0
v -6.962234973907471 22.976806640625 4.0
v -6.248856067657471 23.13018798828125 4.0
v -6.289383411407471 23.32855224609375 3.932499885559082
v -6.289383411407471 23.32855224609375 3.932499885559082
v -7.006912708282471 23.17437744140625 3.932499885559082
v -6.962234973907471 22.976806640625 4.0
v -7.659012317657471 22.81304931640625 4.0
v -6.962234973907471 22.976806640625 4.0
v -7.006912708282471 23.17437744140625 3.932499885559082
v -7.006912708282471 23.17437744140625 3.932499885559082
v -7.707352161407471 23.00970458984375 3.932499885559082
v -7.659012317657471 22.81304931640625 4.0
v -8.339187622070312 22.63885498046875 4.0
v -7.659012317657471 22.81304931640625 4.0
v -7.707352161407471 23.00970458984375 3.932499885559082
v -7.707352161407471 23.00970458984375 3.932499885559082
v -8.391433715820312 22.83447265625 3.932499885559082
v -8.339187622070312 22.63885498046875 4.0
v -9.002273559570312 22.4542236328125 4.0
v -8.339187622070312 22.63885498046875 4.0
v -8.391433715820312 22.83447265625 3.932499885559082
v -8.391433715820312 22.83447265625 3.932499885559082
v -9.058670043945312 22.64874267578125 3.932499885559082
v -9.002273559570312 22.4542236328125 4.0
v -9.648757934570312 22.2591552734375 4.0
v -9.002273559570312 22.4542236328125 4.0
v -9.058670043945312 22.64874267578125 3.932499885559082
v -9.058670043945312 22.64874267578125 3.932499885559082
v -9.709304809570312 22.45245361328125 3.932499885559082
v -9.648757934570312 22.2591552734375 4.0
v -10.275955200195312 22.05633544921875 4.0
v -9.648757934570312 22.2591552734375 4.0
v -9.709304809570312 22.45245361328125 3.932499885559082
v -9.709304809570312 22.45245361328125 3.932499885559082
v -10.339920043945312 22.24847412109375 3.932499885559082
v -10.275955200195312 22.05633544921875 4.0
v -10.879470825195312 21.84881591796875 4.0
v -10.275955200195312 22.05633544921875 4.0
v -10.339920043945312 22.24847412109375 3.932499885559082
v -10.339920043945312 22.24847412109375 3.932499885559082
v -10.947097778320312 22.0396728515625 3.932499885559082
v -10.879470825195312 21.84881591796875 4.0
v -11.459304809570312 21.63671875 4.0
v -10.879470825195312 21.84881591796875 4.0
v -10.947097778320312 22.0396728515625 3.932499885559082
v -10.947097778320312 22.0396728515625 3.932499885559082
v -11.530838012695312 21.82611083984375 3.932499885559082
v -11.459304809570312 21.63671875 4.0
v -12.015213012695312 21.41998291015625 4.0
v -11.459304809570312 21.63671875 4.0
v -11.530838012695312 21.82611083984375 3.932499885559082
v -11.530838012695312 21.82611083984375 3.932499885559082
v -12.090896606445312 21.60784912109375 3.932499885559082
v -12.015213012695312 21.41998291015625 4.0
v -12.547439575195312 21.19873046875 4.0
v -12.015213012695312 21.41998291015625 4.0
v -12.090896606445312 21.60784912109375 3.932499885559082
v -12.090896606445312 21.60784912109375 3.932499885559082
v -12.627273559570312 21.384765625 3.932499885559082
v -12.547439575195312 21.19873046875 4.0
v -13.055740356445312 20.97296142578125 4.0
v -12.547439575195312 21.19873046875 4.0
v -12.627273559570312 21.384765625 3.932499885559082
v -12.627273559570312 21.384765625 3.932499885559082
v -13.140213012695312 21.156982421875 3.932499885559082
v -13.055740356445312 20.97296142578125 4.0
v -13.540359497070312 20.74267578125 4.0
v -13.055740356445312 20.97296142578125 4.0
v -13.140213012695312 21.156982421875 3.932499885559082
v -13.140213012695312 21.156982421875 3.932499885559082
v -13.629714965820312 20.9244384765625 3.932499885559082
v -13.540359497070312 20.74267578125 4.0
v -13.992263793945312 20.51300048828125 4.0
v -13.540359497070312 20.74267578125 4.0
v -13.629714965820312 20.9244384765625 3.932499885559082
v -13.629714965820312 20.9244384765625 3.932499885559082
v -14.086502075195312 20.692138671875 3.932499885559082
v -13.992263793945312 20.51300048828125 4.0
v -14.402175903320312 20.2891845703125 4.0
v -13.992263793945312 20.51300048828125 4.0
v -14.086502075195312 20.692138671875 3.932499885559082
v -14.086502075195312 20.692138671875 3.932499885559082
v -14.502273559570312 20.46527099609375 3.932499885559082
v -14.402175903320312 20.2891845703125 4.0
v -14.770095825195312 20.07171630859375 4.0
v -14.402175903320312 20.2891845703125 4.0
v -14.502273559570312 20.46527099609375 3.932499885559082
v -14.502273559570312 20.46527099609375 3.932499885559082
v -14.876785278320312 20.243896484375 3.932499885559082
v -14.770095825195312 20.07171630859375 4.0
v -15.095291137695312 19.86083984375 4.0
v -14.770095825195312 20.07171630859375 4.0
v -14.876785278320312 20.243896484375 3.932499885559082
v -14.876785278320312 20.243896484375 3.932499885559082
v -15.209548950195312 20.02801513671875 3.932499885559082
v -15.095291137695312 19.86083984375 4.0
v -15.377517700195312 19.6572265625 4.0
v -15.095291137695312 19.86083984375 4.0
v -15.209548950195312 20.02801513671875 3.932499885559082
v -15.209548950195312 20.02801513671875 3.932499885559082
v -15.501052856445312 19.81793212890625 3.932499885559082
v -15.377517700195312 19.6572265625 4.0
v -15.616775512695312 19.46173095703125 4.0
v -15.377517700195312 19.6572265625 4.0
v -15.501052856445312 19.81793212890625 3.932499885559082
v -15.501052856445312 19.81793212890625 3.932499885559082
v -15.750808715820312 19.61370849609375 3.932499885559082
v -15.616775512695312 19.46173095703125 4.0
v -15.814285278320312 19.27392578125 4.0
v -15.616775512695312 19.46173095703125 4.0
v -15.750808715820312 19.61370849609375 3.932499885559082
v -15.750808715820312 19.61370849609375 3.932499885559082
v -15.959548950195312 19.41534423828125 3.932499885559082
v -15.814285278320312 19.27392578125 4.0
v -15.986892700195312 19.0875244140625 4.0
v -15.814285278320312 19.27392578125 4.0
v -15.959548950195312 19.41534423828125 3.932499885559082
v -15.959548950195312 19.41534423828125 3.932499885559082
v -16.139724731445312 19.21673583984375 3.932499885559082
v -15.986892700195312 19.0875244140625 4.0
v -16.144851684570312 18.89495849609375 4.0
v -15.986892700195312 19.0875244140625 4.0
v -16.139724731445312 19.21673583984375 3.932499885559082
v -16.139724731445312 19.21673583984375 3.932499885559082
v -16.303298950195312 19.0113525390625 3.932499885559082
v -16.144851684570312 18.89495849609375 4.0
v -16.285476684570312 18.69561767578125 4.0
v -16.144851684570312 18.89495849609375 4.0
v -16.303298950195312 19.0113525390625 3.932499885559082
v -16.303298950195312 19.0113525390625 3.932499885559082
v -16.449295043945312 18.79913330078125 3.932499885559082
v -16.285476684570312 18.69561767578125 4.0
v -16.408035278320312 18.4893798828125 4.0
v -16.285476684570312 18.69561767578125 4.0
v -16.449295043945312 18.79913330078125 3.932499885559082
v -16.449295043945312 18.79913330078125 3.932499885559082
v -16.577713012695312 18.58001708984375 3.932499885559082
v -16.408035278320312 18.4893798828125 4.0
v -16.513259887695312 18.27630615234375 4.0
v -16.408035278320312 18.4893798828125 4.0
v -16.577713012695312 18.58001708984375 3.932499885559082
v -16.577713012695312 18.58001708984375 3.932499885559082
v -16.688308715820312 18.35406494140625 3.932499885559082
v -16.513259887695312 18.27630615234375 4.0
v -16.601150512695312 18.056640625 4.0
v -16.513259887695312 18.27630615234375 4.0
v -16.688308715820312 18.35406494140625 3.932499885559082
v -16.688308715820312 18.35406494140625 3.932499885559082
v -16.781570434570312 18.12127685546875 3.932499885559082
v -16.601150512695312 18.056640625 4.0
v -16.672683715820312 17.82958984375 4.0
v -16.601150512695312 18.056640625 4.0
v -16.781570434570312 18.12127685546875 3.932499885559082
v -16.781570434570312 18.12127685546875 3.932499885559082
v -16.857498168945312 17.8814697265625 3.932499885559082
v -16.672683715820312 17.82958984375 4.0
v -16.917312622070312 17.62432861328125 3.932499885559082
v -16.720779418945312 17.581787109375 4.0
v -16.672683715820312 17.82958984375 4.0
v -16.672683715820312 17.82958984375 4.0
v -16.857498168945312 17.8814697265625 3.932499885559082
v -16.917312622070312 17.62432861328125 3.932499885559082
v -16.770095825195312 17.30865478515625 4.0
v -16.720779418945312 17.581787109375 4.0
v -16.917312622070312 17.62432861328125 3.932499885559082
v -16.917312622070312 17.62432861328125 3.932499885559082
v -16.970046997070312 17.34161376953125 3.932499885559082
v -16.770095825195312 17.30865478515625 4.0
v -16.812576293945312 17.00860595703125 4.0
v -16.770095825195312 17.30865478515625 4.0
v -16.970046997070312 17.34161376953125 3.932499885559082
v -16.970046997070312 17.34161376953125 3.932499885559082
v -17.013748168945312 17.0330810546875 3.932499885559082
v -16.812576293945312 17.00860595703125 4.0
v -16.846023559570312 16.6815185546875 4.0
v -16.812576293945312 17.00860595703125 4.0
v -17.013748168945312 17.0330810546875 3.932499885559082
v -17.013748168945312 17.0330810546875 3.932499885559082
v -17.047683715820312 16.69854736328125 3.932499885559082
v -16.846023559570312 16.6815185546875 4.0
v -16.869949340820312 16.3275146484375 4.0
v -16.846023559570312 16.6815185546875 4.0
v -17.047683715820312 16.69854736328125 3.932499885559082
v -17.047683715820312 16.69854736328125 3.932499885559082
v -17.072097778320312 16.33819580078125 3.932499885559082
v -16.869949340820312 16.3275146484375 4.0
v -16.884353637695312 15.94696044921875 4.0
v -16.869949340820312 16.3275146484375 4.0
v -17.072097778320312 16.33819580078125 3.932499885559082
v -17.072097778320312 16.33819580078125 3.932499885559082
v -17.086746215820312 15.95196533203125 3.932499885559082
v -16.884353637695312 15.94696044921875 4.0
v -16.888992309570312 15.5396728515625 4.0
v -16.884353637695312 15.94696044921875 4.0
v -17.086746215820312 15.95196533203125 3.932499885559082
v -17.086746215820312 15.95196533203125 3.932499885559082
v -17.091629028320312 15.5399169921875 3.932499885559082
v -16.888992309570312 15.5396728515625 4.0
v -16.886306762695312 15.2330322265625 4.0
v -16.888992309570312 15.5396728515625 4.0
v -17.091629028320312 15.5399169921875 3.932499885559082
v -17.091629028320312 15.5399169921875 3.932499885559082
v -17.088699340820312 15.2291259765625 3.932499885559082
v -16.886306762695312 15.2330322265625 4.0
v -16.877517700195312 14.93408203125 4.0
v -16.886306762695312 15.2330322265625 4.0
v -17.088699340820312 15.2291259765625 3.932499885559082
v -17.088699340820312 15.2291259765625 3.932499885559082
v -17.079910278320312 14.92620849609375 3.932499885559082
v -16.877517700195312 14.93408203125 4.0
v -16.863113403320312 14.643310546875 4.0
v -16.877517700195312 14.93408203125 4.0
v -17.079910278320312 14.92620849609375 3.932499885559082
v -17.079910278320312 14.92620849609375 3.932499885559082
v -17.065261840820312 14.63116455078125 3.932499885559082
v -16.863113403320312 14.643310546875 4.0
v -16.843093872070312 14.36065673828125 4.0
v -16.863113403320312 14.643310546875 4.0
v -17.065261840820312 14.63116455078125 3.932499885559082
v -17.065261840820312 14.63116455078125 3.932499885559082
v -17.044998168945312 14.343994140625 3.932499885559082
v -16.843093872070312 14.36065673828125 4.0
v -16.817459106445312 14.08612060546875 4.0
v -16.843093872070312 14.36065673828125 4.0
v -17.044998168945312 14.343994140625 3.932499885559082
v -17.044998168945312 14.343994140625 3.932499885559082
v -17.018875122070312 14.0648193359375 3.932499885559082
v -16.817459106445312 14.08612060546875 4.0
v -16.788162231445312 13.81951904296875 4.0
v -16.817459106445312 14.08612060546875 4.0
v -17.018875122070312 14.0648193359375 3.932499885559082
v -17.018875122070312 14.0648193359375 3.932499885559082
v -16.987380981445312 13.79345703125 3.932499885559082
v -16.788162231445312 13.81951904296875 4.0
v -16.759841918945312 13.559814453125 4.0
v -16.788162231445312 13.81951904296875 4.0
v -16.987380981445312 13.79345703125 3.932499885559082
v -16.987380981445312 13.79345703125 3.932499885559082
v -16.951736450195312 13.52972412109375 3.932499885559082
v -16.759841918945312 13.559814453125 4.0
v -16.728103637695312 13.30938720703125 4.0
v -16.759841918945312 13.559814453125 4.0
v -16.951736450195312 13.52972412109375 3.932499885559082
v -16.951736450195312 13.52972412109375 3.932499885559082
v -16.911209106445312 13.275634765625 3.932499885559082
v -16.728103637695312 13.30938720703125 4.0
v -16.691238403320312 13.07061767578125 4.0
v -16.728103637695312 13.30938720703125 4.0
v -16.911209106445312 13.275634765625 3.932499885559082
v -16.911209106445312 13.275634765625 3.932499885559082
v -16.865798950195312 13.0333251953125 3.932499885559082
v -16.691238403320312 13.07061767578125 4.0
v -16.649734497070312 12.8436279296875 4.0
v -16.691238403320312 13.07061767578125 4.0
v -16.865798950195312 13.0333251953125 3.932499885559082
v -16.865798950195312 13.0333251953125 3.932499885559082
v -16.815505981445312 12.80267333984375 3.932499885559082
v -16.649734497070312 12.8436279296875 4.0
v -16.603103637695312 12.62835693359375 4.0
v -16.649734497070312 12.8436279296875 4.0
v -16.815505981445312 12.80267333984375 3.932499885559082
v -16.815505981445312 12.80267333984375 3.932499885559082
v -16.760330200195312 12.5838623046875 3.932499885559082
v -16.603103637695312 12.62835693359375 4.0
v -16.551589965820312 12.4248046875 4.0
v -16.603103637695312 12.62835693359375 4.0
v -16.760330200195312 12.5838623046875 3.932499885559082
v -16.760330200195312 12.5838623046875 3.932499885559082
v -16.700027465820312 12.37677001953125 3.932499885559082
v -16.551589965820312 12.4248046875 4.0
v -16.495193481445312 12.2330322265625 4.0
v -16.551589965820312 12.4248046875 4.0
v -16.700027465820312 12.37677001953125 3.932499885559082
v -16.700027465820312 12.37677001953125 3.932499885559082
v -16.635086059570312 12.181396484375 3.932499885559082
v -16.495193481445312 12.2330322265625 4.0
v -16.433914184570312 12.05328369140625 4.0
v -16.495193481445312 12.2330322265625 4.0
v -16.635086059570312 12.181396484375 3.932499885559082
v -16.635086059570312 12.181396484375 3.932499885559082
v -16.565017700195312 11.99786376953125 3.932499885559082
v -16.433914184570312 12.05328369140625 4.0
v -16.367019653320312 11.8858642578125 4.0
v -16.433914184570312 12.05328369140625 4.0
v -16.565017700195312 11.99786376953125 3.932499885559082
v -16.565017700195312 11.99786376953125 3.932499885559082
v -16.489822387695312 11.82623291015625 3.932499885559082
v -16.367019653320312 11.8858642578125 4.0
v -16.294509887695312 11.73046875 4.0
v -16.367019653320312 11.8858642578125 4.0
v -16.489822387695312 11.82623291015625 3.932499885559082
v -16.489822387695312 11.82623291015625 3.932499885559082
v -16.408523559570312 11.66650390625 3.932499885559082
v -16.294509887695312 11.73046875 4.0
v -16.215896606445312 11.5869140625 4.0
v -16.294509887695312 11.73046875 4.0
v -16.408523559570312 11.66650390625 3.932499885559082
v -16.408523559570312 11.66650390625 3.932499885559082
v -16.321365356445312 11.51861572265625 3.932499885559082
v -16.215896606445312 11.5869140625 4.0
v -16.131668090820312 11.455322265625 4.0
v -16.215896606445312 11.5869140625 4.0
v -16.321365356445312 11.51861572265625 3.932499885559082
v -16.321365356445312 11.51861572265625 3.932499885559082
v -16.228591918945312 11.38250732421875 3.932499885559082
v -16.131668090820312 11.455322265625 4.0
v -16.041336059570312 11.3355712890625 4.0
v -16.131668090820312 11.455322265625 4.0
v -16.228591918945312 11.38250732421875 3.932499885559082
v -16.228591918945312 11.38250732421875 3.932499885559082
v -16.129714965820312 11.25830078125 3.932499885559082
v -16.041336059570312 11.3355712890625 4.0
v -15.945144653320312 11.22772216796875 4.0
v -16.041336059570312 11.3355712890625 4.0
v -16.129714965820312 11.25830078125 3.932499885559082
v -16.129714965820312 11.25830078125 3.932499885559082
v -16.025222778320312 11.14593505859375 3.932499885559082
v -15.945144653320312 11.22772216796875 4.0
v -15.844070434570312 11.1312255859375 4.0
v -15.945144653320312 11.22772216796875 4.0
v -16.025222778320312 11.14593505859375 3.932499885559082
v -16.025222778320312 11.14593505859375 3.932499885559082
v -15.914871215820312 11.04522705078125 3.932499885559082
v -15.844070434570312 11.1312255859375 4.0
v -15.738357543945312 11.047119140625 4.0
v -15.844070434570312 11.1312255859375 4.0
v -15.914871215820312 11.04522705078125 3.932499885559082
v -15.914871215820312 11.04522705078125 3.932499885559082
v -15.799392700195312 10.95721435546875 3.932499885559082
v -15.738357543945312 11.047119140625 4.0
v -15.628005981445312 10.9769287109375 4.0
v -15.738357543945312 11.047119140625 4.0
v -15.799392700195312 10.95721435546875 3.932499885559082
v -15.799392700195312 10.95721435546875 3.932499885559082
v -15.679031372070312 10.88299560546875 3.932499885559082
v -15.628005981445312 10.9769287109375 4.0
v -15.512771606445312 10.920654296875 4.0
v -15.628005981445312 10.9769287109375 4.0
v -15.679031372070312 10.88299560546875 3.932499885559082
v -15.679031372070312 10.88299560546875 3.932499885559082
v -15.554031372070312 10.82257080078125 3.932499885559082
v -15.512771606445312 10.920654296875 4.0
v -15.393142700195312 10.87750244140625 4.0
v -15.512771606445312 10.920654296875 4.0
v -15.554031372070312 10.82257080078125 3.932499885559082
v -15.554031372070312 10.82257080078125 3.932499885559082
v -15.423904418945312 10.7757568359375 3.932499885559082
v -15.393142700195312 10.87750244140625 4.0
v -15.268630981445312 10.8472900390625 4.0
v -15.393142700195312 10.87750244140625 4.0
v -15.423904418945312 10.7757568359375 3.932499885559082
v -15.423904418945312 10.7757568359375 3.932499885559082
v -15.289138793945312 10.742431640625 3.932499885559082
v -15.268630981445312 10.8472900390625 4.0
v -15.149490356445312 10.722900390625 3.932499885559082
v -15.139236450195312 10.83087158203125 4.0
v -15.268630981445312 10.8472900390625 4.0
v -15.268630981445312 10.8472900390625 4.0
v -15.289138793945312 10.742431640625 3.932499885559082
v -15.149490356445312 10.722900390625 3.932499885559082
v -15.004959106445312 10.717041015625 3.932499885559082
v -15.005691528320312 10.8282470703125 4.0
v -15.139236450195312 10.83087158203125 4.0
v -15.139236450195312 10.83087158203125 4.0
v -15.149490356445312 10.722900390625 3.932499885559082
v -15.004959106445312 10.717041015625 3.932499885559082
v -14.783279418945312 10.75042724609375 3.932499885559082
v -14.802566528320312 10.9205322265625 4.0
v -15.005691528320312 10.8282470703125 4.0
v -15.005691528320312 10.8282470703125 4.0
v -15.004959106445312 10.717041015625 3.932499885559082
v -14.783279418945312 10.75042724609375 3.932499885559082
v -14.543289184570312 10.79595947265625 3.932499885559082
v -14.582351684570312 10.97930908203125 4.0
v -14.802566528320312 10.9205322265625 4.0
v -14.802566528320312 10.9205322265625 4.0
v -14.783279418945312 10.75042724609375 3.932499885559082
v -14.543289184570312 10.79595947265625 3.932499885559082
v -14.284744262695312 10.8681640625 3.932499885559082
v -14.342605590820312 11.0623779296875 4.0
v -14.582351684570312 10.97930908203125 4.0
v -14.582351684570312 10.97930908203125 4.0
v -14.543289184570312 10.79595947265625 3.932499885559082
v -14.284744262695312 10.8681640625 3.932499885559082
v -14.076004028320312 11.152587890625 4.0
v -14.342605590820312 11.0623779296875 4.0
v -14.284744262695312 10.8681640625 3.932499885559082
v -14.284744262695312 10.8681640625 3.932499885559082
v -14.005203247070312 10.9627685546875 3.932499885559082
v -14.076004028320312 11.152587890625 4.0
v -13.787918090820312 11.270263671875 4.0
v -14.076004028320312 11.152587890625 4.0
v -14.005203247070312 10.9627685546875 3.932499885559082
v -14.005203247070312 10.9627685546875 3.932499885559082
v -13.706619262695312 11.08477783203125 3.932499885559082
v -13.787918090820312 11.270263671875 4.0
v -13.478836059570312 11.4156494140625 4.0
v -13.787918090820312 11.270263671875 4.0
v -13.706619262695312 11.08477783203125 3.932499885559082
v -13.706619262695312 11.08477783203125 3.932499885559082
v -13.388748168945312 11.23431396484375 3.932499885559082
v -13.478836059570312 11.4156494140625 4.0
v -13.146072387695312 11.59051513671875 4.0
v -13.478836059570312 11.4156494140625 4.0
v -13.388748168945312 11.23431396484375 3.932499885559082
v -13.388748168945312 11.23431396484375 3.932499885559082
v -13.050857543945312 11.4117431640625 3.932499885559082
v -13.146072387695312 11.59051513671875 4.0
v -12.784744262695312 11.78570556640625 4.0
v -13.146072387695312 11.59051513671875 4.0
v -13.050857543945312 11.4117431640625 3.932499885559082
v -13.050857543945312 11.4117431640625 3.932499885559082
v -12.689773559570312 11.6068115234375 3.932499885559082
v -12.784744262695312 11.78570556640625 4.0
v -12.396072387695312 11.98828125 4.0
v -12.784744262695312 11.78570556640625 4.0
v -12.689773559570312 11.6068115234375 3.932499885559082
v -12.689773559570312 11.6068115234375 3.932499885559082
v -12.303543090820312 11.80804443359375 3.932499885559082
v -12.396072387695312 11.98828125 4.0
v -11.983230590820312 12.19647216796875 4.0
v -12.396072387695312 11.98828125 4.0
v -12.303543090820312 11.80804443359375 3.932499885559082
v -12.303543090820312 11.80804443359375 3.932499885559082
v -11.893142700195312 12.01513671875 3.932499885559082
v -11.983230590820312 12.19647216796875 4.0
v -11.546218872070312 12.410400390625 4.0
v -11.983230590820312 12.19647216796875 4.0
v -11.893142700195312 12.01513671875 3.932499885559082
v -11.893142700195312 12.01513671875 3.932499885559082
v -11.458084106445312 12.22802734375 3.932499885559082
v -11.546218872070312 12.410400390625 4.0
v -11.085037231445312 12.6300048828125 4.0
v -11.546218872070312 12.410400390625 4.0
v -11.458084106445312 12.22802734375 3.932499885559082
v -11.458084106445312 12.22802734375 3.932499885559082
v -10.998855590820312 12.44671630859375 3.932499885559082
v -11.085037231445312 12.6300048828125 4.0
v -10.599685668945312 12.85528564453125 4.0
v -11.085037231445312 12.6300048828125 4.0
v -10.998855590820312 12.44671630859375 3.932499885559082
v -10.998855590820312 12.44671630859375 3.932499885559082
v -10.515213012695312 12.6712646484375 3.932499885559082
v -10.599685668945312 12.85528564453125 4.0
v -10.089187622070312 13.08685302734375 4.0
v -10.599685668945312 12.85528564453125 4.0
v -10.515213012695312 12.6712646484375 3.932499885559082
v -10.515213012695312 12.6712646484375 3.932499885559082
v -10.007156372070312 12.9017333984375 3.932499885559082
v -10.089187622070312 13.08685302734375 4.0
v -9.553298950195312 13.31915283203125 4.0
v -10.089187622070312 13.08685302734375 4.0
v -10.007156372070312 12.9017333984375 3.932499885559082
v -10.007156372070312 12.9017333984375 3.932499885559082
v -9.474929809570312 13.13238525390625 3.932499885559082
v -9.553298950195312 13.31915283203125 4.0
v -8.994216918945312 13.54571533203125 4.0
v -9.553298950195312 13.31915283203125 4.0
v -9.474929809570312 13.13238525390625 3.932499885559082
v -9.474929809570312 13.13238525390625 3.932499885559082
v -8.920242309570312 13.357177734375 3.932499885559082
v -8.994216918945312 13.54571533203125 4.0
v -8.412918090820312 13.7662353515625 4.0
v -8.994216918945312 13.54571533203125 4.0
v -8.920242309570312 13.357177734375 3.932499885559082
v -8.920242309570312 13.357177734375 3.932499885559082
v -8.343093872070312 13.57611083984375 3.932499885559082
v -8.412918090820312 13.7662353515625 4.0
v -7.809402942657471 13.98065185546875 4.0
v -8.412918090820312 13.7662353515625 4.0
v -8.343093872070312 13.57611083984375 3.932499885559082
v -8.343093872070312 13.57611083984375 3.932499885559082
v -7.743484973907471 13.78912353515625 3.932499885559082
v -7.809402942657471 13.98065185546875 4.0
v -7.183670520782471 14.18896484375 4.0
v -7.809402942657471 13.98065185546875 4.0
v -7.743484973907471 13.78912353515625 3.932499885559082
v -7.743484973907471 13.78912353515625 3.932499885559082
v -7.121414661407471 13.9962158203125 3.932499885559082
v -7.183670520782471 14.18896484375 4.0
v -6.535721302032471 14.39129638671875 4.0
v -7.183670520782471 14.18896484375 4.0
v -7.121414661407471 13.9962158203125 3.932499885559082
v -7.121414661407471 13.9962158203125 3.932499885559082
v -6.477127552032471 14.19744873046875 3.932499885559082
v -6.535721302032471 14.39129638671875 4.0
v -5.863602161407471 14.588134765625 4.0
v -6.535721302032471 14.39129638671875 4.0
v -6.477127552032471 14.19744873046875 3.932499885559082
v -6.477127552032471 14.19744873046875 3.932499885559082
v -5.809891223907471 14.39288330078125 3.932499885559082
v -5.863602161407471 14.588134765625 4.0
v -5.163406848907471 14.76910400390625 4.0
v -5.863602161407471 14.588134765625 4.0
v -5.809891223907471 14.39288330078125 3.932499885559082
v -5.809891223907471 14.39288330078125 3.932499885559082
v -5.117264270782471 14.5718994140625 3.932499885559082
v -5.163406848907471 14.76910400390625 4.0
v -4.435379505157471 14.92242431640625 4.0
v -5.163406848907471 14.76910400390625 4.0
v -5.117264270782471 14.5718994140625 3.932499885559082
v -5.117264270782471 14.5718994140625 3.932499885559082
v -4.398025989532471 14.723388671875 3.932499885559082
v -4.435379505157471 14.92242431640625 4.0
v -3.6814730167388916 15.0477294921875 4.0
v -4.435379505157471 14.92242431640625 4.0
v -4.398025989532471 14.723388671875 3.932499885559082
v -4.398025989532471 14.723388671875 3.932499885559082
v -3.6524202823638916 14.8472900390625 3.932499885559082
v -3.6814730167388916 15.0477294921875 4.0
v -2.9019320011138916 15.14508056640625 4.0
v -3.6814730167388916 15.0477294921875 4.0
v -3.6524202823638916 14.8472900390625 3.932499885559082
v -3.6524202823638916 14.8472900390625 3.932499885559082
v -2.8806917667388916 14.94366455078125 3.932499885559082
v -2.9019320011138916 15.14508056640625 4.0
v -2.0962679386138916 15.21453857421875 4.0
v -2.9019320011138916 15.14508056640625 4.0
v -2.8806917667388916 14.94366455078125 3.932499885559082
v -2.8806917667388916 14.94366455078125 3.932499885559082
v -2.0825960636138916 15.01251220703125 3.932499885559082
v -2.0962679386138916 15.21453857421875 4.0
v -1.2649691104888916 15.25616455078125 4.0
v -2.0962679386138916 15.21453857421875 4.0
v -2.0825960636138916 15.01251220703125 3.932499885559082
v -2.0825960636138916 15.01251220703125 3.932499885559082
v -1.2583773136138916 15.05377197265625 3.932499885559082
v -1.2649691104888916 15.25616455078125 4.0
v -0.408035546541214 15.27001953125 4.0
v -1.2649691104888916 15.25616455078125 4.0
v -1.2583773136138916 15.05377197265625 3.932499885559082
v -1.2583773136138916 15.05377197265625 3.932499885559082
v -0.407791405916214 15.0675048828125 3.932499885559082
v -0.408035546541214 15.27001953125 4.0
v 0.241866797208786 15.26007080078125 4.0
v -0.408035546541214 15.27001953125 4.0
v -0.407791405916214 15.0675048828125 3.932499885559082
v -0.407791405916214 15.0675048828125 3.932499885559082
v 0.235519140958786 15.0576171875 3.932499885559082
v 0.241866797208786 15.26007080078125 4.0
v 0.8622280955314636 15.23004150390625 4.0
v 0.241866797208786 15.26007080078125 4.0
v 0.235519140958786 15.0576171875 3.932499885559082
v 0.235519140958786 15.0576171875 3.932499885559082
v 0.8485562205314636 15.0279541015625 3.932499885559082
v 0.8622280955314636 15.23004150390625 4.0
v 1.4530484676361084 15.17987060546875 4.0
v 0.8622280955314636 15.23004150390625 4.0
v 0.8485562205314636 15.0279541015625 3.932499885559082
v 0.8485562205314636 15.0279541015625 3.932499885559082
v 1.4318082332611084 14.97845458984375 3.932499885559082
v 1.4530484676361084 15.17987060546875 4.0
v 2.0148160457611084 15.1094970703125 4.0
v 1.4530484676361084 15.17987060546875 4.0
v 1.4318082332611084 14.97845458984375 3.932499885559082
v 1.4318082332611084 14.97845458984375 3.932499885559082
v 1.9852750301361084 14.90911865234375 3.932499885559082
v 2.0148160457611084 15.1094970703125 4.0
v 2.5472867488861084 15.01873779296875 4.0
v 2.0148160457611084 15.1094970703125 4.0
v 1.9852750301361084 14.90911865234375 3.932499885559082
v 1.9852750301361084 14.90911865234375 3.932499885559082
v 2.5084683895111084 14.8199462890625 3.932499885559082
v 2.5472867488861084 15.01873779296875 4.0
v 3.0509488582611084 14.9073486328125 4.0
v 2.5472867488861084 15.01873779296875 4.0
v 2.5084683895111084 14.8199462890625 3.932499885559082
v 2.5084683895111084 14.8199462890625 3.932499885559082
v 3.0018765926361084 14.7108154296875 3.932499885559082
v 3.0509488582611084 14.9073486328125 4.0
v 3.5255582332611084 14.77508544921875 4.0
v 3.0509488582611084 14.9073486328125 4.0
v 3.0018765926361084 14.7108154296875 3.932499885559082
v 3.0018765926361084 14.7108154296875 3.932499885559082
v 3.4652554988861084 14.5816650390625 3.932499885559082
v 3.5255582332611084 14.77508544921875 4.0
v 3.9735562801361084 14.62078857421875 4.0
v 3.5255582332611084 14.77508544921875 4.0
v 3.4652554988861084 14.5816650390625 3.932499885559082
v 3.4652554988861084 14.5816650390625 3.932499885559082
v 3.9012906551361084 14.43145751953125 3.932499885559082
v 3.9735562801361084 14.62078857421875 4.0
v 4.396895885467529 14.443115234375 4.0
v 3.9735562801361084 14.62078857421875 4.0
v 3.9012906551361084 14.43145751953125 3.932499885559082
v 3.9012906551361084 14.43145751953125 3.932499885559082
v 4.311934947967529 14.2591552734375 3.932499885559082
v 4.396895885467529 14.443115234375 4.0
v 4.795333385467529 14.2420654296875 4.0
v 4.396895885467529 14.443115234375 4.0
v 4.311934947967529 14.2591552734375 3.932499885559082
v 4.311934947967529 14.2591552734375 3.932499885559082
v 4.697432994842529 14.064697265625 3.932499885559082
v 4.795333385467529 14.2420654296875 4.0
v 5.168624401092529 14.01739501953125 4.0
v 4.795333385467529 14.2420654296875 4.0
v 4.697432994842529 14.064697265625 3.932499885559082
v 4.697432994842529 14.064697265625 3.932499885559082
v 5.057296276092529 13.84796142578125 3.932499885559082
v 5.168624401092529 14.01739501953125 4.0
v 5.516280651092529 13.76910400390625 4.0
v 5.168624401092529 14.01739501953125 4.0
v 5.057296276092529 13.84796142578125 3.932499885559082
v 5.057296276092529 13.84796142578125 3.932499885559082
v 5.391768932342529 13.609130859375 3.932499885559082
v 5.516280651092529 13.76910400390625 4.0
v 5.838057994842529 13.4971923828125 4.0
v 5.516280651092529 13.76910400390625 4.0
v 5.391768932342529 13.609130859375 3.932499885559082
v 5.391768932342529 13.609130859375 3.932499885559082
v 5.700850963592529 13.3480224609375 3.932499885559082
v 5.838057994842529 13.4971923828125 4.0
v 6.132979869842529 13.20233154296875 4.0
v 5.838057994842529 13.4971923828125 4.0
v 5.700850963592529 13.3480224609375 3.932499885559082
v 5.700850963592529 13.3480224609375 3.932499885559082
v 5.984054088592529 13.06488037109375 3.932499885559082
v 6.132979869842529 13.20233154296875 4.0
v 6.402266979217529 12.88592529296875 4.0
v 6.132979869842529 13.20233154296875 4.0
v 5.984054088592529 13.06488037109375 3.932499885559082
v 5.984054088592529 13.06488037109375 3.932499885559082
v 6.243087291717529 12.76043701171875 3.932499885559082
v 6.402266979217529 12.88592529296875 4.0
v 6.648360729217529 12.548583984375 4.0
v 6.402266979217529 12.88592529296875 4.0
v 6.243087291717529 12.76043701171875 3.932499885559082
v 6.243087291717529 12.76043701171875 3.932499885559082
v 6.480391979217529 12.43524169921875 3.932499885559082
v 6.648360729217529 12.548583984375 4.0
v 6.871505260467529 12.190185546875 4.0
v 6.648360729217529 12.548583984375 4.0
v 6.480391979217529 12.43524169921875 3.932499885559082
v 6.480391979217529 12.43524169921875 3.932499885559082
v 6.695968151092529 12.08929443359375 3.932499885559082
v 6.871505260467529 12.190185546875 4.0
v 7.071700572967529 11.81097412109375 4.0
v 6.871505260467529 12.190185546875 4.0
v 6.695968151092529 12.08929443359375 3.932499885559082
v 6.695968151092529 12.08929443359375 3.932499885559082
v 6.889327526092529 11.7225341796875 3.932499885559082
v 7.071700572967529 11.81097412109375 4.0
v 7.248946666717529 11.4112548828125 4.0
v 7.071700572967529 11.81097412109375 4.0
v 6.889327526092529 11.7225341796875 3.932499885559082
v 6.889327526092529 11.7225341796875 3.932499885559082
v 7.061202526092529 11.335205078125 3.932499885559082
v 7.248946666717529 11.4112548828125 4.0
v 7.403243541717529 10.9912109375 4.0
v 7.248946666717529 11.4112548828125 4.0
v 7.061202526092529 11.335205078125 3.932499885559082
v 7.061202526092529 11.335205078125 3.932499885559082
v 7.211104869842529 10.92724609375 3.932499885559082
v 7.403243541717529 10.9912109375 4.0
v 7.534835338592529 10.5517578125 4.0
v 7.403243541717529 10.9912109375 4.0
v 7.211104869842529 10.92724609375 3.932499885559082
v 7.211104869842529 10.92724609375 3.932499885559082
v 7.339278697967529 10.4989013671875 3.932499885559082
v 7.534835338592529 10.5517578125 4.0
v 7.645675182342529 10.09368896484375 4.0
v 7.534835338592529 10.5517578125 4.0
v 7.339278697967529 10.4989013671875 3.932499885559082
v 7.339278697967529 10.4989013671875 3.932499885559082
v 7.447921276092529 10.05035400390625 3.932499885559082
v 7.645675182342529 10.09368896484375 4.0
v 7.739425182342529 9.61639404296875 4.0
v 7.645675182342529 10.09368896484375 4.0
v 7.447921276092529 10.05035400390625 3.932499885559082
v 7.447921276092529 10.05035400390625 3.932499885559082
v 7.539718151092529 9.58154296875 3.932499885559082
v 7.739425182342529 9.61639404296875 4.0
v 7.815597057342529 9.119140625 4.0
v 7.739425182342529 9.61639404296875 4.0
v 7.539718151092529 9.58154296875 3.932499885559082
v 7.539718151092529 9.58154296875 3.932499885559082
v 7.614913463592529 9.09222412109375 3.932499885559082
v 7.815597057342529 9.119140625 4.0
v 7.874923229217529 8.6019287109375 4.0
v 7.815597057342529 9.119140625 4.0
v 7.614913463592529 9.09222412109375 3.932499885559082
v 7.614913463592529 9.09222412109375 3.932499885559082
v 7.673263072967529 8.58245849609375 3.932499885559082
v 7.874923229217529 8.6019287109375 4.0
v 7.917159557342529 8.064697265625 4.0
v 7.874923229217529 8.6019287109375 4.0
v 7.673263072967529 8.58245849609375 3.932499885559082
v 7.673263072967529 8.58245849609375 3.932499885559082
v 7.715011119842529 8.0521240234375 3.932499885559082
v 7.917159557342529 8.064697265625 4.0
v 7.942550182342529 7.50738525390625 4.0
v 7.917159557342529 8.064697265625 4.0
v 7.715011119842529 8.0521240234375 3.932499885559082
v 7.715011119842529 8.0521240234375 3.932499885559082
v 7.740157604217529 7.5013427734375 3.932499885559082
v 7.942550182342529 7.50738525390625 4.0
v 7.950850963592529 6.93194580078125 4.0
v 7.942550182342529 7.50738525390625 4.0
v 7.740157604217529 7.5013427734375 3.932499885559082
v 7.740157604217529 7.5013427734375 3.932499885559082
v 7.748458385467529 6.93048095703125 3.932499885559082
v 7.950850963592529 6.93194580078125 4.0
v 7.746505260467529 4.53863525390625 3.932499885559082
v 7.943038463592529 4.3846435546875 4.0
v 7.950850963592529 6.93194580078125 4.0
v 7.950850963592529 6.93194580078125 4.0
v 7.748458385467529 6.93048095703125 3.932499885559082
v 7.746505260467529 4.53863525390625 3.932499885559082
v 10.190353393554688 -22.529541015625 0.0
v 10.333908081054688 -22.603759765625 0.0
v 10.267501831054688 -22.721435546875 0.06750011444091797
v 10.267501831054688 -22.721435546875 0.06750011444091797
v 10.117599487304688 -22.63055419921875 0.06750011444091797
v 10.190353393554688 -22.529541015625 0.0
v 10.072677612304688 -22.44329833984375 0.0
v 10.190353393554688 -22.529541015625 0.0
v 10.117599487304688 -22.63055419921875 0.06750011444091797
v 10.117599487304688 -22.63055419921875 0.06750011444091797
v 9.991622924804688 -22.5301513671875 0.06750011444091797
v 10.072677612304688 -22.44329833984375 0.0
v 10.501144409179688 -22.66900634765625 2.384185791015625e-07
v 10.692062377929688 -22.72515869140625 0.0
v 10.638351440429688 -22.87664794921875 0.06750011444091797
v 10.638351440429688 -22.87664794921875 0.06750011444091797
v 10.441085815429688 -22.803466796875 0.06750011444091797
v 10.501144409179688 -22.66900634765625 2.384185791015625e-07
v 10.333908081054688 -22.603759765625 0.0
v 10.501144409179688 -22.66900634765625 2.384185791015625e-07
v 10.441085815429688 -22.803466796875 0.06750011444091797
v 10.441085815429688 -22.803466796875 0.06750011444091797
v 10.267501831054688 -22.721435546875 0.06750011444091797
v 10.333908081054688 -22.603759765625 0.0
v 10.906417846679688 -22.77239990234375 2.384185791015625e-07
v 11.144699096679688 -22.81072998046875 0.0
v 11.103439331054688 -22.9967041015625 0.06750011444091797
v 11.103439331054688 -22.9967041015625 0.06750011444091797
v 10.859054565429688 -22.94110107421875 0.06750011444091797
v 10.906417846679688 -22.77239990234375 2.384185791015625e-07
v 10.692062377929688 -22.72515869140625 0.0
v 10.906417846679688 -22.77239990234375 2.384185791015625e-07
v 10.859054565429688 -22.94110107421875 0.06750011444091797
v 10.859054565429688 -22.94110107421875 0.06750011444091797
v 10.638351440429688 -22.87664794921875 0.06750011444091797
v 10.692062377929688 -22.72515869140625 0.0
v 11.404953002929688 -22.84503173828125 2.384185791015625e-07
v 11.699386596679688 -22.88812255859375 2.384185791015625e-07
v 11.673995971679688 -23.08905029296875 0.06750011444091797
v 11.673995971679688 -23.08905029296875 0.06750011444091797
v 11.371017456054688 -23.044677734375 0.06750011444091797
v 11.404953002929688 -22.84503173828125 2.384185791015625e-07
v 11.144699096679688 -22.81072998046875 0.0
v 11.404953002929688 -22.84503173828125 2.384185791015625e-07
v 11.371017456054688 -23.044677734375 0.06750011444091797
v 11.371017456054688 -23.044677734375 0.06750011444091797
v 11.103439331054688 -22.9967041015625 0.06750011444091797
v 11.144699096679688 -22.81072998046875 0.0
v 12.044113159179688 -22.92498779296875 2.384185791015625e-07
v 12.438888549804688 -22.9554443359375 0.0
v 12.425704956054688 -23.15753173828125 0.06750011444091797
v 12.425704956054688 -23.15753173828125 0.06750011444091797
v 12.025558471679688 -23.126708984375 0.06750011444091797
v 12.044113159179688 -22.92498779296875 2.384185791015625e-07
v 11.699386596679688 -22.88812255859375 2.384185791015625e-07
v 12.044113159179688 -22.92498779296875 2.384185791015625e-07
v 12.025558471679688 -23.126708984375 0.06750011444091797
v 12.025558471679688 -23.126708984375 0.06750011444091797
v 11.673995971679688 -23.08905029296875 0.06750011444091797
v 11.699386596679688 -22.88812255859375 2.384185791015625e-07
v 12.883224487304688 -22.979248046875 2.384185791015625e-07
v 13.376632690429688 -22.996337890625 2.384185791015625e-07
v 13.371261596679688 -23.19873046875 0.06750011444091797
v 13.371261596679688 -23.19873046875 0.06750011444091797
v 12.874191284179688 -23.18157958984375 0.06750011444091797
v 12.883224487304688 -22.979248046875 2.384185791015625e-07
v 12.438888549804688 -22.9554443359375 0.0
v 12.883224487304688 -22.979248046875 2.384185791015625e-07
v 12.874191284179688 -23.18157958984375 0.06750011444091797
v 12.874191284179688 -23.18157958984375 0.06750011444091797
v 12.425704956054688 -23.15753173828125 0.06750011444091797
v 12.438888549804688 -22.9554443359375 0.0
v 13.918869018554688 -23.006591796875 0.0
v 14.509689331054688 -23.010009765625 0.0
v 14.509689331054688 -23.2125244140625 0.06750011444091797
v 14.509689331054688 -23.2125244140625 0.06750011444091797
v 13.916183471679688 -23.20904541015625 0.06750011444091797
v 13.918869018554688 -23.006591796875 0.0
v 13.376632690429688 -22.996337890625 2.384185791015625e-07
v 13.918869018554688 -23.006591796875 0.0
v 13.916183471679688 -23.20904541015625 0.06750011444091797
v 13.916183471679688 -23.20904541015625 0.06750011444091797
v 13.371261596679688 -23.19873046875 0.06750011444091797
v 13.376632690429688 -22.996337890625 2.384185791015625e-07
v 15.063400268554688 -23.006591796875 2.384185791015625e-07
v 15.576583862304688 -22.99639892578125 2.384185791015625e-07
v 15.582199096679688 -23.1988525390625 0.06750011444091797
v 15.582199096679688 -23.1988525390625 0.06750011444091797
v 15.066085815429688 -23.2091064453125 0.06750011444091797
v 15.063400268554688 -23.006591796875 2.384185791015625e-07
v 14.509689331054688 -23.010009765625 0.0
v 15.063400268554688 -23.006591796875 2.384185791015625e-07
v 15.066085815429688 -23.2091064453125 0.06750011444091797
v 15.066085815429688 -23.2091064453125 0.06750011444091797
v 14.509689331054688 -23.2125244140625 0.06750011444091797
v 14.509689331054688 -23.010009765625 0.0
v 16.048507690429688 -22.97943115234375 0.0
v 16.479415893554688 -22.95574951171875 0.0
v 16.492843627929688 -23.1578369140625 0.06750011444091797
v 16.492843627929688 -23.1578369140625 0.06750011444091797
v 16.057785034179688 -23.1817626953125 0.06750011444091797
v 16.048507690429688 -22.97943115234375 0.0
v 15.576583862304688 -22.99639892578125 2.384185791015625e-07
v 16.048507690429688 -22.97943115234375 0.0
v 16.057785034179688 -23.1817626953125 0.06750011444091797
v 16.057785034179688 -23.1817626953125 0.06750011444091797
v 15.582199096679688 -23.1988525390625 0.06750011444091797
v 15.576583862304688 -22.99639892578125 2.384185791015625e-07
v 16.868820190429688 -22.92547607421875 2.384185791015625e-07
v 17.216232299804688 -22.88873291015625 0.0
v 17.241134643554688 -23.0897216796875 0.06750011444091797
v 17.241134643554688 -23.0897216796875 0.06750011444091797
v 16.887374877929688 -23.12713623046875 0.06750011444091797
v 16.868820190429688 -22.92547607421875 2.384185791015625e-07
v 16.479415893554688 -22.95574951171875 0.0
v 16.868820190429688 -22.92547607421875 2.384185791015625e-07
v 16.887374877929688 -23.12713623046875 0.06750011444091797
v 16.887374877929688 -23.12713623046875 0.06750011444091797
v 16.492843627929688 -23.1578369140625 0.06750011444091797
v 16.479415893554688 -22.95574951171875 0.0
v 17.521652221679688 -22.84564208984375 0.0
v 17.794113159179688 -22.796875 0.0
v 17.835372924804688 -22.99407958984375 0.06750011444091797
v 17.835372924804688 -22.99407958984375 0.06750011444091797
v 17.554122924804688 -23.0455322265625 0.06750011444091797
v 17.521652221679688 -22.84564208984375 0.0
v 17.216232299804688 -22.88873291015625 0.0
v 17.521652221679688 -22.84564208984375 0.0
v 17.554122924804688 -23.0455322265625 0.06750011444091797
v 17.554122924804688 -23.0455322265625 0.06750011444091797
v 17.241134643554688 -23.0897216796875 0.06750011444091797
v 17.216232299804688 -22.88873291015625 0.0
v 18.094894409179688 -22.9384765625 0.06750011444091797
v 18.047286987304688 -22.75787353515625 0.0
v 18.277999877929688 -22.70989990234375 0.0
v 18.277999877929688 -22.70989990234375 0.0
v 18.331710815429688 -22.8740234375 0.06750011444091797
v 18.094894409179688 -22.9384765625 0.06750011444091797
v 17.835372924804688 -22.99407958984375 0.06750011444091797
v 17.794113159179688 -22.796875 0.0
v 18.047286987304688 -22.75787353515625 0.0
v 18.047286987304688 -22.75787353515625 0.0
v 18.094894409179688 -22.9384765625 0.06750011444091797
v 17.835372924804688 -22.99407958984375 0.06750011444091797
v 18.546066284179688 -22.80072021484375 0.06750011444091797
v 18.486007690429688 -22.65301513671875 2.384185791015625e-07
v 18.671310424804688 -22.58709716796875 0.0
v 18.671310424804688 -22.58709716796875 0.0
v 18.737716674804688 -22.7186279296875 0.06750011444091797
v 18.546066284179688 -22.80072021484375 0.06750011444091797
v 18.331710815429688 -22.8740234375 0.06750011444091797
v 18.277999877929688 -22.70989990234375 0.0
v 18.486007690429688 -22.65301513671875 2.384185791015625e-07
v 18.486007690429688 -22.65301513671875 2.384185791015625e-07
v 18.546066284179688 -22.80072021484375 0.06750011444091797
v 18.331710815429688 -22.8740234375 0.06750011444091797
v 18.906906127929688 -22.62762451171875 0.06750011444091797
v 18.833908081054688 -22.51214599609375 0.0
v 18.972335815429688 -22.4266357421875 2.384185791015625e-07
v 18.972335815429688 -22.4266357421875 2.384185791015625e-07
v 19.053146362304688 -22.52734375 0.06750011444091797
v 18.906906127929688 -22.62762451171875 0.06750011444091797
v 18.737716674804688 -22.7186279296875 0.06750011444091797
v 18.671310424804688 -22.58709716796875 0.0
v 18.833908081054688 -22.51214599609375 0.0
v 18.833908081054688 -22.51214599609375 0.0
v 18.906906127929688 -22.62762451171875 0.06750011444091797
v 18.737716674804688 -22.7186279296875 0.06750011444091797
v 19.177658081054688 -22.41650390625 0.06750011444091797
v 19.087814331054688 -22.32940673828125 0.0
v 19.183029174804688 -22.22064208984375 0.0
v 19.183029174804688 -22.22064208984375 0.0
v 19.282394409179688 -22.2939453125 0.06750011444091797
v 19.177658081054688 -22.41650390625 0.06750011444091797
v 19.053146362304688 -22.52734375 0.06750011444091797
v 18.972335815429688 -22.4266357421875 2.384185791015625e-07
v 19.087814331054688 -22.32940673828125 0.0
v 19.087814331054688 -22.32940673828125 0.0
v 19.177658081054688 -22.41650390625 0.06750011444091797
v 19.053146362304688 -22.52734375 0.06750011444091797
v 19.259201049804688 -22.10089111328125 2.384185791015625e-07
v 19.317550659179688 -21.9703369140625 0.0
v 19.433761596679688 -22.01416015625 0.06750011444091797
v 19.433761596679688 -22.01416015625 0.06750011444091797
v 19.367599487304688 -22.1597900390625 0.06750011444091797
v 19.259201049804688 -22.10089111328125 2.384185791015625e-07
v 19.183029174804688 -22.22064208984375 0.0
v 19.259201049804688 -22.10089111328125 2.384185791015625e-07
v 19.367599487304688 -22.1597900390625 0.06750011444091797
v 19.367599487304688 -22.1597900390625 0.06750011444091797
v 19.282394409179688 -22.2939453125 0.06750011444091797
v 19.183029174804688 -22.22064208984375 0.0
v 19.356369018554688 -21.82757568359375 0.0
v 19.375411987304688 -21.6727294921875 2.384185791015625e-07
v 19.507247924804688 -21.68731689453125 0.06750011444091797
v 19.507247924804688 -21.68731689453125 0.06750011444091797
v 19.480392456054688 -21.85662841796875 0.06750011444091797
v 19.356369018554688 -21.82757568359375 0.0
v 19.317550659179688 -21.9703369140625 0.0
v 19.356369018554688 -21.82757568359375 0.0
v 19.480392456054688 -21.85662841796875 0.06750011444091797
v 19.480392456054688 -21.85662841796875 0.06750011444091797
v 19.433761596679688 -22.01416015625 0.06750011444091797
v 19.317550659179688 -21.9703369140625 0.0
v 19.374679565429688 -21.5013427734375 0.0
v 19.295089721679688 -16.37109375 0.0
v 19.494552612304688 -16.33575439453125 0.06750011444091797
v 19.494552612304688 -16.33575439453125 0.06750011444091797
v 19.514328002929688 -21.5050048828125 0.06750011444091797
v 19.374679565429688 -21.5013427734375 0.0
v 19.375411987304688 -21.6727294921875 2.384185791015625e-07
v 19.374679565429688 -21.5013427734375 0.0
v 19.514328002929688 -21.5050048828125 0.06750011444091797
v 19.514328002929688 -21.5050048828125 0.06750011444091797
v 19.507247924804688 -21.68731689453125 0.06750011444091797
v 19.375411987304688 -21.6727294921875 2.384185791015625e-07
v 9.622482299804688 -18.286376953125 0.06750011444091797
v 9.821701049804688 -18.04852294921875 0.0
v 9.741867065429688 -21.50018310546875 0.0
v 9.741867065429688 -21.50018310546875 0.0
v 9.602462768554688 -21.50335693359375 0.06750011444091797
v 9.622482299804688 -18.286376953125 0.06750011444091797
v 9.608078002929688 -21.6861572265625 0.06750011444091797
v 9.739425659179688 -21.673828125 0.0
v 9.753829956054688 -21.83160400390625 0.0
v 9.753829956054688 -21.83160400390625 0.0
v 9.630294799804688 -21.85626220703125 0.06750011444091797
v 9.608078002929688 -21.6861572265625 0.06750011444091797
v 9.602462768554688 -21.50335693359375 0.06750011444091797
v 9.741867065429688 -21.50018310546875 0.0
v 9.739425659179688 -21.673828125 0.0
v 9.739425659179688 -21.673828125 0.0
v 9.608078002929688 -21.6861572265625 0.06750011444091797
v 9.602462768554688 -21.50335693359375 0.06750011444091797
v 9.669357299804688 -22.0145263671875 0.06750011444091797
v 9.784835815429688 -21.97747802734375 0.0
v 9.832687377929688 -22.111328125 2.384185791015625e-07
v 9.832687377929688 -22.111328125 2.384185791015625e-07
v 9.725265502929688 -22.1610107421875 0.06750011444091797
v 9.669357299804688 -22.0145263671875 0.06750011444091797
v 9.630294799804688 -21.85626220703125 0.06750011444091797
v 9.753829956054688 -21.83160400390625 0.0
v 9.784835815429688 -21.97747802734375 0.0
v 9.784835815429688 -21.97747802734375 0.0
v 9.669357299804688 -22.0145263671875 0.06750011444091797
v 9.630294799804688 -21.85626220703125 0.06750011444091797
v 9.832687377929688 -22.111328125 2.384185791015625e-07
v 9.897384643554688 -22.233154296875 0.0
v 9.797775268554688 -22.295654296875 0.06750011444091797
v 9.797775268554688 -22.295654296875 0.06750011444091797
v 9.725265502929688 -22.1610107421875 0.06750011444091797
v 9.832687377929688 -22.111328125 2.384185791015625e-07
v 9.977218627929688 -22.3438720703125 0.0
v 10.072677612304688 -22.44329833984375 0.0
v 9.991622924804688 -22.5301513671875 0.06750011444091797
v 9.991622924804688 -22.5301513671875 0.06750011444091797
v 9.886398315429688 -22.418701171875 0.06750011444091797
v 9.977218627929688 -22.3438720703125 0.0
v 9.897384643554688 -22.233154296875 0.0
v 9.977218627929688 -22.3438720703125 0.0
v 9.886398315429688 -22.418701171875 0.06750011444091797
v 9.886398315429688 -22.418701171875 0.06750011444091797
v 9.797775268554688 -22.295654296875 0.06750011444091797
v 9.897384643554688 -22.233154296875 0.0
v -11.690505981445312 -22.40936279296875 2.384185791015625e-07
v -10.935623168945312 -22.70989990234375 0.0
v -11.005447387695312 -22.89996337890625 0.06750011444091797
v -11.005447387695312 -22.89996337890625 0.06750011444091797
v -11.770584106445312 -22.595458984375 0.06750011444091797
v -11.690505981445312 -22.40936279296875 2.384185791015625e-07
v -12.414138793945312 -22.0745849609375 0.0
v -11.690505981445312 -22.40936279296875 2.384185791015625e-07
v -11.770584106445312 -22.595458984375 0.06750011444091797
v -11.770584106445312 -22.595458984375 0.06750011444091797
v -12.504226684570312 -22.2559814453125 0.06750011444091797
v -12.414138793945312 -22.0745849609375 0.0
v -10.148757934570312 -22.9761962890625 0.0
v -9.334793090820312 -23.2076416015625 0.0
v -9.385574340820312 -23.40374755859375 0.06750011444091797
v -9.385574340820312 -23.40374755859375 0.06750011444091797
v -10.209060668945312 -23.16961669921875 0.06750011444091797
v -10.148757934570312 -22.9761962890625 0.0
v -10.935623168945312 -22.70989990234375 0.0
v -10.148757934570312 -22.9761962890625 0.0
v -10.209060668945312 -23.16961669921875 0.06750011444091797
v -10.209060668945312 -23.16961669921875 0.06750011444091797
v -11.005447387695312 -22.89996337890625 0.06750011444091797
v -10.935623168945312 -22.70989990234375 0.0
v -8.497879028320312 -23.4036865234375 0.0
v -7.638016223907471 -23.564208984375 0.0
v -7.670731067657471 -23.76409912109375 0.06750011444091797
v -7.670731067657471 -23.76409912109375 0.06750011444091797
v -8.539382934570312 -23.6019287109375 0.06750011444091797
v -8.497879028320312 -23.4036865234375 0.0
v -9.334793090820312 -23.2076416015625 0.0
v -8.497879028320312 -23.4036865234375 0.0
v -8.539382934570312 -23.6019287109375 0.06750011444091797
v -8.539382934570312 -23.6019287109375 0.06750011444091797
v -9.385574340820312 -23.40374755859375 0.06750011444091797
v -9.334793090820312 -23.2076416015625 0.0
v -6.755447864532471 -23.68914794921875 0.0
v -5.849930286407471 -23.7784423828125 0.0
v -5.865799427032471 -23.9803466796875 0.06750011444091797
v -5.865799427032471 -23.9803466796875 0.06750011444091797
v -6.779617786407471 -23.8902587890625 0.06750011444091797
v -6.755447864532471 -23.68914794921875 0.0
v -7.638016223907471 -23.564208984375 0.0
v -6.755447864532471 -23.68914794921875 0.0
v -6.779617786407471 -23.8902587890625 0.06750011444091797
v -6.779617786407471 -23.8902587890625 0.06750011444091797
v -7.670731067657471 -23.76409912109375 0.06750011444091797
v -7.638016223907471 -23.564208984375 0.0
v -4.921707630157471 -23.83209228515625 0.0
v -3.9715120792388916 -23.84991455078125 0.0
v -3.9707796573638916 -24.052490234375 0.06750011444091797
v -3.9707796573638916 -24.052490234375 0.06750011444091797
v -4.929275989532471 -24.03448486328125 0.06750011444091797
v -4.921707630157471 -23.83209228515625 0.0
v -5.849930286407471 -23.7784423828125 0.0
v -4.921707630157471 -23.83209228515625 0.0
v -4.929275989532471 -24.03448486328125 0.06750011444091797
v -4.929275989532471 -24.03448486328125 0.06750011444091797
v -5.865799427032471 -23.9803466796875 0.06750011444091797
v -5.849930286407471 -23.7784423828125 0.0
v -2.8223421573638916 -23.8177490234375 0.0
v -1.7051546573638916 -23.72137451171875 0.0
v -1.6817171573638916 -23.922607421875 0.06750011444091797
v -1.6817171573638916 -23.922607421875 0.06750011444091797
v -2.8108675479888916 -24.02001953125 0.06750011444091797
v -2.8223421573638916 -23.8177490234375 0.0
v -3.9715120792388916 -23.84991455078125 0.0
v -2.8223421573638916 -23.8177490234375 0.0
v -2.8108675479888916 -24.02001953125 0.06750011444091797
v -2.8108675479888916 -24.02001953125 0.06750011444091797
v -3.9707796573638916 -24.052490234375 0.06750011444091797
v -3.9715120792388916 -23.84991455078125 0.0
v -0.6189730763435364 -23.5609130859375 0.0
v 0.436446875333786 -23.33642578125 0.0
v 0.485030859708786 -23.5330810546875 0.06750011444091797
v 0.485030859708786 -23.5330810546875 0.06750011444091797
v -0.5830844044685364 -23.76031494140625 0.06750011444091797
v -0.6189730763435364 -23.5609130859375 0.0
v -1.7051546573638916 -23.72137451171875 0.0
v -0.6189730763435364 -23.5609130859375 0.0
v -0.5830844044685364 -23.76031494140625 0.06750011444091797
v -0.5830844044685364 -23.76031494140625 0.06750011444091797
v -1.6817171573638916 -23.922607421875 0.06750011444091797
v -1.7051546573638916 -23.72137451171875 0.0
v 1.4613492488861084 -23.04791259765625 2.384185791015625e-07
v 2.4562222957611084 -22.695556640625 0.0
v 2.5301969051361084 -22.8841552734375 0.06750011444091797
v 2.5301969051361084 -22.8841552734375 0.06750011444091797
v 1.5228726863861084 -23.24102783203125 0.06750011444091797
v 1.4613492488861084 -23.04791259765625 2.384185791015625e-07
v 0.436446875333786 -23.33642578125 0.0
v 1.4613492488861084 -23.04791259765625 2.384185791015625e-07
v 1.5228726863861084 -23.24102783203125 0.06750011444091797
v 1.5228726863861084 -23.24102783203125 0.06750011444091797
v 0.485030859708786 -23.5330810546875 0.06750011444091797
v 0.436446875333786 -23.33642578125 0.0
v 3.4215543270111084 -22.27880859375 0.0
v 4.358565807342529 -21.8045654296875 2.384185791015625e-07
v 4.455001354217529 -21.98272705078125 0.06750011444091797
v 4.455001354217529 -21.98272705078125 0.06750011444091797
v 3.5074918270111084 -22.4622802734375 0.06750011444091797
v 3.4215543270111084 -22.27880859375 0.0
v 2.4562222957611084 -22.695556640625 0.0
v 3.4215543270111084 -22.27880859375 0.0
v 3.5074918270111084 -22.4622802734375 0.06750011444091797
v 3.5074918270111084 -22.4622802734375 0.06750011444091797
v 2.5301969051361084 -22.8841552734375 0.06750011444091797
v 2.4562222957611084 -22.695556640625 0.0
v 5.266280651092529 -21.2802734375 0.0
v 6.144210338592529 -20.706298828125 0.0
v 6.259688854217529 -20.8726806640625 0.06750011444091797
v 6.259688854217529 -20.8726806640625 0.06750011444091797
v 5.372481822967529 -21.45281982421875 0.06750011444091797
v 5.266280651092529 -21.2802734375 0.0
v 4.358565807342529 -21.8045654296875 2.384185791015625e-07
v 5.266280651092529 -21.2802734375 0.0
v 5.372481822967529 -21.45281982421875 0.06750011444091797
v 5.372481822967529 -21.45281982421875 0.06750011444091797
v 4.455001354217529 -21.98272705078125 0.06750011444091797
v 4.358565807342529 -21.8045654296875 2.384185791015625e-07
v 6.992110729217529 -20.08251953125 0.0
v 7.810470104217529 -19.40887451171875 0.0
v 7.943526744842529 -19.56170654296875 0.06750011444091797
v 7.943526744842529 -19.56170654296875 0.06750011444091797
v 7.116622447967529 -20.24237060546875 0.06750011444091797
v 6.992110729217529 -20.08251953125 0.0
v 6.144210338592529 -20.706298828125 0.0
v 6.992110729217529 -20.08251953125 0.0
v 7.116622447967529 -20.24237060546875 0.06750011444091797
v 7.116622447967529 -20.24237060546875 0.06750011444091797
v 6.259688854217529 -20.8726806640625 0.06750011444091797
v 6.144210338592529 -20.706298828125 0.0
v 8.599288940429688 -18.6851806640625 0.0
v 9.490890502929688 -17.83355712890625 0.0
v 9.397872924804688 -18.1746826171875 0.06750011444091797
v 9.397872924804688 -18.1746826171875 0.06750011444091797
v 8.740158081054688 -18.830810546875 0.06750011444091797
v 8.599288940429688 -18.6851806640625 0.0
v 7.810470104217529 -19.40887451171875 0.0
v 8.599288940429688 -18.6851806640625 0.0
v 8.740158081054688 -18.830810546875 0.06750011444091797
v 8.740158081054688 -18.830810546875 0.06750011444091797
v 7.943526744842529 -19.56170654296875 0.06750011444091797
v 7.810470104217529 -19.40887451171875 0.0
v 7.560225963592529 -10.73724365234375 0.06750011444091797
v 7.745772838592529 -10.78460693359375 2.384185791015625e-07
v 7.246505260467529 -11.39544677734375 0.0
v 7.246505260467529 -11.39544677734375 0.0
v 7.099776744842529 -11.2559814453125 0.06750011444091797
v 7.560225963592529 -10.73724365234375 0.06750011444091797
v 7.246505260467529 -11.39544677734375 0.0
v 6.612472057342529 -12.04058837890625 0.0
v 6.470870494842529 -11.89593505859375 0.06750011444091797
v 6.470870494842529 -11.89593505859375 0.06750011444091797
v 7.099776744842529 -11.2559814453125 0.06750011444091797
v 7.246505260467529 -11.39544677734375 0.0
v 6.612472057342529 -12.04058837890625 0.0
v 5.980391979217529 -12.63714599609375 0.0
v 5.844405651092529 -12.48712158203125 0.06750011444091797
v 5.844405651092529 -12.48712158203125 0.06750011444091797
v 6.470870494842529 -11.89593505859375 0.06750011444091797
v 6.612472057342529 -12.04058837890625 0.0
v 5.980391979217529 -12.63714599609375 0.0
v 5.350509166717529 -13.18524169921875 0.0
v 5.220870494842529 -13.02947998046875 0.06750011444091797
v 5.220870494842529 -13.02947998046875 0.06750011444091797
v 5.844405651092529 -12.48712158203125 0.06750011444091797
v 5.980391979217529 -12.63714599609375 0.0
v 5.350509166717529 -13.18524169921875 0.0
v 4.722091197967529 -13.6846923828125 0.0
v 4.600020885467529 -13.52313232421875 0.06750011444091797
v 4.600020885467529 -13.52313232421875 0.06750011444091797
v 5.220870494842529 -13.02947998046875 0.06750011444091797
v 5.350509166717529 -13.18524169921875 0.0
v 4.722091197967529 -13.6846923828125 0.0
v 4.095626354217529 -14.135498046875 0.0
v 3.9816129207611084 -13.968017578125 0.06750011444091797
v 3.9816129207611084 -13.968017578125 0.06750011444091797
v 4.600020885467529 -13.52313232421875 0.06750011444091797
v 4.722091197967529 -13.6846923828125 0.0
v 4.095626354217529 -14.135498046875 0.0
v 3.4694058895111084 -14.53814697265625 0.0
v 3.3656461238861084 -14.36419677734375 0.06750011444091797
v 3.3656461238861084 -14.36419677734375 0.06750011444091797
v 3.9816129207611084 -13.968017578125 0.06750011444091797
v 4.095626354217529 -14.135498046875 0.0
v 3.4694058895111084 -14.53814697265625 0.0
v 2.8329312801361084 -14.8907470703125 0.0
v 2.7416226863861084 -14.70977783203125 0.06750011444091797
v 2.7416226863861084 -14.70977783203125 0.06750011444091797
v 3.3656461238861084 -14.36419677734375 0.06750011444091797
v 3.4694058895111084 -14.53814697265625 0.0
v 2.8329312801361084 -14.8907470703125 0.0
v 2.1774137020111084 -15.19000244140625 0.0
v 2.1005094051361084 -15.00244140625 0.06750011444091797
v 2.1005094051361084 -15.00244140625 0.06750011444091797
v 2.7416226863861084 -14.70977783203125 0.06750011444091797
v 2.8329312801361084 -14.8907470703125 0.0
v 2.1774137020111084 -15.19000244140625 0.0
v 1.5043179988861084 -15.4349365234375 0.0
v 1.4425504207611084 -15.24188232421875 0.06750011444091797
v 1.4425504207611084 -15.24188232421875 0.06750011444091797
v 2.1005094051361084 -15.00244140625 0.06750011444091797
v 2.1774137020111084 -15.19000244140625 0.0
v 1.5043179988861084 -15.4349365234375 0.0
v 0.8138882517814636 -15.62548828125 0.0
v 0.7677456736564636 -15.42816162109375 0.06750011444091797
v 0.7677456736564636 -15.42816162109375 0.06750011444091797
v 1.4425504207611084 -15.24188232421875 0.06750011444091797
v 1.5043179988861084 -15.4349365234375 0.0
v 0.8138882517814636 -15.62548828125 0.0
v 0.10685703158378601 -15.76153564453125 0.0
v 0.07633945345878601 -15.5611572265625 0.06750011444091797
v 0.07633945345878601 -15.5611572265625 0.06750011444091797
v 0.7677456736564636 -15.42816162109375 0.06750011444091797
v 0.8138882517814636 -15.62548828125 0.0
v 0.10685703158378601 -15.76153564453125 0.0
v -0.6167758107185364 -15.843017578125 0.0
v -0.6319125294685364 -15.64093017578125 0.06750011444091797
v -0.6319125294685364 -15.64093017578125 0.06750011444091797
v 0.07633945345878601 -15.5611572265625 0.06750011444091797
v 0.10685703158378601 -15.76153564453125 0.0
v -0.6167758107185364 -15.843017578125 0.0
v -1.3567659854888916 -15.87017822265625 0.0
v -1.3565218448638916 -15.66754150390625 0.06750011444091797
v -1.3565218448638916 -15.66754150390625 0.06750011444091797
v -0.6319125294685364 -15.64093017578125 0.06750011444091797
v -0.6167758107185364 -15.843017578125 0.0
v -1.3567659854888916 -15.87017822265625 0.0
v -2.2163851261138916 -15.838134765625 0.0
v -2.2005159854888916 -15.63604736328125 0.06750011444091797
v -2.2005159854888916 -15.63604736328125 0.06750011444091797
v -1.3565218448638916 -15.66754150390625 0.06750011444091797
v -1.3567659854888916 -15.87017822265625 0.0
v -2.2163851261138916 -15.838134765625 0.0
v -3.0242464542388916 -15.74151611328125 0.0
v -2.9910433292388916 -15.54150390625 0.06750011444091797
v -2.9910433292388916 -15.54150390625 0.06750011444091797
v -2.2005159854888916 -15.63604736328125 0.06750011444091797
v -2.2163851261138916 -15.838134765625 0.0
v 2.2404019832611084 -2.97882080078125 0.0
v 3.0651090145111084 -2.969970703125 0.0
v 3.0660855770111084 -3.1724853515625 0.06750011444091797
v 3.0660855770111084 -3.1724853515625 0.06750011444091797
v 2.2447965145111084 -3.18133544921875 0.06750011444091797
v 2.2404019832611084 -2.97882080078125 0.0
v 1.4488980770111084 -3.0054931640625 0.0
v 2.2404019832611084 -2.97882080078125 0.0
v 2.2447965145111084 -3.18133544921875 0.06750011444091797
v 2.2447965145111084 -3.18133544921875 0.06750011444091797
v 1.4584195613861084 -3.207763671875 0.06750011444091797
v 1.4488980770111084 -3.0054931640625 0.0
v 0.6923062205314636 -3.04986572265625 0.0
v 1.4488980770111084 -3.0054931640625 0.0
v 1.4584195613861084 -3.207763671875 0.06750011444091797
v 1.4584195613861084 -3.207763671875 0.06750011444091797
v 0.7069546580314636 -3.25189208984375 0.06750011444091797
v 0.6923062205314636 -3.04986572265625 0.0
v -0.02961757779121399 -3.1121826171875 0.0
v 0.6923062205314636 -3.04986572265625 0.0
v 0.7069546580314636 -3.25189208984375 0.06750011444091797
v 0.7069546580314636 -3.25189208984375 0.06750011444091797
v -0.00910976529121399 -3.31365966796875 0.06750011444091797
v -0.02961757779121399 -3.1121826171875 0.0
v -0.7171176075935364 -3.1923828125 0.0
v -0.02961757779121399 -3.1121826171875 0.0
v -0.00910976529121399 -3.31365966796875 0.06750011444091797
v -0.00910976529121399 -3.31365966796875 0.06750011444091797
v -0.6902621388435364 -3.39312744140625 0.06750011444091797
v -0.7171176075935364 -3.1923828125 0.0
v -1.3699495792388916 -3.29058837890625 0.0
v -0.7171176075935364 -3.1923828125 0.0
v -0.6902621388435364 -3.39312744140625 0.06750011444091797
v -0.6902621388435364 -3.39312744140625 0.06750011444091797
v -1.3362581729888916 -3.49029541015625 0.06750011444091797
v -1.3699495792388916 -3.29058837890625 0.0
v -1.9883577823638916 -3.40692138671875 0.0
v -1.3699495792388916 -3.29058837890625 0.0
v -1.3362581729888916 -3.49029541015625 0.06750011444091797
v -1.3362581729888916 -3.49029541015625 0.06750011444091797
v -1.9468538761138916 -3.60516357421875 0.06750011444091797
v -1.9883577823638916 -3.40692138671875 0.0
v -2.5740511417388916 -3.5413818359375 0.0
v -1.9883577823638916 -3.40692138671875 0.0
v -1.9468538761138916 -3.60516357421875 0.06750011444091797
v -1.9468538761138916 -3.60516357421875 0.06750011444091797
v -2.5247347354888916 -3.73779296875 0.06750011444091797
v -2.5740511417388916 -3.5413818359375 0.0
v -3.1294710636138916 -3.69427490234375 0.0
v -2.5740511417388916 -3.5413818359375 0.0
v -2.5247347354888916 -3.73779296875 0.06750011444091797
v -2.5247347354888916 -3.73779296875 0.06750011444091797
v -3.0711214542388916 -3.88824462890625 0.06750011444091797
v -3.1294710636138916 -3.69427490234375 0.0
v -3.6541292667388916 -3.8656005859375 0.0
v -3.1294710636138916 -3.69427490234375 0.0
v -3.0711214542388916 -3.88824462890625 0.06750011444091797
v -3.0711214542388916 -3.88824462890625 0.06750011444091797
v -3.5865023136138916 -4.05645751953125 0.06750011444091797
v -3.6541292667388916 -3.8656005859375 0.0
v -4.148514270782471 -4.05560302734375 0.0
v -3.6541292667388916 -3.8656005859375 0.0
v -3.5865023136138916 -4.05645751953125 0.06750011444091797
v -3.5865023136138916 -4.05645751953125 0.06750011444091797
v -4.070633411407471 -4.24261474609375 0.06750011444091797
v -4.148514270782471 -4.05560302734375 0.0
v -4.612381458282471 -4.26458740234375 0.0
v -4.148514270782471 -4.05560302734375 0.0
v -4.070633411407471 -4.24261474609375 0.06750011444091797
v -4.070633411407471 -4.24261474609375 0.06750011444091797
v -4.523758411407471 -4.4466552734375 0.06750011444091797
v -4.612381458282471 -4.26458740234375 0.0
v -5.045731067657471 -4.49261474609375 0.0
v -4.612381458282471 -4.26458740234375 0.0
v -4.523758411407471 -4.4466552734375 0.06750011444091797
v -4.523758411407471 -4.4466552734375 0.06750011444091797
v -4.945633411407471 -4.668701171875 0.06750011444091797
v -5.045731067657471 -4.49261474609375 0.0
v -5.447830677032471 -4.73974609375 0.0
v -5.045731067657471 -4.49261474609375 0.0
v -4.945633411407471 -4.668701171875 0.06750011444091797
v -4.945633411407471 -4.668701171875 0.06750011444091797
v -5.336014270782471 -4.90869140625 0.06750011444091797
v -5.447830677032471 -4.73974609375 0.0
v -5.819412708282471 -5.00396728515625 0.0
v -5.447830677032471 -4.73974609375 0.0
v -5.336014270782471 -4.90869140625 0.06750011444091797
v -5.336014270782471 -4.90869140625 0.06750011444091797
v -5.696609973907471 -5.1650390625 0.06750011444091797
v -5.819412708282471 -5.00396728515625 0.0
v 3.5104215145111084 4.04998779296875 0.0
v 1.9127652645111084 4.032470703125 0.0
v 1.9081265926361084 4.23492431640625 0.06750011444091797
v 1.9081265926361084 4.23492431640625 0.06750011444091797
v 3.5094449520111084 4.25250244140625 0.06750011444091797
v 3.5104215145111084 4.04998779296875 0.0
v 7.478438854217529 4.25250244140625 0.06750011444091797
v 7.680831432342529 4.04998779296875 0.0
v 3.5104215145111084 4.04998779296875 0.0
v 3.5104215145111084 4.04998779296875 0.0
v 3.5094449520111084 4.25250244140625 0.06750011444091797
v 7.478438854217529 4.25250244140625 0.06750011444091797
v 0.373702734708786 3.97991943359375 2.384185791015625e-07
v -1.1079866886138916 3.8924560546875 0.0
v -1.1226351261138916 4.09442138671875 0.06750011444091797
v -1.1226351261138916 4.09442138671875 0.06750011444091797
v 0.364425390958786 4.1822509765625 0.06750011444091797
v 0.373702734708786 3.97991943359375 2.384185791015625e-07
v 1.9127652645111084 4.032470703125 0.0
v 0.373702734708786 3.97991943359375 2.384185791015625e-07
v 0.364425390958786 4.1822509765625 0.06750011444091797
v 0.364425390958786 4.1822509765625 0.06750011444091797
v 1.9081265926361084 4.23492431640625 0.06750011444091797
v 1.9127652645111084 4.032470703125 0.0
v -2.5325472354888916 3.77001953125 0.0
v -3.8997347354888916 3.6126708984375 2.384185791015625e-07
v -3.9258577823638916 3.8134765625 0.06750011444091797
v -3.9258577823638916 3.8134765625 0.06750011444091797
v -2.5528109073638916 3.97149658203125 0.06750011444091797
v -2.5325472354888916 3.77001953125 0.0
v -1.1079866886138916 3.8924560546875 0.0
v -2.5325472354888916 3.77001953125 0.0
v -2.5528109073638916 3.97149658203125 0.06750011444091797
v -2.5528109073638916 3.97149658203125 0.06750011444091797
v -1.1226351261138916 4.09442138671875 0.06750011444091797
v -1.1079866886138916 3.8924560546875 0.0
v -5.209549427032471 3.4205322265625 0.0
v -6.461502552032471 3.19366455078125 2.384185791015625e-07
v -6.501541614532471 3.39227294921875 0.06750011444091797
v -6.501541614532471 3.39227294921875 0.06750011444091797
v -5.242264270782471 3.62042236328125 0.06750011444091797
v -5.209549427032471 3.4205322265625 0.0
v -3.8997347354888916 3.6126708984375 2.384185791015625e-07
v -5.209549427032471 3.4205322265625 0.0
v -5.242264270782471 3.62042236328125 0.06750011444091797
v -5.242264270782471 3.62042236328125 0.06750011444091797
v -3.9258577823638916 3.8134765625 0.06750011444091797
v -3.8997347354888916 3.6126708984375 2.384185791015625e-07
v -7.655594348907471 2.93072509765625 0.0
v -8.790603637695312 2.63043212890625 0.0
v -8.847000122070312 2.82501220703125 0.06750011444091797
v -8.847000122070312 2.82501220703125 0.06750011444091797
v -7.703201770782471 3.12762451171875 0.06750011444091797
v -7.655594348907471 2.93072509765625 0.0
v -6.461502552032471 3.19366455078125 2.384185791015625e-07
v -7.655594348907471 2.93072509765625 0.0
v -7.703201770782471 3.12762451171875 0.06750011444091797
v -7.703201770782471 3.12762451171875 0.06750011444091797
v -6.501541614532471 3.39227294921875 0.06750011444091797
v -6.461502552032471 3.19366455078125 2.384185791015625e-07
v -9.867507934570312 2.29278564453125 0.0
v -10.885818481445312 1.91796875 0.0
v -10.960769653320312 2.10614013671875 0.06750011444091797
v -10.960769653320312 2.10614013671875 0.06750011444091797
v -9.932693481445312 2.48455810546875 0.06750011444091797
v -9.867507934570312 2.29278564453125 0.0
v -8.790603637695312 2.63043212890625 0.0
v -9.867507934570312 2.29278564453125 0.0
v -9.932693481445312 2.48455810546875 0.06750011444091797
v -9.932693481445312 2.48455810546875 0.06750011444091797
v -8.847000122070312 2.82501220703125 0.06750011444091797
v -8.790603637695312 2.63043212890625 0.0
v -11.845535278320312 1.506103515625 0.0
v -12.746902465820312 1.057373046875 0.0
v -12.842849731445312 1.2359619140625 0.06750011444091797
v -12.842849731445312 1.2359619140625 0.06750011444091797
v -11.930740356445312 1.68994140625 0.06750011444091797
v -11.845535278320312 1.506103515625 0.0
v -10.885818481445312 1.91796875 0.0
v -11.845535278320312 1.506103515625 0.0
v -11.930740356445312 1.68994140625 0.06750011444091797
v -11.930740356445312 1.68994140625 0.06750011444091797
v -10.960769653320312 2.10614013671875 0.06750011444091797
v -10.885818481445312 1.91796875 0.0
v -13.590164184570312 0.57196044921875 2.384185791015625e-07
v -14.374588012695312 0.049560546875 0.0
v -14.492752075195312 0.21417236328125 0.06750011444091797
v -14.492752075195312 0.21417236328125 0.06750011444091797
v -13.696853637695312 0.744140625 0.06750011444091797
v -13.590164184570312 0.57196044921875 2.384185791015625e-07
v -12.746902465820312 1.057373046875 0.0
v -13.590164184570312 0.57196044921875 2.384185791015625e-07
v -13.696853637695312 0.744140625 0.06750011444091797
v -13.696853637695312 0.744140625 0.06750011444091797
v -12.842849731445312 1.2359619140625 0.06750011444091797
v -12.746902465820312 1.057373046875 0.0
v -15.100418090820312 -0.51031494140625 0.0
v -15.767654418945312 -1.10760498046875 0.0
v -15.908279418945312 -0.96185302734375 0.06750011444091797
v -15.908279418945312 -0.96185302734375 0.06750011444091797
v -15.229812622070312 -0.3544921875 0.06750011444091797
v -15.100418090820312 -0.51031494140625 0.0
v -14.374588012695312 0.049560546875 0.0
v -15.100418090820312 -0.51031494140625 0.0
v -15.229812622070312 -0.3544921875 0.06750011444091797
v -15.229812622070312 -0.3544921875 0.06750011444091797
v -14.492752075195312 0.21417236328125 0.06750011444091797
v -14.374588012695312 0.049560546875 0.0
v -16.376541137695312 -1.74237060546875 0.0
v -16.927810668945312 -2.4149169921875 2.384185791015625e-07
v -17.089431762695312 -2.292724609375 0.06750011444091797
v -17.089431762695312 -2.292724609375 0.06750011444091797
v -16.528152465820312 -1.60791015625 0.06750011444091797
v -16.376541137695312 -1.74237060546875 0.0
v -15.767654418945312 -1.10760498046875 0.0
v -16.376541137695312 -1.74237060546875 0.0
v -16.528152465820312 -1.60791015625 0.06750011444091797
v -16.528152465820312 -1.60791015625 0.06750011444091797
v -15.908279418945312 -0.96185302734375 0.06750011444091797
v -15.767654418945312 -1.10760498046875 0.0
v -17.421463012695312 -3.12530517578125 0.0
v -17.857986450195312 -3.8739013671875 0.0
v -18.036941528320312 -3.77886962890625 0.06750011444091797
v -18.036941528320312 -3.77886962890625 0.06750011444091797
v -17.592361450195312 -3.016357421875 0.06750011444091797
v -17.421463012695312 -3.12530517578125 0.0
v -16.927810668945312 -2.4149169921875 2.384185791015625e-07
v -17.421463012695312 -3.12530517578125 0.0
v -17.592361450195312 -3.016357421875 0.06750011444091797
v -17.592361450195312 -3.016357421875 0.06750011444091797
v -17.089431762695312 -2.292724609375 0.06750011444091797
v -16.927810668945312 -2.4149169921875 2.384185791015625e-07
v -18.236648559570312 -4.661376953125 0.0
v -18.557449340820312 -5.48876953125 2.384185791015625e-07
v -18.749099731445312 -5.4227294921875 0.06750011444091797
v -18.749099731445312 -5.4227294921875 0.06750011444091797
v -18.422683715820312 -4.580810546875 0.06750011444091797
v -18.236648559570312 -4.661376953125 0.0
v -17.857986450195312 -3.8739013671875 0.0
v -18.236648559570312 -4.661376953125 0.0
v -18.422683715820312 -4.580810546875 0.06750011444091797
v -18.422683715820312 -4.580810546875 0.06750011444091797
v -18.036941528320312 -3.77886962890625 0.06750011444091797
v -17.857986450195312 -3.8739013671875 0.0
v -18.820388793945312 -6.3564453125 0.0
v -19.024978637695312 -7.26483154296875 2.384185791015625e-07
v -19.224197387695312 -7.22705078125 0.06750011444091797
v -19.224197387695312 -7.22705078125 0.06750011444091797
v -19.016189575195312 -6.3048095703125 0.06750011444091797
v -18.820388793945312 -6.3564453125 0.0
v -18.557449340820312 -5.48876953125 2.384185791015625e-07
v -18.820388793945312 -6.3564453125 0.0
v -19.016189575195312 -6.3048095703125 0.06750011444091797
v -19.016189575195312 -6.3048095703125 0.06750011444091797
v -18.749099731445312 -5.4227294921875 0.06750011444091797
v -18.557449340820312 -5.48876953125 2.384185791015625e-07
v -19.171463012695312 -8.21405029296875 0.0
v -19.259597778320312 -9.204345703125 2.384185791015625e-07
v -19.461746215820312 -9.19244384765625 0.06750011444091797
v -19.461746215820312 -9.19244384765625 0.06750011444091797
v -19.372634887695312 -8.18963623046875 0.06750011444091797
v -19.171463012695312 -8.21405029296875 0.0
v -19.024978637695312 -7.26483154296875 2.384185791015625e-07
v -19.171463012695312 -8.21405029296875 0.0
v -19.372634887695312 -8.18963623046875 0.06750011444091797
v -19.372634887695312 -8.18963623046875 0.06750011444091797
v -19.224197387695312 -7.22705078125 0.06750011444091797
v -19.024978637695312 -7.26483154296875 2.384185791015625e-07
v -19.288894653320312 -10.2362060546875 0.0
v -19.265945434570312 -11.189208984375 0.0
v -19.468093872070312 -11.1993408203125 0.06750011444091797
v -19.468093872070312 -11.1993408203125 0.06750011444091797
v -19.491531372070312 -10.23577880859375 0.06750011444091797
v -19.288894653320312 -10.2362060546875 0.0
v -19.259597778320312 -9.204345703125 2.384185791015625e-07
v -19.288894653320312 -10.2362060546875 0.0
v -19.491531372070312 -10.23577880859375 0.06750011444091797
v -19.491531372070312 -10.23577880859375 0.06750011444091797
v -19.461746215820312 -9.19244384765625 0.06750011444091797
v -19.259597778320312 -9.204345703125 2.384185791015625e-07
v -19.196365356445312 -12.10693359375 0.0
v -19.080886840820312 -12.98858642578125 2.384185791015625e-07
v -19.281082153320312 -13.020751953125 0.06750011444091797
v -19.281082153320312 -13.020751953125 0.06750011444091797
v -19.398025512695312 -12.12774658203125 0.06750011444091797
v -19.196365356445312 -12.10693359375 0.0
v -19.265945434570312 -11.189208984375 0.0
v -19.196365356445312 -12.10693359375 0.0
v -19.398025512695312 -12.12774658203125 0.06750011444091797
v -19.398025512695312 -12.12774658203125 0.06750011444091797
v -19.468093872070312 -11.1993408203125 0.06750011444091797
v -19.265945434570312 -11.189208984375 0.0
v -6.162186145782471 -5.28424072265625 0.0
v -5.819412708282471 -5.00396728515625 0.0
v -5.696609973907471 -5.1650390625 0.06750011444091797
v -5.696609973907471 -5.1650390625 0.06750011444091797
v -6.028397083282471 -5.43646240234375 0.06750011444091797
v -6.162186145782471 -5.28424072265625 0.0
v -6.476395130157471 -5.58087158203125 0.0
v -6.162186145782471 -5.28424072265625 0.0
v -6.028397083282471 -5.43646240234375 0.06750011444091797
v -6.028397083282471 -5.43646240234375 0.06750011444091797
v -6.331863880157471 -5.722900390625 0.06750011444091797
v -6.476395130157471 -5.58087158203125 0.0
v -6.761551380157471 -5.8939208984375 0.0
v -6.476395130157471 -5.58087158203125 0.0
v -6.331863880157471 -5.722900390625 0.06750011444091797
v -6.331863880157471 -5.722900390625 0.06750011444091797
v -6.606522083282471 -6.0244140625 0.06750011444091797
v -6.761551380157471 -5.8939208984375 0.0
v -7.017654895782471 -6.22320556640625 0.0
v -6.761551380157471 -5.8939208984375 0.0
v -6.606522083282471 -6.0244140625 0.06750011444091797
v -6.606522083282471 -6.0244140625 0.06750011444091797
v -6.852859973907471 -6.341064453125 0.06750011444091797
v -7.017654895782471 -6.22320556640625 0.0
v -7.244217395782471 -6.568603515625 0.0
v -7.017654895782471 -6.22320556640625 0.0
v -6.852859973907471 -6.341064453125 0.06750011444091797
v -6.852859973907471 -6.341064453125 0.06750011444091797
v -7.070145130157471 -6.67266845703125 0.06750011444091797
v -7.244217395782471 -6.568603515625 0.0
v -7.440262317657471 -6.92919921875 0.0
v -7.244217395782471 -6.568603515625 0.0
v -7.070145130157471 -6.67266845703125 0.06750011444091797
v -7.070145130157471 -6.67266845703125 0.06750011444091797
v -7.258621692657471 -7.01910400390625 0.06750011444091797
v -7.440262317657471 -6.92919921875 0.0
v -7.607986927032471 -7.30401611328125 0.0
v -7.440262317657471 -6.92919921875 0.0
v -7.258621692657471 -7.01910400390625 0.06750011444091797
v -7.258621692657471 -7.01910400390625 0.06750011444091797
v -7.420242786407471 -7.38006591796875 0.06750011444091797
v -7.607986927032471 -7.30401611328125 0.0
v -7.749588489532471 -7.69305419921875 0.0
v -7.607986927032471 -7.30401611328125 0.0
v -7.420242786407471 -7.38006591796875 0.06750011444091797
v -7.420242786407471 -7.38006591796875 0.06750011444091797
v -7.556717395782471 -7.75555419921875 0.06750011444091797
v -7.749588489532471 -7.69305419921875 0.0
v -7.865067005157471 -8.0965576171875 0.0
v -7.749588489532471 -7.69305419921875 0.0
v -7.556717395782471 -7.75555419921875 0.06750011444091797
v -7.556717395782471 -7.75555419921875 0.06750011444091797
v -7.668289661407471 -8.14569091796875 0.06750011444091797
v -7.865067005157471 -8.0965576171875 0.0
v -7.954666614532471 -8.5142822265625 0.0
v -7.865067005157471 -8.0965576171875 0.0
v -7.668289661407471 -8.14569091796875 0.06750011444091797
v -7.668289661407471 -8.14569091796875 0.06750011444091797
v -7.755203723907471 -8.55035400390625 0.06750011444091797
v -7.954666614532471 -8.5142822265625 0.0
v -8.018386840820312 -8.946044921875 0.0
v -7.954666614532471 -8.5142822265625 0.0
v -7.755203723907471 -8.55035400390625 0.06750011444091797
v -7.755203723907471 -8.55035400390625 0.06750011444091797
v -7.817215442657471 -8.96954345703125 0.06750011444091797
v -8.018386840820312 -8.946044921875 0.0
v -8.056472778320312 -9.3917236328125 0.0
v -8.018386840820312 -8.946044921875 0.0
v -7.817215442657471 -8.96954345703125 0.06750011444091797
v -7.817215442657471 -8.96954345703125 0.06750011444091797
v -7.854324817657471 -9.40313720703125 0.06750011444091797
v -8.056472778320312 -9.3917236328125 0.0
v -8.069168090820312 -9.85382080078125 0.0
v -8.056472778320312 -9.3917236328125 0.0
v -7.854324817657471 -9.40313720703125 0.06750011444091797
v -7.854324817657471 -9.40313720703125 0.06750011444091797
v -7.866531848907471 -9.8519287109375 0.06750011444091797
v -8.069168090820312 -9.85382080078125 0.0
v -8.033279418945312 -10.62078857421875 0.0
v -8.069168090820312 -9.85382080078125 0.0
v -7.866531848907471 -9.8519287109375 0.06750011444091797
v -7.866531848907471 -9.8519287109375 0.06750011444091797
v -7.831619739532471 -10.60101318359375 0.06750011444091797
v -8.033279418945312 -10.62078857421875 0.0
v -7.924637317657471 -11.34576416015625 0.0
v -8.033279418945312 -10.62078857421875 0.0
v -7.831619739532471 -10.60101318359375 0.06750011444091797
v -7.831619739532471 -10.60101318359375 0.06750011444091797
v -7.725906848907471 -11.30438232421875 0.06750011444091797
v -7.924637317657471 -11.34576416015625 0.0
v -7.742264270782471 -12.0257568359375 0.0
v -7.924637317657471 -11.34576416015625 0.0
v -7.725906848907471 -11.30438232421875 0.06750011444091797
v -7.725906848907471 -11.30438232421875 0.06750011444091797
v -7.549881458282471 -11.9613037109375 0.06750011444091797
v -7.742264270782471 -12.0257568359375 0.0
v -7.485672473907471 -12.6595458984375 0.0
v -7.742264270782471 -12.0257568359375 0.0
v -7.549881458282471 -11.9613037109375 0.06750011444091797
v -7.549881458282471 -11.9613037109375 0.06750011444091797
v -7.302811145782471 -12.5714111328125 0.06750011444091797
v -7.485672473907471 -12.6595458984375 0.0
v -7.154861927032471 -13.24560546875 0.0
v -7.485672473907471 -12.6595458984375 0.0
v -7.302811145782471 -12.5714111328125 0.06750011444091797
v -7.302811145782471 -12.5714111328125 0.06750011444091797
v -6.985184192657471 -13.13446044921875 0.06750011444091797
v -7.154861927032471 -13.24560546875 0.0
v -6.750565052032471 -13.78228759765625 0.0
v -7.154861927032471 -13.24560546875 0.0
v -6.985184192657471 -13.13446044921875 0.06750011444091797
v -6.985184192657471 -13.13446044921875 0.06750011444091797
v -6.596756458282471 -13.64990234375 0.06750011444091797
v -6.750565052032471 -13.78228759765625 0.0
v -6.273758411407471 -14.2684326171875 0.0
v -6.750565052032471 -13.78228759765625 0.0
v -6.596756458282471 -13.64990234375 0.06750011444091797
v -6.596756458282471 -13.64990234375 0.06750011444091797
v -6.138016223907471 -14.11749267578125 0.06750011444091797
v -6.273758411407471 -14.2684326171875 0.0
v -5.732498645782471 -14.69610595703125 0.0
v -6.273758411407471 -14.2684326171875 0.0
v -6.138016223907471 -14.11749267578125 0.06750011444091797
v -6.138016223907471 -14.11749267578125 0.06750011444091797
v -5.616775989532471 -14.5294189453125 0.06750011444091797
v -5.732498645782471 -14.69610595703125 0.0
v -5.135818958282471 -15.05731201171875 0.0
v -5.732498645782471 -14.69610595703125 0.0
v -5.616775989532471 -14.5294189453125 0.06750011444091797
v -5.616775989532471 -14.5294189453125 0.06750011444091797
v -5.041336536407471 -14.8778076171875 0.06750011444091797
v -5.135818958282471 -15.05731201171875 0.0
v -4.484695911407471 -15.35174560546875 0.0
v -5.135818958282471 -15.05731201171875 0.0
v -5.041336536407471 -14.8778076171875 0.06750011444091797
v -5.041336536407471 -14.8778076171875 0.06750011444091797
v -4.411697864532471 -15.16253662109375 0.06750011444091797
v -4.484695911407471 -15.35174560546875 0.0
v -3.7805941104888916 -15.57958984375 0.0
v -4.484695911407471 -15.35174560546875 0.0
v -4.411697864532471 -15.16253662109375 0.06750011444091797
v -4.411697864532471 -15.16253662109375 0.06750011444091797
v -3.7281038761138916 -15.38372802734375 0.06750011444091797
v -3.7805941104888916 -15.57958984375 0.0
v -3.0242464542388916 -15.74151611328125 0.0
v -3.7805941104888916 -15.57958984375 0.0
v -3.7281038761138916 -15.38372802734375 0.06750011444091797
v -3.7281038761138916 -15.38372802734375 0.06750011444091797
v -2.9910433292388916 -15.54150390625 0.06750011444091797
v -3.0242464542388916 -15.74151611328125 0.0
v -18.919509887695312 -13.8343505859375 0.0
v -18.712234497070312 -14.644287109375 2.384185791015625e-07
v -18.906814575195312 -14.70086669921875 0.06750011444091797
v -18.906814575195312 -14.70086669921875 0.06750011444091797
v -19.117263793945312 -13.87847900390625 0.06750011444091797
v -18.919509887695312 -13.8343505859375 0.0
v -19.080886840820312 -12.98858642578125 2.384185791015625e-07
v -18.919509887695312 -13.8343505859375 0.0
v -19.117263793945312 -13.87847900390625 0.06750011444091797
v -19.117263793945312 -13.87847900390625 0.06750011444091797
v -19.281082153320312 -13.020751953125 0.06750011444091797
v -19.080886840820312 -12.98858642578125 2.384185791015625e-07
v -18.459548950195312 -15.41864013671875 0.0
v -18.160720825195312 -16.158203125 0.0
v -18.346023559570312 -16.24017333984375 0.06750011444091797
v -18.346023559570312 -16.24017333984375 0.06750011444091797
v -18.649734497070312 -15.488037109375 0.06750011444091797
v -18.459548950195312 -15.41864013671875 0.0
v -18.712234497070312 -14.644287109375 2.384185791015625e-07
v -18.459548950195312 -15.41864013671875 0.0
v -18.649734497070312 -15.488037109375 0.06750011444091797
v -18.649734497070312 -15.488037109375 0.06750011444091797
v -18.906814575195312 -14.70086669921875 0.06750011444091797
v -18.712234497070312 -14.644287109375 2.384185791015625e-07
v -17.820388793945312 -16.8642578125 0.0
v -17.442459106445312 -17.5367431640625 2.384185791015625e-07
v -17.615798950195312 -17.6416015625 0.06750011444091797
v -17.615798950195312 -17.6416015625 0.06750011444091797
v -17.999832153320312 -16.95794677734375 0.06750011444091797
v -17.820388793945312 -16.8642578125 0.0
v -18.160720825195312 -16.158203125 0.0
v -17.820388793945312 -16.8642578125 0.0
v -17.999832153320312 -16.95794677734375 0.06750011444091797
v -17.999832153320312 -16.95794677734375 0.06750011444091797
v -18.346023559570312 -16.24017333984375 0.06750011444091797
v -18.160720825195312 -16.158203125 0.0
v -17.027664184570312 -18.17529296875 0.0
v -16.575759887695312 -18.780029296875 2.384185791015625e-07
v -16.733963012695312 -18.9066162109375 0.06750011444091797
v -16.733963012695312 -18.9066162109375 0.06750011444091797
v -17.193923950195312 -18.29119873046875 0.06750011444091797
v -17.027664184570312 -18.17529296875 0.0
v -17.442459106445312 -17.5367431640625 2.384185791015625e-07
v -17.027664184570312 -18.17529296875 0.0
v -17.193923950195312 -18.29119873046875 0.06750011444091797
v -17.193923950195312 -18.29119873046875 0.06750011444091797
v -17.615798950195312 -17.6416015625 0.06750011444091797
v -17.442459106445312 -17.5367431640625 2.384185791015625e-07
v -16.086502075195312 -19.3511962890625 2.384185791015625e-07
v -15.560134887695312 -19.88897705078125 0.0
v -15.700271606445312 -20.035400390625 0.06750011444091797
v -15.700271606445312 -20.035400390625 0.06750011444091797
v -16.236160278320312 -19.488037109375 0.06750011444091797
v -16.086502075195312 -19.3511962890625 2.384185791015625e-07
v -16.575759887695312 -18.780029296875 2.384185791015625e-07
v -16.086502075195312 -19.3511962890625 2.384185791015625e-07
v -16.236160278320312 -19.488037109375 0.06750011444091797
v -16.236160278320312 -19.488037109375 0.06750011444091797
v -16.733963012695312 -18.9066162109375 0.06750011444091797
v -16.575759887695312 -18.780029296875 2.384185791015625e-07
v -14.995925903320312 -20.39373779296875 0.0
v -14.397293090820312 -20.86517333984375 0.0
v -14.517654418945312 -21.02801513671875 0.06750011444091797
v -14.517654418945312 -21.02801513671875 0.06750011444091797
v -15.126296997070312 -20.54888916015625 0.06750011444091797
v -14.995925903320312 -20.39373779296875 0.0
v -15.560134887695312 -19.88897705078125 0.0
v -14.995925903320312 -20.39373779296875 0.0
v -15.126296997070312 -20.54888916015625 0.06750011444091797
v -15.126296997070312 -20.54888916015625 0.06750011444091797
v -15.700271606445312 -20.035400390625 0.06750011444091797
v -15.560134887695312 -19.88897705078125 0.0
v -14.397293090820312 -20.86517333984375 0.0
v -13.767166137695312 -21.302490234375 0.0
v -13.877761840820312 -21.4722900390625 0.06750011444091797
v -13.877761840820312 -21.4722900390625 0.06750011444091797
v -14.517654418945312 -21.02801513671875 0.06750011444091797
v -14.397293090820312 -20.86517333984375 0.0
v -13.767166137695312 -21.302490234375 0.0
v -13.106277465820312 -21.70562744140625 0.0
v -13.206619262695312 -21.881591796875 0.06750011444091797
v -13.206619262695312 -21.881591796875 0.06750011444091797
v -13.877761840820312 -21.4722900390625 0.06750011444091797
v -13.767166137695312 -21.302490234375 0.0
v -13.106277465820312 -21.70562744140625 0.0
v -12.414138793945312 -22.0745849609375 0.0
v -12.504226684570312 -22.2559814453125 0.06750011444091797
v -12.504226684570312 -22.2559814453125 0.06750011444091797
v -13.206619262695312 -21.881591796875 0.06750011444091797
v -13.106277465820312 -21.70562744140625 0.0
v 19.290939331054688 -10.58990478515625 0.0
v 19.295578002929688 -1.05682373046875 0.0
v 19.494552612304688 -1.0194091796875 0.06750011444091797
v 19.494552612304688 -1.0194091796875 0.06750011444091797
v 19.493331909179688 -10.59112548828125 0.06750011444091797
v 19.290939331054688 -10.58990478515625 0.0
v 7.946212291717529 -3.19012451171875 0.0
v 7.950850963592529 -10.5240478515625 2.384185791015625e-07
v 7.748458385467529 -10.32037353515625 0.06750011444091797
v 7.748458385467529 -10.32037353515625 0.06750011444091797
v 7.747237682342529 -3.4300537109375 0.06750011444091797
v 7.946212291717529 -3.19012451171875 0.0
v 19.494552612304688 -1.0194091796875 0.06750011444091797
v 19.295578002929688 -1.05682373046875 0.0
v 19.298751831054688 7.18414306640625 2.384185791015625e-07
v 19.298751831054688 7.18414306640625 2.384185791015625e-07
v 19.495285034179688 7.23260498046875 0.06750011444091797
v 19.494552612304688 -1.0194091796875 0.06750011444091797
v 19.295089721679688 -16.37109375 0.0
v 19.290939331054688 -10.58990478515625 0.0
v 19.493331909179688 -10.59112548828125 0.06750011444091797
v 19.493331909179688 -10.59112548828125 0.06750011444091797
v 19.494552612304688 -16.33575439453125 0.06750011444091797
v 19.295089721679688 -16.37109375 0.0
v 3.0651090145111084 -2.969970703125 0.0
v 7.680831432342529 -2.969970703125 0.0
v 7.478438854217529 -3.1724853515625 0.06750011444091797
v 7.478438854217529 -3.1724853515625 0.06750011444091797
v 3.0660855770111084 -3.1724853515625 0.06750011444091797
v 3.0651090145111084 -2.969970703125 0.0
v 19.269454956054688 8.474609375 0.0
v 19.205490112304688 9.65081787109375 0.0
v 19.407394409179688 9.66583251953125 0.06750011444091797
v 19.407394409179688 9.66583251953125 0.06750011444091797
v 19.471847534179688 8.48187255859375 0.06750011444091797
v 19.269454956054688 8.474609375 0.0
v 19.495285034179688 7.23260498046875 0.06750011444091797
v 19.298751831054688 7.18414306640625 2.384185791015625e-07
v 19.269454956054688 8.474609375 0.0
v 19.269454956054688 8.474609375 0.0
v 19.471847534179688 8.48187255859375 0.06750011444091797
v 19.495285034179688 7.23260498046875 0.06750011444091797
v 19.099044799804688 10.77728271484375 0.0
v 18.949874877929688 11.85394287109375 0.0
v 19.149826049804688 11.88641357421875 0.06750011444091797
v 19.149826049804688 11.88641357421875 0.06750011444091797
v 19.300216674804688 10.80072021484375 0.06750011444091797
v 19.099044799804688 10.77728271484375 0.0
v 19.205490112304688 9.65081787109375 0.0
v 19.099044799804688 10.77728271484375 0.0
v 19.300216674804688 10.80072021484375 0.06750011444091797
v 19.300216674804688 10.80072021484375 0.06750011444091797
v 19.407394409179688 9.66583251953125 0.06750011444091797
v 19.205490112304688 9.65081787109375 0.0
v 18.758712768554688 12.880859375 0.0
v 18.525070190429688 13.85791015625 0.0
v 18.720870971679688 13.91033935546875 0.06750011444091797
v 18.720870971679688 13.91033935546875 0.06750011444091797
v 18.956710815429688 12.9229736328125 0.06750011444091797
v 18.758712768554688 12.880859375 0.0
v 18.949874877929688 11.85394287109375 0.0
v 18.758712768554688 12.880859375 0.0
v 18.956710815429688 12.9229736328125 0.06750011444091797
v 18.956710815429688 12.9229736328125 0.06750011444091797
v 19.149826049804688 11.88641357421875 0.06750011444091797
v 18.949874877929688 11.85394287109375 0.0
v 18.249679565429688 14.7847900390625 0.0
v 17.929122924804688 15.66162109375 0.0
v 18.116867065429688 15.73773193359375 0.06750011444091797
v 18.116867065429688 15.73773193359375 0.06750011444091797
v 18.442062377929688 14.84844970703125 0.06750011444091797
v 18.249679565429688 14.7847900390625 0.0
v 18.525070190429688 13.85791015625 0.0
v 18.249679565429688 14.7847900390625 0.0
v 18.442062377929688 14.84844970703125 0.06750011444091797
v 18.442062377929688 14.84844970703125 0.06750011444091797
v 18.720870971679688 13.91033935546875 0.06750011444091797
v 18.525070190429688 13.85791015625 0.0
v 17.559249877929688 16.4896240234375 0.0
v 17.140304565429688 17.26953125 2.384185791015625e-07
v 17.315109252929688 17.37213134765625 0.06750011444091797
v 17.315109252929688 17.37213134765625 0.06750011444091797
v 17.741134643554688 16.57891845703125 0.06750011444091797
v 17.559249877929688 16.4896240234375 0.0
v 17.929122924804688 15.66162109375 0.0
v 17.559249877929688 16.4896240234375 0.0
v 17.741134643554688 16.57891845703125 0.06750011444091797
v 17.741134643554688 16.57891845703125 0.06750011444091797
v 18.116867065429688 15.73773193359375 0.06750011444091797
v 17.929122924804688 15.66162109375 0.0
v 16.672286987304688 18.00177001953125 0.0
v 16.154953002929688 18.68658447265625 2.384185791015625e-07
v 16.311691284179688 18.8150634765625 0.06750011444091797
v 16.311691284179688 18.8150634765625 0.06750011444091797
v 16.838546752929688 18.11749267578125 0.06750011444091797
v 16.672286987304688 18.00177001953125 0.0
v 17.140304565429688 17.26953125 2.384185791015625e-07
v 16.672286987304688 18.00177001953125 0.0
v 16.838546752929688 18.11749267578125 0.06750011444091797
v 16.838546752929688 18.11749267578125 0.06750011444091797
v 17.315109252929688 17.37213134765625 0.06750011444091797
v 17.140304565429688 17.26953125 2.384185791015625e-07
v 15.588058471679688 19.32440185546875 2.384185791015625e-07
v 14.971603393554688 19.91571044921875 2.384185791015625e-07
v 15.106124877929688 20.0672607421875 0.06750011444091797
v 15.106124877929688 20.0672607421875 0.06750011444091797
v 15.734054565429688 19.4649658203125 0.06750011444091797
v 15.588058471679688 19.32440185546875 2.384185791015625e-07
v 16.154953002929688 18.68658447265625 2.384185791015625e-07
v 15.588058471679688 19.32440185546875 2.384185791015625e-07
v 15.734054565429688 19.4649658203125 0.06750011444091797
v 15.734054565429688 19.4649658203125 0.06750011444091797
v 16.311691284179688 18.8150634765625 0.06750011444091797
v 16.154953002929688 18.68658447265625 2.384185791015625e-07
v 14.304122924804688 20.46331787109375 0.0
v 13.584884643554688 20.96954345703125 0.0
v 13.695480346679688 21.13922119140625 0.06750011444091797
v 13.695480346679688 21.13922119140625 0.06750011444091797
v 14.426681518554688 20.62457275390625 0.06750011444091797
v 14.304122924804688 20.46331787109375 0.0
v 14.971603393554688 19.91571044921875 2.384185791015625e-07
v 14.304122924804688 20.46331787109375 0.0
v 14.426681518554688 20.62457275390625 0.06750011444091797
v 14.426681518554688 20.62457275390625 0.06750011444091797
v 15.106124877929688 20.0672607421875 0.06750011444091797
v 14.971603393554688 19.91571044921875 2.384185791015625e-07
v 12.813888549804688 21.434326171875 0.0
v 11.990646362304688 21.85760498046875 2.384185791015625e-07
v 12.077560424804688 22.0406494140625 0.06750011444091797
v 12.077560424804688 22.0406494140625 0.06750011444091797
v 12.912521362304688 21.61126708984375 0.06750011444091797
v 12.813888549804688 21.434326171875 0.0
v 13.584884643554688 20.96954345703125 0.0
v 12.813888549804688 21.434326171875 0.0
v 12.912521362304688 21.61126708984375 0.06750011444091797
v 12.912521362304688 21.61126708984375 0.06750011444091797
v 13.695480346679688 21.13922119140625 0.06750011444091797
v 13.584884643554688 20.96954345703125 0.0
v 11.115158081054688 22.2392578125 0.0
v 10.187179565429688 22.5791015625 2.384185791015625e-07
v 10.251632690429688 22.771240234375 0.06750011444091797
v 10.251632690429688 22.771240234375 0.06750011444091797
v 11.190597534179688 22.42730712890625 0.06750011444091797
v 11.115158081054688 22.2392578125 0.0
v 11.990646362304688 21.85760498046875 2.384185791015625e-07
v 11.115158081054688 22.2392578125 0.0
v 11.190597534179688 22.42730712890625 0.06750011444091797
v 11.190597534179688 22.42730712890625 0.06750011444091797
v 12.077560424804688 22.0406494140625 0.06750011444091797
v 11.990646362304688 21.85760498046875 2.384185791015625e-07
v 9.206466674804688 22.87713623046875 0.0
v 8.169113159179688 23.13458251953125 2.384185791015625e-07
v 8.213302612304688 23.332275390625 0.06750011444091797
v 8.213302612304688 23.332275390625 0.06750011444091797
v 9.260421752929688 23.0723876953125 0.06750011444091797
v 9.206466674804688 22.87713623046875 0.0
v 10.187179565429688 22.5791015625 2.384185791015625e-07
v 9.206466674804688 22.87713623046875 0.0
v 9.260421752929688 23.0723876953125 0.06750011444091797
v 9.260421752929688 23.0723876953125 0.06750011444091797
v 10.251632690429688 22.771240234375 0.06750011444091797
v 10.187179565429688 22.5791015625 2.384185791015625e-07
v 7.071212291717529 23.352783203125 0.0
v 5.912520885467529 23.53155517578125 0.0
v 5.939620494842529 23.7322998046875 0.06750011444091797
v 5.939620494842529 23.7322998046875 0.06750011444091797
v 7.106368541717529 23.55224609375 0.06750011444091797
v 7.071212291717529 23.352783203125 0.0
v 8.169113159179688 23.13458251953125 2.384185791015625e-07
v 7.071212291717529 23.352783203125 0.0
v 7.106368541717529 23.55224609375 0.06750011444091797
v 7.106368541717529 23.55224609375 0.06750011444091797
v 8.213302612304688 23.332275390625 0.06750011444091797
v 8.169113159179688 23.13458251953125 2.384185791015625e-07
v 4.693526744842529 23.67071533203125 0.0
v 3.4139859676361084 23.770263671875 0.0
v 3.4264371395111084 23.972412109375 0.06750011444091797
v 3.4264371395111084 23.972412109375 0.06750011444091797
v 4.712813854217529 23.872314453125 0.06750011444091797
v 4.693526744842529 23.67071533203125 0.0
v 5.912520885467529 23.53155517578125 0.0
v 4.693526744842529 23.67071533203125 0.0
v 4.712813854217529 23.872314453125 0.06750011444091797
v 4.712813854217529 23.872314453125 0.06750011444091797
v 5.939620494842529 23.7322998046875 0.06750011444091797
v 5.912520885467529 23.53155517578125 0.0
v 2.0741422176361084 23.83001708984375 0.0
v 0.6737515330314636 23.8499755859375 0.0
v 0.6739956736564636 24.052490234375 0.06750011444091797
v 0.6739956736564636 24.052490234375 0.06750011444091797
v 2.0800015926361084 24.032470703125 0.06750011444091797
v 2.0741422176361084 23.83001708984375 0.0
v 3.4139859676361084 23.770263671875 0.0
v 2.0741422176361084 23.83001708984375 0.0
v 2.0800015926361084 24.032470703125 0.06750011444091797
v 2.0800015926361084 24.032470703125 0.06750011444091797
v 3.4264371395111084 23.972412109375 0.06750011444091797
v 3.4139859676361084 23.770263671875 0.0
v -0.12483242154121399 23.84088134765625 0.0
v -0.9165804982185364 23.81365966796875 2.384185791015625e-07
v -0.9258578419685364 24.0159912109375 0.06750011444091797
v -0.9258578419685364 24.0159912109375 0.06750011444091797
v -0.129471093416214 24.04339599609375 0.06750011444091797
v -0.12483242154121399 23.84088134765625 0.0
v 0.6737515330314636 23.8499755859375 0.0
v -0.12483242154121399 23.84088134765625 0.0
v -0.129471093416214 24.04339599609375 0.06750011444091797
v -0.129471093416214 24.04339599609375 0.06750011444091797
v 0.6739956736564636 24.052490234375 0.06750011444091797
v 0.6737515330314636 23.8499755859375 0.0
v -1.7014925479888916 23.768310546875 0.0
v -2.4793245792388916 23.704833984375 0.0
v -2.4981234073638916 23.90643310546875 0.06750011444091797
v -2.4981234073638916 23.90643310546875 0.06750011444091797
v -1.7154085636138916 23.9703369140625 0.06750011444091797
v -1.7014925479888916 23.768310546875 0.0
v -0.9165804982185364 23.81365966796875 2.384185791015625e-07
v -1.7014925479888916 23.768310546875 0.0
v -1.7154085636138916 23.9703369140625 0.06750011444091797
v -1.7154085636138916 23.9703369140625 0.06750011444091797
v -0.9258578419685364 24.0159912109375 0.06750011444091797
v -0.9165804982185364 23.81365966796875 2.384185791015625e-07
v -3.2500765323638916 23.62322998046875 0.0
v -4.013992786407471 23.52349853515625 0.0
v -4.042801380157471 23.72393798828125 0.06750011444091797
v -4.042801380157471 23.72393798828125 0.06750011444091797
v -3.2740023136138916 23.8243408203125 0.06750011444091797
v -3.2500765323638916 23.62322998046875 0.0
v -2.4793245792388916 23.704833984375 0.0
v -3.2500765323638916 23.62322998046875 0.0
v -3.2740023136138916 23.8243408203125 0.06750011444091797
v -3.2740023136138916 23.8243408203125 0.06750011444091797
v -2.4981234073638916 23.90643310546875 0.06750011444091797
v -2.4793245792388916 23.704833984375 0.0
v -4.771561145782471 23.405517578125 0.0
v -5.518387317657471 23.27313232421875 0.0
v -5.555496692657471 23.47222900390625 0.06750011444091797
v -5.555496692657471 23.47222900390625 0.06750011444091797
v -4.805008411407471 23.60528564453125 0.06750011444091797
v -4.771561145782471 23.405517578125 0.0
v -4.013992786407471 23.52349853515625 0.0
v -4.771561145782471 23.405517578125 0.0
v -4.805008411407471 23.60528564453125 0.06750011444091797
v -4.805008411407471 23.60528564453125 0.06750011444091797
v -4.042801380157471 23.72393798828125 0.06750011444091797
v -4.013992786407471 23.52349853515625 0.0
v -6.248856067657471 23.13018798828125 2.384185791015625e-07
v -6.962234973907471 22.976806640625 0.0
v -7.006912708282471 23.17437744140625 0.06750011444091797
v -7.006912708282471 23.17437744140625 0.06750011444091797
v -6.289383411407471 23.32855224609375 0.06750011444091797
v -6.248856067657471 23.13018798828125 2.384185791015625e-07
v -5.518387317657471 23.27313232421875 0.0
v -6.248856067657471 23.13018798828125 2.384185791015625e-07
v -6.289383411407471 23.32855224609375 0.06750011444091797
v -6.289383411407471 23.32855224609375 0.06750011444091797
v -5.555496692657471 23.47222900390625 0.06750011444091797
v -5.518387317657471 23.27313232421875 0.0
v -7.659012317657471 22.81304931640625 2.384185791015625e-07
v -8.339187622070312 22.63885498046875 0.0
v -8.391433715820312 22.83447265625 0.06750011444091797
v -8.391433715820312 22.83447265625 0.06750011444091797
v -7.707352161407471 23.00970458984375 0.06750011444091797
v -7.659012317657471 22.81304931640625 2.384185791015625e-07
v -6.962234973907471 22.976806640625 0.0
v -7.659012317657471 22.81304931640625 2.384185791015625e-07
v -7.707352161407471 23.00970458984375 0.06750011444091797
v -7.707352161407471 23.00970458984375 0.06750011444091797
v -7.006912708282471 23.17437744140625 0.06750011444091797
v -6.962234973907471 22.976806640625 0.0
v -9.002273559570312 22.4542236328125 0.0
v -9.648757934570312 22.2591552734375 0.0
v -9.709304809570312 22.45245361328125 0.06750011444091797
v -9.709304809570312 22.45245361328125 0.06750011444091797
v -9.058670043945312 22.64874267578125 0.06750011444091797
v -9.002273559570312 22.4542236328125 0.0
v -8.339187622070312 22.63885498046875 0.0
v -9.002273559570312 22.4542236328125 0.0
v -9.058670043945312 22.64874267578125 0.06750011444091797
v -9.058670043945312 22.64874267578125 0.06750011444091797
v -8.391433715820312 22.83447265625 0.06750011444091797
v -8.339187622070312 22.63885498046875 0.0
v -10.275955200195312 22.05633544921875 0.0
v -10.879470825195312 21.84881591796875 2.384185791015625e-07
v -10.947097778320312 22.0396728515625 0.06750011444091797
v -10.947097778320312 22.0396728515625 0.06750011444091797
v -10.339920043945312 22.24847412109375 0.06750011444091797
v -10.275955200195312 22.05633544921875 0.0
v -9.648757934570312 22.2591552734375 0.0
v -10.275955200195312 22.05633544921875 0.0
v -10.339920043945312 22.24847412109375 0.06750011444091797
v -10.339920043945312 22.24847412109375 0.06750011444091797
v -9.709304809570312 22.45245361328125 0.06750011444091797
v -9.648757934570312 22.2591552734375 0.0
v -11.459304809570312 21.63671875 0.0
v -12.015213012695312 21.41998291015625 0.0
v -12.090896606445312 21.60784912109375 0.06750011444091797
v -12.090896606445312 21.60784912109375 0.06750011444091797
v -11.530838012695312 21.82611083984375 0.06750011444091797
v -11.459304809570312 21.63671875 0.0
v -10.879470825195312 21.84881591796875 2.384185791015625e-07
v -11.459304809570312 21.63671875 0.0
v -11.530838012695312 21.82611083984375 0.06750011444091797
v -11.530838012695312 21.82611083984375 0.06750011444091797
v -10.947097778320312 22.0396728515625 0.06750011444091797
v -10.879470825195312 21.84881591796875 2.384185791015625e-07
v -12.547439575195312 21.19873046875 0.0
v -13.055740356445312 20.97296142578125 0.0
v -13.140213012695312 21.156982421875 0.06750011444091797
v -13.140213012695312 21.156982421875 0.06750011444091797
v -12.627273559570312 21.384765625 0.06750011444091797
v -12.547439575195312 21.19873046875 0.0
v -12.015213012695312 21.41998291015625 0.0
v -12.547439575195312 21.19873046875 0.0
v -12.627273559570312 21.384765625 0.06750011444091797
v -12.627273559570312 21.384765625 0.06750011444091797
v -12.090896606445312 21.60784912109375 0.06750011444091797
v -12.015213012695312 21.41998291015625 0.0
v -13.540359497070312 20.74267578125 0.0
v -13.992263793945312 20.51300048828125 0.0
v -14.086502075195312 20.692138671875 0.06750011444091797
v -14.086502075195312 20.692138671875 0.06750011444091797
v -13.629714965820312 20.9244384765625 0.06750011444091797
v -13.540359497070312 20.74267578125 0.0
v -13.055740356445312 20.97296142578125 0.0
v -13.540359497070312 20.74267578125 0.0
v -13.629714965820312 20.9244384765625 0.06750011444091797
v -13.629714965820312 20.9244384765625 0.06750011444091797
v -13.140213012695312 21.156982421875 0.06750011444091797
v -13.055740356445312 20.97296142578125 0.0
v -14.402175903320312 20.2891845703125 0.0
v -14.770095825195312 20.07171630859375 0.0
v -14.876785278320312 20.243896484375 0.06750011444091797
v -14.876785278320312 20.243896484375 0.06750011444091797
v -14.502273559570312 20.46527099609375 0.06750011444091797
v -14.402175903320312 20.2891845703125 0.0
v -13.992263793945312 20.51300048828125 0.0
v -14.402175903320312 20.2891845703125 0.0
v -14.502273559570312 20.46527099609375 0.06750011444091797
v -14.502273559570312 20.46527099609375 0.06750011444091797
v -14.086502075195312 20.692138671875 0.06750011444091797
v -13.992263793945312 20.51300048828125 0.0
v -15.095291137695312 19.86083984375 0.0
v -15.377517700195312 19.6572265625 0.0
v -15.501052856445312 19.81793212890625 0.06750011444091797
v -15.501052856445312 19.81793212890625 0.06750011444091797
v -15.209548950195312 20.02801513671875 0.06750011444091797
v -15.095291137695312 19.86083984375 0.0
v -14.770095825195312 20.07171630859375 0.0
v -15.095291137695312 19.86083984375 0.0
v -15.209548950195312 20.02801513671875 0.06750011444091797
v -15.209548950195312 20.02801513671875 0.06750011444091797
v -14.876785278320312 20.243896484375 0.06750011444091797
v -14.770095825195312 20.07171630859375 0.0
v -15.616775512695312 19.46173095703125 0.0
v -15.814285278320312 19.27392578125 2.384185791015625e-07
v -15.959548950195312 19.41534423828125 0.06750011444091797
v -15.959548950195312 19.41534423828125 0.06750011444091797
v -15.750808715820312 19.61370849609375 0.06750011444091797
v -15.616775512695312 19.46173095703125 0.0
v -15.377517700195312 19.6572265625 0.0
v -15.616775512695312 19.46173095703125 0.0
v -15.750808715820312 19.61370849609375 0.06750011444091797
v -15.750808715820312 19.61370849609375 0.06750011444091797
v -15.501052856445312 19.81793212890625 0.06750011444091797
v -15.377517700195312 19.6572265625 0.0
v -16.139724731445312 19.21673583984375 0.06750011444091797
v -15.986892700195312 19.0875244140625 0.0
v -16.144851684570312 18.89495849609375 2.384185791015625e-07
v -16.144851684570312 18.89495849609375 2.384185791015625e-07
v -16.303298950195312 19.0113525390625 0.06750011444091797
v -16.139724731445312 19.21673583984375 0.06750011444091797
v -15.814285278320312 19.27392578125 2.384185791015625e-07
v -15.986892700195312 19.0875244140625 0.0
v -16.139724731445312 19.21673583984375 0.06750011444091797
v -16.139724731445312 19.21673583984375 0.06750011444091797
v -15.959548950195312 19.41534423828125 0.06750011444091797
v -15.814285278320312 19.27392578125 2.384185791015625e-07
v -16.285476684570312 18.69561767578125 0.0
v -16.408035278320312 18.4893798828125 2.384185791015625e-07
v -16.577713012695312 18.58001708984375 0.06750011444091797
v -16.577713012695312 18.58001708984375 0.06750011444091797
v -16.449295043945312 18.79913330078125 0.06750011444091797
v -16.285476684570312 18.69561767578125 0.0
v -16.303298950195312 19.0113525390625 0.06750011444091797
v -16.144851684570312 18.89495849609375 2.384185791015625e-07
v -16.285476684570312 18.69561767578125 0.0
v -16.285476684570312 18.69561767578125 0.0
v -16.449295043945312 18.79913330078125 0.06750011444091797
v -16.303298950195312 19.0113525390625 0.06750011444091797
v -16.513259887695312 18.27630615234375 0.0
v -16.601150512695312 18.056640625 0.0
v -16.781570434570312 18.12127685546875 0.06750011444091797
v -16.781570434570312 18.12127685546875 0.06750011444091797
v -16.688308715820312 18.35406494140625 0.06750011444091797
v -16.513259887695312 18.27630615234375 0.0
v -16.408035278320312 18.4893798828125 2.384185791015625e-07
v -16.513259887695312 18.27630615234375 0.0
v -16.688308715820312 18.35406494140625 0.06750011444091797
v -16.688308715820312 18.35406494140625 0.06750011444091797
v -16.577713012695312 18.58001708984375 0.06750011444091797
v -16.408035278320312 18.4893798828125 2.384185791015625e-07
v -16.672683715820312 17.82958984375 0.0
v -16.720779418945312 17.581787109375 0.0
v -16.917312622070312 17.62432861328125 0.06750011444091797
v -16.917312622070312 17.62432861328125 0.06750011444091797
v -16.857498168945312 17.8814697265625 0.06750011444091797
v -16.672683715820312 17.82958984375 0.0
v -16.601150512695312 18.056640625 0.0
v -16.672683715820312 17.82958984375 0.0
v -16.857498168945312 17.8814697265625 0.06750011444091797
v -16.857498168945312 17.8814697265625 0.06750011444091797
v -16.781570434570312 18.12127685546875 0.06750011444091797
v -16.601150512695312 18.056640625 0.0
v -16.770095825195312 17.30865478515625 0.0
v -16.812576293945312 17.00860595703125 0.0
v -17.013748168945312 17.0330810546875 0.06750011444091797
v -17.013748168945312 17.0330810546875 0.06750011444091797
v -16.970046997070312 17.34161376953125 0.06750011444091797
v -16.770095825195312 17.30865478515625 0.0
v -16.720779418945312 17.581787109375 0.0
v -16.770095825195312 17.30865478515625 0.0
v -16.970046997070312 17.34161376953125 0.06750011444091797
v -16.970046997070312 17.34161376953125 0.06750011444091797
v -16.917312622070312 17.62432861328125 0.06750011444091797
v -16.720779418945312 17.581787109375 0.0
v -16.846023559570312 16.6815185546875 0.0
v -16.869949340820312 16.3275146484375 0.0
v -17.072097778320312 16.33819580078125 0.06750011444091797
v -17.072097778320312 16.33819580078125 0.06750011444091797
v -17.047683715820312 16.69854736328125 0.06750011444091797
v -16.846023559570312 16.6815185546875 0.0
v -16.812576293945312 17.00860595703125 0.0
v -16.846023559570312 16.6815185546875 0.0
v -17.047683715820312 16.69854736328125 0.06750011444091797
v -17.047683715820312 16.69854736328125 0.06750011444091797
v -17.013748168945312 17.0330810546875 0.06750011444091797
v -16.812576293945312 17.00860595703125 0.0
v -16.884353637695312 15.94696044921875 0.0
v -16.888992309570312 15.5396728515625 0.0
v -17.091629028320312 15.5399169921875 0.06750011444091797
v -17.091629028320312 15.5399169921875 0.06750011444091797
v -17.086746215820312 15.95196533203125 0.06750011444091797
v -16.884353637695312 15.94696044921875 0.0
v -16.869949340820312 16.3275146484375 0.0
v -16.884353637695312 15.94696044921875 0.0
v -17.086746215820312 15.95196533203125 0.06750011444091797
v -17.086746215820312 15.95196533203125 0.06750011444091797
v -17.072097778320312 16.33819580078125 0.06750011444091797
v -16.869949340820312 16.3275146484375 0.0
v -16.886306762695312 15.2330322265625 2.384185791015625e-07
v -16.877517700195312 14.93408203125 0.0
v -17.079910278320312 14.92620849609375 0.06750011444091797
v -17.079910278320312 14.92620849609375 0.06750011444091797
v -17.088699340820312 15.2291259765625 0.06750011444091797
v -16.886306762695312 15.2330322265625 2.384185791015625e-07
v -16.888992309570312 15.5396728515625 0.0
v -16.886306762695312 15.2330322265625 2.384185791015625e-07
v -17.088699340820312 15.2291259765625 0.06750011444091797
v -17.088699340820312 15.2291259765625 0.06750011444091797
v -17.091629028320312 15.5399169921875 0.06750011444091797
v -16.888992309570312 15.5396728515625 0.0
v -16.863113403320312 14.643310546875 2.384185791015625e-07
v -16.843093872070312 14.36065673828125 2.384185791015625e-07
v -17.044998168945312 14.343994140625 0.06750011444091797
v -17.044998168945312 14.343994140625 0.06750011444091797
v -17.065261840820312 14.63116455078125 0.06750011444091797
v -16.863113403320312 14.643310546875 2.384185791015625e-07
v -16.877517700195312 14.93408203125 0.0
v -16.863113403320312 14.643310546875 2.384185791015625e-07
v -17.065261840820312 14.63116455078125 0.06750011444091797
v -17.065261840820312 14.63116455078125 0.06750011444091797
v -17.079910278320312 14.92620849609375 0.06750011444091797
v -16.877517700195312 14.93408203125 0.0
v -16.817459106445312 14.08612060546875 2.384185791015625e-07
v -16.788162231445312 13.81951904296875 0.0
v -16.987380981445312 13.79345703125 0.06750011444091797
v -16.987380981445312 13.79345703125 0.06750011444091797
v -17.018875122070312 14.0648193359375 0.06750011444091797
v -16.817459106445312 14.08612060546875 2.384185791015625e-07
v -16.843093872070312 14.36065673828125 2.384185791015625e-07
v -16.817459106445312 14.08612060546875 2.384185791015625e-07
v -17.018875122070312 14.0648193359375 0.06750011444091797
v -17.018875122070312 14.0648193359375 0.06750011444091797
v -17.044998168945312 14.343994140625 0.06750011444091797
v -16.843093872070312 14.36065673828125 2.384185791015625e-07
v -16.951736450195312 13.52972412109375 0.06750011444091797
v -16.759841918945312 13.559814453125 2.384185791015625e-07
v -16.728103637695312 13.30938720703125 0.0
v -16.728103637695312 13.30938720703125 0.0
v -16.911209106445312 13.275634765625 0.06750011444091797
v -16.951736450195312 13.52972412109375 0.06750011444091797
v -16.987380981445312 13.79345703125 0.06750011444091797
v -16.788162231445312 13.81951904296875 0.0
v -16.759841918945312 13.559814453125 2.384185791015625e-07
v -16.759841918945312 13.559814453125 2.384185791015625e-07
v -16.951736450195312 13.52972412109375 0.06750011444091797
v -16.987380981445312 13.79345703125 0.06750011444091797
v -16.865798950195312 13.0333251953125 0.06750011444091797
v -16.691238403320312 13.07061767578125 0.0
v -16.649734497070312 12.8436279296875 2.384185791015625e-07
v -16.649734497070312 12.8436279296875 2.384185791015625e-07
v -16.815505981445312 12.80267333984375 0.06750011444091797
v -16.865798950195312 13.0333251953125 0.06750011444091797
v -16.911209106445312 13.275634765625 0.06750011444091797
v -16.728103637695312 13.30938720703125 0.0
v -16.691238403320312 13.07061767578125 0.0
v -16.691238403320312 13.07061767578125 0.0
v -16.865798950195312 13.0333251953125 0.06750011444091797
v -16.911209106445312 13.275634765625 0.06750011444091797
v -16.760330200195312 12.5838623046875 0.06750011444091797
v -16.603103637695312 12.62835693359375 0.0
v -16.551589965820312 12.4248046875 0.0
v -16.551589965820312 12.4248046875 0.0
v -16.700027465820312 12.37677001953125 0.06750011444091797
v -16.760330200195312 12.5838623046875 0.06750011444091797
v -16.815505981445312 12.80267333984375 0.06750011444091797
v -16.649734497070312 12.8436279296875 2.384185791015625e-07
v -16.603103637695312 12.62835693359375 0.0
v -16.603103637695312 12.62835693359375 0.0
v -16.760330200195312 12.5838623046875 0.06750011444091797
v -16.815505981445312 12.80267333984375 0.06750011444091797
v -16.635086059570312 12.181396484375 0.06750011444091797
v -16.495193481445312 12.2330322265625 2.384185791015625e-07
v -16.433914184570312 12.05328369140625 0.0
v -16.433914184570312 12.05328369140625 0.0
v -16.565017700195312 11.99786376953125 0.06750011444091797
v -16.635086059570312 12.181396484375 0.06750011444091797
v -16.700027465820312 12.37677001953125 0.06750011444091797
v -16.551589965820312 12.4248046875 0.0
v -16.495193481445312 12.2330322265625 2.384185791015625e-07
v -16.495193481445312 12.2330322265625 2.384185791015625e-07
v -16.635086059570312 12.181396484375 0.06750011444091797
v -16.700027465820312 12.37677001953125 0.06750011444091797
v -16.489822387695312 11.82623291015625 0.06750011444091797
v -16.367019653320312 11.8858642578125 2.384185791015625e-07
v -16.294509887695312 11.73046875 0.0
v -16.294509887695312 11.73046875 0.0
v -16.408523559570312 11.66650390625 0.06750011444091797
v -16.489822387695312 11.82623291015625 0.06750011444091797
v -16.565017700195312 11.99786376953125 0.06750011444091797
v -16.433914184570312 12.05328369140625 0.0
v -16.367019653320312 11.8858642578125 2.384185791015625e-07
v -16.367019653320312 11.8858642578125 2.384185791015625e-07
v -16.489822387695312 11.82623291015625 0.06750011444091797
v -16.565017700195312 11.99786376953125 0.06750011444091797
v -16.321365356445312 11.51861572265625 0.06750011444091797
v -16.215896606445312 11.5869140625 0.0
v -16.131668090820312 11.455322265625 0.0
v -16.131668090820312 11.455322265625 0.0
v -16.228591918945312 11.38250732421875 0.06750011444091797
v -16.321365356445312 11.51861572265625 0.06750011444091797
v -16.408523559570312 11.66650390625 0.06750011444091797
v -16.294509887695312 11.73046875 0.0
v -16.215896606445312 11.5869140625 0.0
v -16.215896606445312 11.5869140625 0.0
v -16.321365356445312 11.51861572265625 0.06750011444091797
v -16.408523559570312 11.66650390625 0.06750011444091797
v -16.129714965820312 11.25830078125 0.06750011444091797
v -16.041336059570312 11.3355712890625 0.0
v -15.945144653320312 11.22772216796875 2.384185791015625e-07
v -15.945144653320312 11.22772216796875 2.384185791015625e-07
v -16.025222778320312 11.14593505859375 0.06750011444091797
v -16.129714965820312 11.25830078125 0.06750011444091797
v -16.228591918945312 11.38250732421875 0.06750011444091797
v -16.131668090820312 11.455322265625 0.0
v -16.041336059570312 11.3355712890625 0.0
v -16.041336059570312 11.3355712890625 0.0
v -16.129714965820312 11.25830078125 0.06750011444091797
v -16.228591918945312 11.38250732421875 0.06750011444091797
v -15.914871215820312 11.04522705078125 0.06750011444091797
v -15.844070434570312 11.1312255859375 2.384185791015625e-07
v -15.738357543945312 11.047119140625 0.0
v -15.738357543945312 11.047119140625 0.0
v -15.799392700195312 10.95721435546875 0.06750011444091797
v -15.914871215820312 11.04522705078125 0.06750011444091797
v -16.025222778320312 11.14593505859375 0.06750011444091797
v -15.945144653320312 11.22772216796875 2.384185791015625e-07
v -15.844070434570312 11.1312255859375 2.384185791015625e-07
v -15.844070434570312 11.1312255859375 2.384185791015625e-07
v -15.914871215820312 11.04522705078125 0.06750011444091797
v -16.025222778320312 11.14593505859375 0.06750011444091797
v -15.628005981445312 10.9769287109375 0.0
v -15.512771606445312 10.920654296875 2.384185791015625e-07
v -15.554031372070312 10.82257080078125 0.06750011444091797
v -15.554031372070312 10.82257080078125 0.06750011444091797
v -15.679031372070312 10.88299560546875 0.06750011444091797
v -15.628005981445312 10.9769287109375 0.0
v -15.799392700195312 10.95721435546875 0.06750011444091797
v -15.738357543945312 11.047119140625 0.0
v -15.628005981445312 10.9769287109375 0.0
v -15.628005981445312 10.9769287109375 0.0
v -15.679031372070312 10.88299560546875 0.06750011444091797
v -15.799392700195312 10.95721435546875 0.06750011444091797
v -15.393142700195312 10.87750244140625 0.0
v -15.268630981445312 10.8472900390625 2.384185791015625e-07
v -15.289138793945312 10.742431640625 0.06750011444091797
v -15.289138793945312 10.742431640625 0.06750011444091797
v -15.423904418945312 10.7757568359375 0.06750011444091797
v -15.393142700195312 10.87750244140625 0.0
v -15.512771606445312 10.920654296875 2.384185791015625e-07
v -15.393142700195312 10.87750244140625 0.0
v -15.423904418945312 10.7757568359375 0.06750011444091797
v -15.423904418945312 10.7757568359375 0.06750011444091797
v -15.554031372070312 10.82257080078125 0.06750011444091797
v -15.512771606445312 10.920654296875 2.384185791015625e-07
v -15.139236450195312 10.83087158203125 0.0
v -15.005691528320312 10.8282470703125 0.0
v -15.004959106445312 10.717041015625 0.06750011444091797
v -15.004959106445312 10.717041015625 0.06750011444091797
v -15.149490356445312 10.722900390625 0.06750011444091797
v -15.139236450195312 10.83087158203125 0.0
v -15.268630981445312 10.8472900390625 2.384185791015625e-07
v -15.139236450195312 10.83087158203125 0.0
v -15.149490356445312 10.722900390625 0.06750011444091797
v -15.149490356445312 10.722900390625 0.06750011444091797
v -15.289138793945312 10.742431640625 0.06750011444091797
v -15.268630981445312 10.8472900390625 2.384185791015625e-07
v -14.802566528320312 10.9205322265625 0.0
v -14.582351684570312 10.97930908203125 0.0
v -14.543289184570312 10.79595947265625 0.06750011444091797
v -14.543289184570312 10.79595947265625 0.06750011444091797
v -14.783279418945312 10.75042724609375 0.06750011444091797
v -14.802566528320312 10.9205322265625 0.0
v -15.005691528320312 10.8282470703125 0.0
v -14.802566528320312 10.9205322265625 0.0
v -14.783279418945312 10.75042724609375 0.06750011444091797
v -14.783279418945312 10.75042724609375 0.06750011444091797
v -15.004959106445312 10.717041015625 0.06750011444091797
v -15.005691528320312 10.8282470703125 0.0
v -14.342605590820312 11.0623779296875 0.0
v -14.076004028320312 11.152587890625 2.384185791015625e-07
v -14.005203247070312 10.9627685546875 0.06750011444091797
v -14.005203247070312 10.9627685546875 0.06750011444091797
v -14.284744262695312 10.8681640625 0.06750011444091797
v -14.342605590820312 11.0623779296875 0.0
v -14.582351684570312 10.97930908203125 0.0
v -14.342605590820312 11.0623779296875 0.0
v -14.284744262695312 10.8681640625 0.06750011444091797
v -14.284744262695312 10.8681640625 0.06750011444091797
v -14.543289184570312 10.79595947265625 0.06750011444091797
v -14.582351684570312 10.97930908203125 0.0
v -13.787918090820312 11.270263671875 0.0
v -13.478836059570312 11.4156494140625 0.0
v -13.388748168945312 11.23431396484375 0.06750011444091797
v -13.388748168945312 11.23431396484375 0.06750011444091797
v -13.706619262695312 11.08477783203125 0.06750011444091797
v -13.787918090820312 11.270263671875 0.0
v -14.076004028320312 11.152587890625 2.384185791015625e-07
v -13.787918090820312 11.270263671875 0.0
v -13.706619262695312 11.08477783203125 0.06750011444091797
v -13.706619262695312 11.08477783203125 0.06750011444091797
v -14.005203247070312 10.9627685546875 0.06750011444091797
v -14.076004028320312 11.152587890625 2.384185791015625e-07
v -13.146072387695312 11.59051513671875 0.0
v -12.784744262695312 11.78570556640625 0.0
v -12.689773559570312 11.6068115234375 0.06750011444091797
v -12.689773559570312 11.6068115234375 0.06750011444091797
v -13.050857543945312 11.4117431640625 0.06750011444091797
v -13.146072387695312 11.59051513671875 0.0
v -13.478836059570312 11.4156494140625 0.0
v -13.146072387695312 11.59051513671875 0.0
v -13.050857543945312 11.4117431640625 0.06750011444091797
v -13.050857543945312 11.4117431640625 0.06750011444091797
v -13.388748168945312 11.23431396484375 0.06750011444091797
v -13.478836059570312 11.4156494140625 0.0
v -12.784744262695312 11.78570556640625 0.0
v -12.396072387695312 11.98828125 0.0
v -12.303543090820312 11.80804443359375 0.06750011444091797
v -12.303543090820312 11.80804443359375 0.06750011444091797
v -12.689773559570312 11.6068115234375 0.06750011444091797
v -12.784744262695312 11.78570556640625 0.0
v -12.396072387695312 11.98828125 0.0
v -11.983230590820312 12.19647216796875 0.0
v -11.893142700195312 12.01513671875 0.06750011444091797
v -11.893142700195312 12.01513671875 0.06750011444091797
v -12.303543090820312 11.80804443359375 0.06750011444091797
v -12.396072387695312 11.98828125 0.0
v -11.983230590820312 12.19647216796875 0.0
v -11.546218872070312 12.410400390625 0.0
v -11.458084106445312 12.22802734375 0.06750011444091797
v -11.458084106445312 12.22802734375 0.06750011444091797
v -11.893142700195312 12.01513671875 0.06750011444091797
v -11.983230590820312 12.19647216796875 0.0
v -11.546218872070312 12.410400390625 0.0
v -11.085037231445312 12.6300048828125 0.0
v -10.998855590820312 12.44671630859375 0.06750011444091797
v -10.998855590820312 12.44671630859375 0.06750011444091797
v -11.458084106445312 12.22802734375 0.06750011444091797
v -11.546218872070312 12.410400390625 0.0
v -11.085037231445312 12.6300048828125 0.0
v -10.599685668945312 12.85528564453125 0.0
v -10.515213012695312 12.6712646484375 0.06750011444091797
v -10.515213012695312 12.6712646484375 0.06750011444091797
v -10.998855590820312 12.44671630859375 0.06750011444091797
v -11.085037231445312 12.6300048828125 0.0
v -10.599685668945312 12.85528564453125 0.0
v -10.089187622070312 13.08685302734375 0.0
v -10.007156372070312 12.9017333984375 0.06750011444091797
v -10.007156372070312 12.9017333984375 0.06750011444091797
v -10.515213012695312 12.6712646484375 0.06750011444091797
v -10.599685668945312 12.85528564453125 0.0
v -10.089187622070312 13.08685302734375 0.0
v -9.553298950195312 13.31915283203125 0.0
v -9.474929809570312 13.13238525390625 0.06750011444091797
v -9.474929809570312 13.13238525390625 0.06750011444091797
v -10.007156372070312 12.9017333984375 0.06750011444091797
v -10.089187622070312 13.08685302734375 0.0
v -9.553298950195312 13.31915283203125 0.0
v -8.994216918945312 13.54571533203125 0.0
v -8.920242309570312 13.357177734375 0.06750011444091797
v -8.920242309570312 13.357177734375 0.06750011444091797
v -9.474929809570312 13.13238525390625 0.06750011444091797
v -9.553298950195312 13.31915283203125 0.0
v -8.994216918945312 13.54571533203125 0.0
v -8.412918090820312 13.7662353515625 0.0
v -8.343093872070312 13.57611083984375 0.06750011444091797
v -8.343093872070312 13.57611083984375 0.06750011444091797
v -8.920242309570312 13.357177734375 0.06750011444091797
v -8.994216918945312 13.54571533203125 0.0
v -8.412918090820312 13.7662353515625 0.0
v -7.809402942657471 13.98065185546875 0.0
v -7.743484973907471 13.78912353515625 0.06750011444091797
v -7.743484973907471 13.78912353515625 0.06750011444091797
v -8.343093872070312 13.57611083984375 0.06750011444091797
v -8.412918090820312 13.7662353515625 0.0
v -7.809402942657471 13.98065185546875 0.0
v -7.183670520782471 14.18896484375 0.0
v -7.121414661407471 13.9962158203125 0.06750011444091797
v -7.121414661407471 13.9962158203125 0.06750011444091797
v -7.743484973907471 13.78912353515625 0.06750011444091797
v -7.809402942657471 13.98065185546875 0.0
v -7.183670520782471 14.18896484375 0.0
v -6.535721302032471 14.39129638671875 0.0
v -6.477127552032471 14.19744873046875 0.06750011444091797
v -6.477127552032471 14.19744873046875 0.06750011444091797
v -7.121414661407471 13.9962158203125 0.06750011444091797
v -7.183670520782471 14.18896484375 0.0
v -6.535721302032471 14.39129638671875 0.0
v -5.863602161407471 14.588134765625 0.0
v -5.809891223907471 14.39288330078125 0.06750011444091797
v -5.809891223907471 14.39288330078125 0.06750011444091797
v -6.477127552032471 14.19744873046875 0.06750011444091797
v -6.535721302032471 14.39129638671875 0.0
v -5.863602161407471 14.588134765625 0.0
v -5.163406848907471 14.76910400390625 0.0
v -5.117264270782471 14.5718994140625 0.06750011444091797
v -5.117264270782471 14.5718994140625 0.06750011444091797
v -5.809891223907471 14.39288330078125 0.06750011444091797
v -5.863602161407471 14.588134765625 0.0
v -5.163406848907471 14.76910400390625 0.0
v -4.435379505157471 14.92242431640625 0.0
v -4.398025989532471 14.723388671875 0.06750011444091797
v -4.398025989532471 14.723388671875 0.06750011444091797
v -5.117264270782471 14.5718994140625 0.06750011444091797
v -5.163406848907471 14.76910400390625 0.0
v -4.435379505157471 14.92242431640625 0.0
v -3.6814730167388916 15.0477294921875 0.0
v -3.6524202823638916 14.8472900390625 0.06750011444091797
v -3.6524202823638916 14.8472900390625 0.06750011444091797
v -4.398025989532471 14.723388671875 0.06750011444091797
v -4.435379505157471 14.92242431640625 0.0
v -3.6814730167388916 15.0477294921875 0.0
v -2.9019320011138916 15.14508056640625 0.0
v -2.8806917667388916 14.94366455078125 0.06750011444091797
v -2.8806917667388916 14.94366455078125 0.06750011444091797
v -3.6524202823638916 14.8472900390625 0.06750011444091797
v -3.6814730167388916 15.0477294921875 0.0
v -2.9019320011138916 15.14508056640625 0.0
v -2.0962679386138916 15.21453857421875 0.0
v -2.0825960636138916 15.01251220703125 0.06750011444091797
v -2.0825960636138916 15.01251220703125 0.06750011444091797
v -2.8806917667388916 14.94366455078125 0.06750011444091797
v -2.9019320011138916 15.14508056640625 0.0
v -2.0962679386138916 15.21453857421875 0.0
v -1.2649691104888916 15.25616455078125 0.0
v -1.2583773136138916 15.05377197265625 0.06750011444091797
v -1.2583773136138916 15.05377197265625 0.06750011444091797
v -2.0825960636138916 15.01251220703125 0.06750011444091797
v -2.0962679386138916 15.21453857421875 0.0
v -1.2649691104888916 15.25616455078125 0.0
v -0.408035546541214 15.27001953125 0.0
v -0.407791405916214 15.0675048828125 0.06750011444091797
v -0.407791405916214 15.0675048828125 0.06750011444091797
v -1.2583773136138916 15.05377197265625 0.06750011444091797
v -1.2649691104888916 15.25616455078125 0.0
v -0.408035546541214 15.27001953125 0.0
v 0.241866797208786 15.26007080078125 0.0
v 0.235519140958786 15.0576171875 0.06750011444091797
v 0.235519140958786 15.0576171875 0.06750011444091797
v -0.407791405916214 15.0675048828125 0.06750011444091797
v -0.408035546541214 15.27001953125 0.0
v 0.241866797208786 15.26007080078125 0.0
v 0.8622280955314636 15.23004150390625 0.0
v 0.8485562205314636 15.0279541015625 0.06750011444091797
v 0.8485562205314636 15.0279541015625 0.06750011444091797
v 0.235519140958786 15.0576171875 0.06750011444091797
v 0.241866797208786 15.26007080078125 0.0
v 0.8622280955314636 15.23004150390625 0.0
v 1.4530484676361084 15.17987060546875 0.0
v 1.4318082332611084 14.97845458984375 0.06750011444091797
v 1.4318082332611084 14.97845458984375 0.06750011444091797
v 0.8485562205314636 15.0279541015625 0.06750011444091797
v 0.8622280955314636 15.23004150390625 0.0
v 1.4530484676361084 15.17987060546875 0.0
v 2.0148160457611084 15.1094970703125 0.0
v 1.9852750301361084 14.90911865234375 0.06750011444091797
v 1.9852750301361084 14.90911865234375 0.06750011444091797
v 1.4318082332611084 14.97845458984375 0.06750011444091797
v 1.4530484676361084 15.17987060546875 0.0
v 2.0148160457611084 15.1094970703125 0.0
v 2.5472867488861084 15.01873779296875 0.0
v 2.5084683895111084 14.8199462890625 0.06750011444091797
v 2.5084683895111084 14.8199462890625 0.06750011444091797
v 1.9852750301361084 14.90911865234375 0.06750011444091797
v 2.0148160457611084 15.1094970703125 0.0
v 2.5472867488861084 15.01873779296875 0.0
v 3.0509488582611084 14.9073486328125 0.0
v 3.0018765926361084 14.7108154296875 0.06750011444091797
v 3.0018765926361084 14.7108154296875 0.06750011444091797
v 2.5084683895111084 14.8199462890625 0.06750011444091797
v 2.5472867488861084 15.01873779296875 0.0
v 3.0509488582611084 14.9073486328125 0.0
v 3.5255582332611084 14.77508544921875 0.0
v 3.4652554988861084 14.5816650390625 0.06750011444091797
v 3.4652554988861084 14.5816650390625 0.06750011444091797
v 3.0018765926361084 14.7108154296875 0.06750011444091797
v 3.0509488582611084 14.9073486328125 0.0
v 3.5255582332611084 14.77508544921875 0.0
v 3.9735562801361084 14.62078857421875 0.0
v 3.9012906551361084 14.43145751953125 0.06750011444091797
v 3.9012906551361084 14.43145751953125 0.06750011444091797
v 3.4652554988861084 14.5816650390625 0.06750011444091797
v 3.5255582332611084 14.77508544921875 0.0
v 3.9735562801361084 14.62078857421875 0.0
v 4.396895885467529 14.443115234375 0.0
v 4.311934947967529 14.2591552734375 0.06750011444091797
v 4.311934947967529 14.2591552734375 0.06750011444091797
v 3.9012906551361084 14.43145751953125 0.06750011444091797
v 3.9735562801361084 14.62078857421875 0.0
v 4.396895885467529 14.443115234375 0.0
v 4.795333385467529 14.2420654296875 0.0
v 4.697432994842529 14.064697265625 0.06750011444091797
v 4.697432994842529 14.064697265625 0.06750011444091797
v 4.311934947967529 14.2591552734375 0.06750011444091797
v 4.396895885467529 14.443115234375 0.0
v 4.795333385467529 14.2420654296875 0.0
v 5.168624401092529 14.01739501953125 0.0
v 5.057296276092529 13.84796142578125 0.06750011444091797
v 5.057296276092529 13.84796142578125 0.06750011444091797
v 4.697432994842529 14.064697265625 0.06750011444091797
v 4.795333385467529 14.2420654296875 0.0
v 5.168624401092529 14.01739501953125 0.0
v 5.516280651092529 13.76910400390625 0.0
v 5.391768932342529 13.609130859375 0.06750011444091797
v 5.391768932342529 13.609130859375 0.06750011444091797
v 5.057296276092529 13.84796142578125 0.06750011444091797
v 5.168624401092529 14.01739501953125 0.0
v 5.516280651092529 13.76910400390625 0.0
v 5.838057994842529 13.4971923828125 0.0
v 5.700850963592529 13.3480224609375 0.06750011444091797
v 5.700850963592529 13.3480224609375 0.06750011444091797
v 5.391768932342529 13.609130859375 0.06750011444091797
v 5.516280651092529 13.76910400390625 0.0
v 5.838057994842529 13.4971923828125 0.0
v 6.132979869842529 13.20233154296875 0.0
v 5.984054088592529 13.06488037109375 0.06750011444091797
v 5.984054088592529 13.06488037109375 0.06750011444091797
v 5.700850963592529 13.3480224609375 0.06750011444091797
v 5.838057994842529 13.4971923828125 0.0
v 6.132979869842529 13.20233154296875 0.0
v 6.402266979217529 12.88592529296875 0.0
v 6.243087291717529 12.76043701171875 0.06750011444091797
v 6.243087291717529 12.76043701171875 0.06750011444091797
v 5.984054088592529 13.06488037109375 0.06750011444091797
v 6.132979869842529 13.20233154296875 0.0
v 6.402266979217529 12.88592529296875 0.0
v 6.648360729217529 12.548583984375 0.0
v 6.480391979217529 12.43524169921875 0.06750011444091797
v 6.480391979217529 12.43524169921875 0.06750011444091797
v 6.243087291717529 12.76043701171875 0.06750011444091797
v 6.402266979217529 12.88592529296875 0.0
v 6.648360729217529 12.548583984375 0.0
v 6.871505260467529 12.190185546875 0.0
v 6.695968151092529 12.08929443359375 0.06750011444091797
v 6.695968151092529 12.08929443359375 0.06750011444091797
v 6.480391979217529 12.43524169921875 0.06750011444091797
v 6.648360729217529 12.548583984375 0.0
v 6.871505260467529 12.190185546875 0.0
v 7.071700572967529 11.81097412109375 0.0
v 6.889327526092529 11.7225341796875 0.06750011444091797
v 6.889327526092529 11.7225341796875 0.06750011444091797
v 6.695968151092529 12.08929443359375 0.06750011444091797
v 6.871505260467529 12.190185546875 0.0
v 7.071700572967529 11.81097412109375 0.0
v 7.248946666717529 11.4112548828125 0.0
v 7.061202526092529 11.335205078125 0.06750011444091797
v 7.061202526092529 11.335205078125 0.06750011444091797
v 6.889327526092529 11.7225341796875 0.06750011444091797
v 7.071700572967529 11.81097412109375 0.0
v 7.248946666717529 11.4112548828125 0.0
v 7.403243541717529 10.9912109375 0.0
v 7.211104869842529 10.92724609375 0.06750011444091797
v 7.211104869842529 10.92724609375 0.06750011444091797
v 7.061202526092529 11.335205078125 0.06750011444091797
v 7.248946666717529 11.4112548828125 0.0
v 7.403243541717529 10.9912109375 0.0
v 7.534835338592529 10.5517578125 0.0
v 7.339278697967529 10.4989013671875 0.06750011444091797
v 7.339278697967529 10.4989013671875 0.06750011444091797
v 7.211104869842529 10.92724609375 0.06750011444091797
v 7.403243541717529 10.9912109375 0.0
v 7.534835338592529 10.5517578125 0.0
v 7.645675182342529 10.09368896484375 0.0
v 7.447921276092529 10.05035400390625 0.06750011444091797
v 7.447921276092529 10.05035400390625 0.06750011444091797
v 7.339278697967529 10.4989013671875 0.06750011444091797
v 7.534835338592529 10.5517578125 0.0
v 7.645675182342529 10.09368896484375 0.0
v 7.739425182342529 9.61639404296875 0.0
v 7.539718151092529 9.58154296875 0.06750011444091797
v 7.539718151092529 9.58154296875 0.06750011444091797
v 7.447921276092529 10.05035400390625 0.06750011444091797
v 7.645675182342529 10.09368896484375 0.0
v 7.739425182342529 9.61639404296875 0.0
v 7.815597057342529 9.119140625 0.0
v 7.614913463592529 9.09222412109375 0.06750011444091797
v 7.614913463592529 9.09222412109375 0.06750011444091797
v 7.539718151092529 9.58154296875 0.06750011444091797
v 7.739425182342529 9.61639404296875 0.0
v 7.815597057342529 9.119140625 0.0
v 7.874923229217529 8.6019287109375 0.0
v 7.673263072967529 8.58245849609375 0.06750011444091797
v 7.673263072967529 8.58245849609375 0.06750011444091797
v 7.614913463592529 9.09222412109375 0.06750011444091797
v 7.815597057342529 9.119140625 0.0
v 7.874923229217529 8.6019287109375 0.0
v 7.917159557342529 8.064697265625 0.0
v 7.715011119842529 8.0521240234375 0.06750011444091797
v 7.715011119842529 8.0521240234375 0.06750011444091797
v 7.673263072967529 8.58245849609375 0.06750011444091797
v 7.874923229217529 8.6019287109375 0.0
v 7.917159557342529 8.064697265625 0.0
v 7.942550182342529 7.50738525390625 0.0
v 7.740157604217529 7.5013427734375 0.06750011444091797
v 7.740157604217529 7.5013427734375 0.06750011444091797
v 7.715011119842529 8.0521240234375 0.06750011444091797
v 7.917159557342529 8.064697265625 0.0
v 7.942550182342529 7.50738525390625 0.0
v 7.950850963592529 6.93194580078125 0.0
v 7.748458385467529 6.93048095703125 0.06750011444091797
v 7.748458385467529 6.93048095703125 0.06750011444091797
v 7.740157604217529 7.5013427734375 0.06750011444091797
v 7.942550182342529 7.50738525390625 0.0
v 7.950850963592529 6.93194580078125 0.0
v 7.943038463592529 4.3846435546875 0.0
v 7.746505260467529 4.53863525390625 0.06750011444091797
v 7.746505260467529 4.53863525390625 0.06750011444091797
v 7.748458385467529 6.93048095703125 0.06750011444091797
v 7.950850963592529 6.93194580078125 0.0
v 9.555831909179688 -18.3656005859375 0.26999998092651367
v 9.555831909179688 -18.3656005859375 3.7300000190734863
v 9.508712768554688 -18.2113037109375 3.7300000190734863
v 9.508712768554688 -18.2113037109375 3.7300000190734863
v 9.508712768554688 -18.2113037109375 0.26999998092651367
v 9.555831909179688 -18.3656005859375 0.26999998092651367
v 7.498458385467529 -10.72149658203125 0.2700002193450928
v 7.498458385467529 -10.72149658203125 3.7300000190734863
v 7.635177135467529 -10.5047607421875 3.7300000190734863
v 7.635177135467529 -10.5047607421875 3.7300000190734863
v 7.635177135467529 -10.5047607421875 0.2700002193450928
v 7.498458385467529 -10.72149658203125 0.2700002193450928
v 7.410811901092529 4.32000732421875 0.26999998092651367
v 7.410811901092529 4.32000732421875 3.7300000190734863
v 7.613448619842529 4.38751220703125 3.7300000190734863
v 7.613448619842529 4.38751220703125 3.7300000190734863
v 7.613448619842529 4.38751220703125 0.26999998092651367
v 7.410811901092529 4.32000732421875 0.26999998092651367
v 7.680831432342529 -3.510009765625 0.26999998092651367
v 7.680831432342529 -3.510009765625 3.7300000190734863
v 7.613448619842529 -3.3074951171875 3.7300000190734863
v 7.613448619842529 -3.3074951171875 3.7300000190734863
v 7.613448619842529 -3.3074951171875 0.26999998092651367
v 7.680831432342529 -3.510009765625 0.26999998092651367
v 7.679854869842529 4.32806396484375 3.932499885559082
v 7.746505260467529 4.53863525390625 3.932499885559082
v 7.680831432342529 4.59002685546875 3.7300000190734863
v 7.680831432342529 4.59002685546875 3.7300000190734863
v 7.613448619842529 4.38751220703125 3.7300000190734863
v 7.679854869842529 4.32806396484375 3.932499885559082
v 7.679854869842529 4.32806396484375 3.932499885559082
v 7.613448619842529 4.38751220703125 3.7300000190734863
v 7.410811901092529 4.32000732421875 3.7300000190734863
v 7.410811901092529 4.32000732421875 3.7300000190734863
v 7.478438854217529 4.25250244140625 3.932499885559082
v 7.679854869842529 4.32806396484375 3.932499885559082
v 7.811934947967529 4.21728515625 4.0
v 7.679854869842529 4.32806396484375 3.932499885559082
v 7.478438854217529 4.25250244140625 3.932499885559082
v 7.478438854217529 4.25250244140625 3.932499885559082
v 7.680831432342529 4.04998779296875 4.0
v 7.811934947967529 4.21728515625 4.0
v 9.557296752929688 -18.11480712890625 3.932499885559082
v 9.508712768554688 -18.2113037109375 3.7300000190734863
v 9.555831909179688 -18.3656005859375 3.7300000190734863
v 9.555831909179688 -18.3656005859375 3.7300000190734863
v 9.622482299804688 -18.286376953125 3.932499885559082
v 9.557296752929688 -18.11480712890625 3.932499885559082
v 9.656417846679688 -17.9410400390625 4.0
v 9.557296752929688 -18.11480712890625 3.932499885559082
v 9.622482299804688 -18.286376953125 3.932499885559082
v 9.622482299804688 -18.286376953125 3.932499885559082
v 9.821701049804688 -18.04852294921875 4.0
v 9.656417846679688 -17.9410400390625 4.0
v 9.397872924804688 -18.1746826171875 3.932499885559082
v 9.557296752929688 -18.11480712890625 3.932499885559082
v 9.656417846679688 -17.9410400390625 4.0
v 9.656417846679688 -17.9410400390625 4.0
v 9.490890502929688 -17.83355712890625 4.0
v 9.397872924804688 -18.1746826171875 3.932499885559082
v 7.699874401092529 -10.54656982421875 3.932499885559082
v 7.848311901092529 -10.65435791015625 4.0
v 7.950850963592529 -10.5240478515625 4.0
v 7.950850963592529 -10.5240478515625 4.0
v 7.748458385467529 -10.32037353515625 3.932499885559082
v 7.699874401092529 -10.54656982421875 3.932499885559082
v 7.635177135467529 -10.5047607421875 3.7300000190734863
v 7.699874401092529 -10.54656982421875 3.932499885559082
v 7.748458385467529 -10.32037353515625 3.932499885559082
v 7.748458385467529 -10.32037353515625 3.932499885559082
v 7.680831432342529 -10.25250244140625 3.7300000190734863
v 7.635177135467529 -10.5047607421875 3.7300000190734863
v 7.560225963592529 -10.73724365234375 3.932499885559082
v 7.699874401092529 -10.54656982421875 3.932499885559082
v 7.635177135467529 -10.5047607421875 3.7300000190734863
v 7.635177135467529 -10.5047607421875 3.7300000190734863
v 7.498458385467529 -10.72149658203125 3.7300000190734863
v 7.560225963592529 -10.73724365234375 3.932499885559082
v 7.680343151092529 -3.2337646484375 3.932499885559082
v 7.478438854217529 -3.1724853515625 3.932499885559082
v 7.410811901092529 -3.239990234375 3.7300000190734863
v 7.410811901092529 -3.239990234375 3.7300000190734863
v 7.613448619842529 -3.3074951171875 3.7300000190734863
v 7.680343151092529 -3.2337646484375 3.932499885559082
v 7.747237682342529 -3.4300537109375 3.932499885559082
v 7.680343151092529 -3.2337646484375 3.932499885559082
v 7.613448619842529 -3.3074951171875 3.7300000190734863
v 7.613448619842529 -3.3074951171875 3.7300000190734863
v 7.680831432342529 -3.510009765625 3.7300000190734863
v 7.747237682342529 -3.4300537109375 3.932499885559082
v 7.813643932342529 -3.080078125 4.0
v 7.680343151092529 -3.2337646484375 3.932499885559082
v 7.747237682342529 -3.4300537109375 3.932499885559082
v 7.747237682342529 -3.4300537109375 3.932499885559082
v 7.946212291717529 -3.19012451171875 4.0
v 7.813643932342529 -3.080078125 4.0
v 7.679854869842529 4.32806396484375 0.06750011444091797
v 7.746505260467529 4.53863525390625 0.06750011444091797
v 7.943038463592529 4.3846435546875 0.0
v 7.943038463592529 4.3846435546875 0.0
v 7.811934947967529 4.21728515625 0.0
v 7.679854869842529 4.32806396484375 0.06750011444091797
v 7.478438854217529 4.25250244140625 0.06750011444091797
v 7.679854869842529 4.32806396484375 0.06750011444091797
v 7.811934947967529 4.21728515625 0.0
v 7.811934947967529 4.21728515625 0.0
v 7.680831432342529 4.04998779296875 0.0
v 7.478438854217529 4.25250244140625 0.06750011444091797
v 7.613448619842529 4.38751220703125 0.26999998092651367
v 7.679854869842529 4.32806396484375 0.06750011444091797
v 7.478438854217529 4.25250244140625 0.06750011444091797
v 7.478438854217529 4.25250244140625 0.06750011444091797
v 7.410811901092529 4.32000732421875 0.26999998092651367
v 7.613448619842529 4.38751220703125 0.26999998092651367
v 9.656417846679688 -17.9410400390625 0.0
v 9.557296752929688 -18.11480712890625 0.06750011444091797
v 9.397872924804688 -18.1746826171875 0.06750011444091797
v 9.397872924804688 -18.1746826171875 0.06750011444091797
v 9.490890502929688 -17.83355712890625 0.0
v 9.656417846679688 -17.9410400390625 0.0
v 9.622482299804688 -18.286376953125 0.06750011444091797
v 9.557296752929688 -18.11480712890625 0.06750011444091797
v 9.656417846679688 -17.9410400390625 0.0
v 9.656417846679688 -17.9410400390625 0.0
v 9.821701049804688 -18.04852294921875 0.0
v 9.622482299804688 -18.286376953125 0.06750011444091797
v 9.555831909179688 -18.3656005859375 0.26999998092651367
v 9.508712768554688 -18.2113037109375 0.26999998092651367
v 9.557296752929688 -18.11480712890625 0.06750011444091797
v 9.557296752929688 -18.11480712890625 0.06750011444091797
v 9.622482299804688 -18.286376953125 0.06750011444091797
v 9.555831909179688 -18.3656005859375 0.26999998092651367
v 7.699874401092529 -10.54656982421875 0.06750011444091797
v 7.748458385467529 -10.32037353515625 0.06750011444091797
v 7.950850963592529 -10.5240478515625 2.384185791015625e-07
v 7.950850963592529 -10.5240478515625 2.384185791015625e-07
v 7.848311901092529 -10.65435791015625 2.384185791015625e-07
v 7.699874401092529 -10.54656982421875 0.06750011444091797
v 7.699874401092529 -10.54656982421875 0.06750011444091797
v 7.848311901092529 -10.65435791015625 2.384185791015625e-07
v 7.745772838592529 -10.78460693359375 2.384185791015625e-07
v 7.745772838592529 -10.78460693359375 2.384185791015625e-07
v 7.560225963592529 -10.73724365234375 0.06750011444091797
v 7.699874401092529 -10.54656982421875 0.06750011444091797
v 7.635177135467529 -10.5047607421875 0.2700002193450928
v 7.699874401092529 -10.54656982421875 0.06750011444091797
v 7.560225963592529 -10.73724365234375 0.06750011444091797
v 7.560225963592529 -10.73724365234375 0.06750011444091797
v 7.498458385467529 -10.72149658203125 0.2700002193450928
v 7.635177135467529 -10.5047607421875 0.2700002193450928
v 7.680343151092529 -3.2337646484375 0.06750011444091797
v 7.478438854217529 -3.1724853515625 0.06750011444091797
v 7.680831432342529 -2.969970703125 0.0
v 7.680831432342529 -2.969970703125 0.0
v 7.813643932342529 -3.080078125 0.0
v 7.680343151092529 -3.2337646484375 0.06750011444091797
v 7.680343151092529 -3.2337646484375 0.06750011444091797
v 7.813643932342529 -3.080078125 0.0
v 7.946212291717529 -3.19012451171875 0.0
v 7.946212291717529 -3.19012451171875 0.0
v 7.747237682342529 -3.4300537109375 0.06750011444091797
v 7.680343151092529 -3.2337646484375 0.06750011444091797
v 7.613448619842529 -3.3074951171875 0.26999998092651367
v 7.680343151092529 -3.2337646484375 0.06750011444091797
v 7.747237682342529 -3.4300537109375 0.06750011444091797
v 7.747237682342529 -3.4300537109375 0.06750011444091797
v 7.680831432342529 -3.510009765625 0.26999998092651367
v 7.613448619842529 -3.3074951171875 0.26999998092651367
v 10.093185424804688 -22.66424560546875 3.7300000190734863
v 10.117599487304688 -22.63055419921875 3.932499885559082
v 9.991622924804688 -22.5301513671875 3.932499885559082
v 9.991622924804688 -22.5301513671875 3.932499885559082
v 9.964767456054688 -22.55908203125 3.7300000190734863
v 10.093185424804688 -22.66424560546875 3.7300000190734863
v 10.245285034179688 -22.7606201171875 3.7300000190734863
v 10.267501831054688 -22.721435546875 3.932499885559082
v 10.117599487304688 -22.63055419921875 3.932499885559082
v 10.117599487304688 -22.63055419921875 3.932499885559082
v 10.093185424804688 -22.66424560546875 3.7300000190734863
v 10.245285034179688 -22.7606201171875 3.7300000190734863
v 10.421066284179688 -22.8482666015625 3.7300000190734863
v 10.441085815429688 -22.803466796875 3.932499885559082
v 10.267501831054688 -22.721435546875 3.932499885559082
v 10.267501831054688 -22.721435546875 3.932499885559082
v 10.245285034179688 -22.7606201171875 3.7300000190734863
v 10.421066284179688 -22.8482666015625 3.7300000190734863
v 10.620285034179688 -22.92718505859375 3.7300000190734863
v 10.638351440429688 -22.87664794921875 3.932499885559082
v 10.441085815429688 -22.803466796875 3.932499885559082
v 10.441085815429688 -22.803466796875 3.932499885559082
v 10.421066284179688 -22.8482666015625 3.7300000190734863
v 10.620285034179688 -22.92718505859375 3.7300000190734863
v 10.843185424804688 -22.997314453125 3.7300000190734863
v 10.859054565429688 -22.94110107421875 3.932499885559082
v 10.638351440429688 -22.87664794921875 3.932499885559082
v 10.638351440429688 -22.87664794921875 3.932499885559082
v 10.620285034179688 -22.92718505859375 3.7300000190734863
v 10.843185424804688 -22.997314453125 3.7300000190734863
v 11.089767456054688 -23.05865478515625 3.7300000190734863
v 11.103439331054688 -22.9967041015625 3.932499885559082
v 10.859054565429688 -22.94110107421875 3.932499885559082
v 10.859054565429688 -22.94110107421875 3.932499885559082
v 10.843185424804688 -22.997314453125 3.7300000190734863
v 11.089767456054688 -23.05865478515625 3.7300000190734863
v 11.359542846679688 -23.11126708984375 3.7300000190734863
v 11.371017456054688 -23.044677734375 3.932499885559082
v 11.103439331054688 -22.9967041015625 3.932499885559082
v 11.103439331054688 -22.9967041015625 3.932499885559082
v 11.089767456054688 -23.05865478515625 3.7300000190734863
v 11.359542846679688 -23.11126708984375 3.7300000190734863
v 11.673995971679688 -23.08905029296875 3.932499885559082
v 11.371017456054688 -23.044677734375 3.932499885559082
v 11.359542846679688 -23.11126708984375 3.7300000190734863
v 11.359542846679688 -23.11126708984375 3.7300000190734863
v 11.665451049804688 -23.156005859375 3.7300000190734863
v 11.673995971679688 -23.08905029296875 3.932499885559082
v 12.025558471679688 -23.126708984375 3.932499885559082
v 11.673995971679688 -23.08905029296875 3.932499885559082
v 11.665451049804688 -23.156005859375 3.7300000190734863
v 11.665451049804688 -23.156005859375 3.7300000190734863
v 12.019454956054688 -23.19390869140625 3.7300000190734863
v 12.025558471679688 -23.126708984375 3.932499885559082
v 12.425704956054688 -23.15753173828125 3.932499885559082
v 12.025558471679688 -23.126708984375 3.932499885559082
v 12.019454956054688 -23.19390869140625 3.7300000190734863
v 12.019454956054688 -23.19390869140625 3.7300000190734863
v 12.421310424804688 -23.22491455078125 3.7300000190734863
v 12.425704956054688 -23.15753173828125 3.932499885559082
v 12.874191284179688 -23.18157958984375 3.932499885559082
v 12.425704956054688 -23.15753173828125 3.932499885559082
v 12.421310424804688 -23.22491455078125 3.7300000190734863
v 12.421310424804688 -23.22491455078125 3.7300000190734863
v 12.871261596679688 -23.2490234375 3.7300000190734863
v 12.874191284179688 -23.18157958984375 3.932499885559082
v 13.371261596679688 -23.19873046875 3.932499885559082
v 12.874191284179688 -23.18157958984375 3.932499885559082
v 12.871261596679688 -23.2490234375 3.7300000190734863
v 12.871261596679688 -23.2490234375 3.7300000190734863
v 13.369308471679688 -23.2662353515625 3.7300000190734863
v 13.371261596679688 -23.19873046875 3.932499885559082
v 13.916183471679688 -23.20904541015625 3.932499885559082
v 13.371261596679688 -23.19873046875 3.932499885559082
v 13.369308471679688 -23.2662353515625 3.7300000190734863
v 13.369308471679688 -23.2662353515625 3.7300000190734863
v 13.915451049804688 -23.27655029296875 3.7300000190734863
v 13.916183471679688 -23.20904541015625 3.932499885559082
v 14.509689331054688 -23.2125244140625 3.932499885559082
v 13.916183471679688 -23.20904541015625 3.932499885559082
v 13.915451049804688 -23.27655029296875 3.7300000190734863
v 13.915451049804688 -23.27655029296875 3.7300000190734863
v 14.509689331054688 -23.280029296875 3.7300000190734863
v 14.509689331054688 -23.2125244140625 3.932499885559082
v 15.066085815429688 -23.2091064453125 3.932499885559082
v 14.509689331054688 -23.2125244140625 3.932499885559082
v 14.509689331054688 -23.280029296875 3.7300000190734863
v 14.509689331054688 -23.280029296875 3.7300000190734863
v 15.067062377929688 -23.27655029296875 3.7300000190734863
v 15.066085815429688 -23.2091064453125 3.932499885559082
v 15.582199096679688 -23.1988525390625 3.932499885559082
v 15.066085815429688 -23.2091064453125 3.932499885559082
v 15.067062377929688 -23.27655029296875 3.7300000190734863
v 15.067062377929688 -23.27655029296875 3.7300000190734863
v 15.584152221679688 -23.26629638671875 3.7300000190734863
v 15.582199096679688 -23.1988525390625 3.932499885559082
v 16.057785034179688 -23.1817626953125 3.932499885559082
v 15.582199096679688 -23.1988525390625 3.932499885559082
v 15.584152221679688 -23.26629638671875 3.7300000190734863
v 15.584152221679688 -23.26629638671875 3.7300000190734863
v 16.060714721679688 -23.24920654296875 3.7300000190734863
v 16.057785034179688 -23.1817626953125 3.932499885559082
v 16.492843627929688 -23.1578369140625 3.932499885559082
v 16.057785034179688 -23.1817626953125 3.932499885559082
v 16.060714721679688 -23.24920654296875 3.7300000190734863
v 16.060714721679688 -23.24920654296875 3.7300000190734863
v 16.497238159179688 -23.2252197265625 3.7300000190734863
v 16.492843627929688 -23.1578369140625 3.932499885559082
v 16.887374877929688 -23.12713623046875 3.932499885559082
v 16.492843627929688 -23.1578369140625 3.932499885559082
v 16.497238159179688 -23.2252197265625 3.7300000190734863
v 16.497238159179688 -23.2252197265625 3.7300000190734863
v 16.893478393554688 -23.19439697265625 3.7300000190734863
v 16.887374877929688 -23.12713623046875 3.932499885559082
v 17.241134643554688 -23.0897216796875 3.932499885559082
v 16.887374877929688 -23.12713623046875 3.932499885559082
v 16.893478393554688 -23.19439697265625 3.7300000190734863
v 16.893478393554688 -23.19439697265625 3.7300000190734863
v 17.249435424804688 -23.15673828125 3.7300000190734863
v 17.241134643554688 -23.0897216796875 3.932499885559082
v 17.554122924804688 -23.0455322265625 3.932499885559082
v 17.241134643554688 -23.0897216796875 3.932499885559082
v 17.249435424804688 -23.15673828125 3.7300000190734863
v 17.249435424804688 -23.15673828125 3.7300000190734863
v 17.564865112304688 -23.1121826171875 3.7300000190734863
v 17.554122924804688 -23.0455322265625 3.932499885559082
v 17.835372924804688 -22.99407958984375 3.932499885559082
v 17.554122924804688 -23.0455322265625 3.932499885559082
v 17.564865112304688 -23.1121826171875 3.7300000190734863
v 17.564865112304688 -23.1121826171875 3.7300000190734863
v 17.849044799804688 -23.059814453125 3.7300000190734863
v 17.835372924804688 -22.99407958984375 3.932499885559082
v 18.094894409179688 -22.9384765625 3.932499885559082
v 17.835372924804688 -22.99407958984375 3.932499885559082
v 17.849044799804688 -23.059814453125 3.7300000190734863
v 17.849044799804688 -23.059814453125 3.7300000190734863
v 18.110763549804688 -22.99871826171875 3.7300000190734863
v 18.094894409179688 -22.9384765625 3.932499885559082
v 18.331710815429688 -22.8740234375 3.932499885559082
v 18.094894409179688 -22.9384765625 3.932499885559082
v 18.110763549804688 -22.99871826171875 3.7300000190734863
v 18.110763549804688 -22.99871826171875 3.7300000190734863
v 18.349777221679688 -22.92877197265625 3.7300000190734863
v 18.331710815429688 -22.8740234375 3.932499885559082
v 18.546066284179688 -22.80072021484375 3.932499885559082
v 18.331710815429688 -22.8740234375 3.932499885559082
v 18.349777221679688 -22.92877197265625 3.7300000190734863
v 18.349777221679688 -22.92877197265625 3.7300000190734863
v 18.566085815429688 -22.8499755859375 3.7300000190734863
v 18.546066284179688 -22.80072021484375 3.932499885559082
v 18.737716674804688 -22.7186279296875 3.932499885559082
v 18.546066284179688 -22.80072021484375 3.932499885559082
v 18.566085815429688 -22.8499755859375 3.7300000190734863
v 18.566085815429688 -22.8499755859375 3.7300000190734863
v 18.759933471679688 -22.762451171875 3.7300000190734863
v 18.737716674804688 -22.7186279296875 3.932499885559082
v 18.906906127929688 -22.62762451171875 3.932499885559082
v 18.737716674804688 -22.7186279296875 3.932499885559082
v 18.759933471679688 -22.762451171875 3.7300000190734863
v 18.759933471679688 -22.762451171875 3.7300000190734863
v 18.931320190429688 -22.66607666015625 3.7300000190734863
v 18.906906127929688 -22.62762451171875 3.932499885559082
v 19.053146362304688 -22.52734375 3.932499885559082
v 18.906906127929688 -22.62762451171875 3.932499885559082
v 18.931320190429688 -22.66607666015625 3.7300000190734863
v 18.931320190429688 -22.66607666015625 3.7300000190734863
v 19.080001831054688 -22.5609130859375 3.7300000190734863
v 19.053146362304688 -22.52734375 3.932499885559082
v 19.177658081054688 -22.41650390625 3.932499885559082
v 19.053146362304688 -22.52734375 3.932499885559082
v 19.080001831054688 -22.5609130859375 3.7300000190734863
v 19.080001831054688 -22.5609130859375 3.7300000190734863
v 19.207443237304688 -22.44549560546875 3.7300000190734863
v 19.177658081054688 -22.41650390625 3.932499885559082
v 19.282394409179688 -22.2939453125 3.932499885559082
v 19.177658081054688 -22.41650390625 3.932499885559082
v 19.207443237304688 -22.44549560546875 3.7300000190734863
v 19.207443237304688 -22.44549560546875 3.7300000190734863
v 19.315597534179688 -22.318359375 3.7300000190734863
v 19.282394409179688 -22.2939453125 3.932499885559082
v 19.367599487304688 -22.1597900390625 3.932499885559082
v 19.282394409179688 -22.2939453125 3.932499885559082
v 19.315597534179688 -22.318359375 3.7300000190734863
v 19.315597534179688 -22.318359375 3.7300000190734863
v 19.403976440429688 -22.17938232421875 3.7300000190734863
v 19.367599487304688 -22.1597900390625 3.932499885559082
v 19.433761596679688 -22.01416015625 3.932499885559082
v 19.367599487304688 -22.1597900390625 3.932499885559082
v 19.403976440429688 -22.17938232421875 3.7300000190734863
v 19.403976440429688 -22.17938232421875 3.7300000190734863
v 19.472579956054688 -22.02874755859375 3.7300000190734863
v 19.433761596679688 -22.01416015625 3.932499885559082
v 19.480392456054688 -21.85662841796875 3.932499885559082
v 19.433761596679688 -22.01416015625 3.932499885559082
v 19.472579956054688 -22.02874755859375 3.7300000190734863
v 19.472579956054688 -22.02874755859375 3.7300000190734863
v 19.521652221679688 -21.8663330078125 3.7300000190734863
v 19.480392456054688 -21.85662841796875 3.932499885559082
v 19.551193237304688 -21.692138671875 3.7300000190734863
v 19.507247924804688 -21.68731689453125 3.932499885559082
v 19.480392456054688 -21.85662841796875 3.932499885559082
v 19.480392456054688 -21.85662841796875 3.932499885559082
v 19.521652221679688 -21.8663330078125 3.7300000190734863
v 19.551193237304688 -21.692138671875 3.7300000190734863
v 19.560958862304688 -21.5062255859375 3.7300000190734863
v 19.514328002929688 -21.5050048828125 3.932499885559082
v 19.507247924804688 -21.68731689453125 3.932499885559082
v 19.507247924804688 -21.68731689453125 3.932499885559082
v 19.551193237304688 -21.692138671875 3.7300000190734863
v 19.560958862304688 -21.5062255859375 3.7300000190734863
v 19.494552612304688 -16.33575439453125 3.932499885559082
v 19.514328002929688 -21.5050048828125 3.932499885559082
v 19.560958862304688 -21.5062255859375 3.7300000190734863
v 19.560958862304688 -21.5062255859375 3.7300000190734863
v 19.560958862304688 -16.323974609375 3.7300000190734863
v 19.494552612304688 -16.33575439453125 3.932499885559082
v 9.602462768554688 -21.50335693359375 3.932499885559082
v 9.622482299804688 -18.286376953125 3.932499885559082
v 9.555831909179688 -18.3656005859375 3.7300000190734863
v 9.555831909179688 -18.3656005859375 3.7300000190734863
v 9.555831909179688 -21.50439453125 3.7300000190734863
v 9.602462768554688 -21.50335693359375 3.932499885559082
v 9.608078002929688 -21.6861572265625 3.932499885559082
v 9.602462768554688 -21.50335693359375 3.932499885559082
v 9.555831909179688 -21.50439453125 3.7300000190734863
v 9.555831909179688 -21.50439453125 3.7300000190734863
v 9.564132690429688 -21.6903076171875 3.7300000190734863
v 9.608078002929688 -21.6861572265625 3.932499885559082
v 9.630294799804688 -21.85626220703125 3.932499885559082
v 9.608078002929688 -21.6861572265625 3.932499885559082
v 9.564132690429688 -21.6903076171875 3.7300000190734863
v 9.564132690429688 -21.6903076171875 3.7300000190734863
v 9.589279174804688 -21.86444091796875 3.7300000190734863
v 9.630294799804688 -21.85626220703125 3.932499885559082
v 9.669357299804688 -22.0145263671875 3.932499885559082
v 9.630294799804688 -21.85626220703125 3.932499885559082
v 9.589279174804688 -21.86444091796875 3.7300000190734863
v 9.589279174804688 -21.86444091796875 3.7300000190734863
v 9.631027221679688 -22.02685546875 3.7300000190734863
v 9.669357299804688 -22.0145263671875 3.932499885559082
v 9.725265502929688 -22.1610107421875 3.932499885559082
v 9.669357299804688 -22.0145263671875 3.932499885559082
v 9.631027221679688 -22.02685546875 3.7300000190734863
v 9.631027221679688 -22.02685546875 3.7300000190734863
v 9.689376831054688 -22.17755126953125 3.7300000190734863
v 9.725265502929688 -22.1610107421875 3.932499885559082
v 9.797775268554688 -22.295654296875 3.932499885559082
v 9.725265502929688 -22.1610107421875 3.932499885559082
v 9.689376831054688 -22.17755126953125 3.7300000190734863
v 9.689376831054688 -22.17755126953125 3.7300000190734863
v 9.764328002929688 -22.31646728515625 3.7300000190734863
v 9.797775268554688 -22.295654296875 3.932499885559082
v 9.991622924804688 -22.5301513671875 3.932499885559082
v 9.886398315429688 -22.418701171875 3.932499885559082
v 9.856124877929688 -22.44366455078125 3.7300000190734863
v 9.856124877929688 -22.44366455078125 3.7300000190734863
v 9.964767456054688 -22.55908203125 3.7300000190734863
v 9.991622924804688 -22.5301513671875 3.932499885559082
v 9.886398315429688 -22.418701171875 3.932499885559082
v 9.797775268554688 -22.295654296875 3.932499885559082
v 9.764328002929688 -22.31646728515625 3.7300000190734863
v 9.764328002929688 -22.31646728515625 3.7300000190734863
v 9.856124877929688 -22.44366455078125 3.7300000190734863
v 9.886398315429688 -22.418701171875 3.932499885559082
v -11.770584106445312 -22.595458984375 3.932499885559082
v -12.504226684570312 -22.2559814453125 3.932499885559082
v -12.534255981445312 -22.31646728515625 3.7300000190734863
v -12.534255981445312 -22.31646728515625 3.7300000190734863
v -11.797195434570312 -22.657470703125 3.7300000190734863
v -11.770584106445312 -22.595458984375 3.932499885559082
v -11.005447387695312 -22.89996337890625 3.932499885559082
v -11.770584106445312 -22.595458984375 3.932499885559082
v -11.797195434570312 -22.657470703125 3.7300000190734863
v -11.797195434570312 -22.657470703125 3.7300000190734863
v -11.028884887695312 -22.96337890625 3.7300000190734863
v -11.005447387695312 -22.89996337890625 3.932499885559082
v -10.209060668945312 -23.16961669921875 3.932499885559082
v -11.005447387695312 -22.89996337890625 3.932499885559082
v -11.028884887695312 -22.96337890625 3.7300000190734863
v -11.028884887695312 -22.96337890625 3.7300000190734863
v -10.229080200195312 -23.23406982421875 3.7300000190734863
v -10.209060668945312 -23.16961669921875 3.932499885559082
v -9.385574340820312 -23.40374755859375 3.932499885559082
v -10.209060668945312 -23.16961669921875 3.932499885559082
v -10.229080200195312 -23.23406982421875 3.7300000190734863
v -10.229080200195312 -23.23406982421875 3.7300000190734863
v -9.402420043945312 -23.4691162109375 3.7300000190734863
v -9.385574340820312 -23.40374755859375 3.932499885559082
v -8.539382934570312 -23.6019287109375 3.932499885559082
v -9.385574340820312 -23.40374755859375 3.932499885559082
v -9.402420043945312 -23.4691162109375 3.7300000190734863
v -9.402420043945312 -23.4691162109375 3.7300000190734863
v -8.553298950195312 -23.66796875 3.7300000190734863
v -8.539382934570312 -23.6019287109375 3.932499885559082
v -7.670731067657471 -23.76409912109375 3.932499885559082
v -8.539382934570312 -23.6019287109375 3.932499885559082
v -8.553298950195312 -23.66796875 3.7300000190734863
v -8.553298950195312 -23.66796875 3.7300000190734863
v -7.681717395782471 -23.8306884765625 3.7300000190734863
v -7.670731067657471 -23.76409912109375 3.932499885559082
v -6.779617786407471 -23.8902587890625 3.932499885559082
v -7.670731067657471 -23.76409912109375 3.932499885559082
v -7.681717395782471 -23.8306884765625 3.7300000190734863
v -7.681717395782471 -23.8306884765625 3.7300000190734863
v -6.787674427032471 -23.957275390625 3.7300000190734863
v -6.779617786407471 -23.8902587890625 3.932499885559082
v -5.865799427032471 -23.9803466796875 3.932499885559082
v -6.779617786407471 -23.8902587890625 3.932499885559082
v -6.787674427032471 -23.957275390625 3.7300000190734863
v -6.787674427032471 -23.957275390625 3.7300000190734863
v -5.871170520782471 -24.04766845703125 3.7300000190734863
v -5.865799427032471 -23.9803466796875 3.932499885559082
v -4.929275989532471 -24.03448486328125 3.932499885559082
v -5.865799427032471 -23.9803466796875 3.932499885559082
v -5.871170520782471 -24.04766845703125 3.7300000190734863
v -5.871170520782471 -24.04766845703125 3.7300000190734863
v -4.931961536407471 -24.1019287109375 3.7300000190734863
v -4.929275989532471 -24.03448486328125 3.932499885559082
v -3.9707796573638916 -24.052490234375 3.932499885559082
v -4.929275989532471 -24.03448486328125 3.932499885559082
v -4.931961536407471 -24.1019287109375 3.7300000190734863
v -4.931961536407471 -24.1019287109375 3.7300000190734863
v -3.9702913761138916 -24.1199951171875 3.7300000190734863
v -3.9707796573638916 -24.052490234375 3.932499885559082
v -2.8108675479888916 -24.02001953125 3.932499885559082
v -3.9707796573638916 -24.052490234375 3.932499885559082
v -3.9702913761138916 -24.1199951171875 3.7300000190734863
v -3.9702913761138916 -24.1199951171875 3.7300000190734863
v -2.8069612979888916 -24.08740234375 3.7300000190734863
v -2.8108675479888916 -24.02001953125 3.932499885559082
v -1.6817171573638916 -23.922607421875 3.932499885559082
v -2.8108675479888916 -24.02001953125 3.932499885559082
v -2.8069612979888916 -24.08740234375 3.7300000190734863
v -2.8069612979888916 -24.08740234375 3.7300000190734863
v -1.6739046573638916 -23.98968505859375 3.7300000190734863
v -1.6817171573638916 -23.922607421875 3.932499885559082
v -0.5830844044685364 -23.76031494140625 3.932499885559082
v -1.6817171573638916 -23.922607421875 3.932499885559082
v -1.6739046573638916 -23.98968505859375 3.7300000190734863
v -1.6739046573638916 -23.98968505859375 3.7300000190734863
v -0.5711215138435364 -23.8267822265625 3.7300000190734863
v -0.5830844044685364 -23.76031494140625 3.932499885559082
v 0.485030859708786 -23.5330810546875 3.932499885559082
v -0.5830844044685364 -23.76031494140625 3.932499885559082
v -0.5711215138435364 -23.8267822265625 3.7300000190734863
v -0.5711215138435364 -23.8267822265625 3.7300000190734863
v 0.5011441111564636 -23.59869384765625 3.7300000190734863
v 0.485030859708786 -23.5330810546875 3.932499885559082
v 1.5228726863861084 -23.24102783203125 3.932499885559082
v 0.485030859708786 -23.5330810546875 3.932499885559082
v 0.5011441111564636 -23.59869384765625 3.7300000190734863
v 0.5011441111564636 -23.59869384765625 3.7300000190734863
v 1.5431363582611084 -23.305419921875 3.7300000190734863
v 1.5228726863861084 -23.24102783203125 3.932499885559082
v 2.5301969051361084 -22.8841552734375 3.932499885559082
v 1.5228726863861084 -23.24102783203125 3.932499885559082
v 1.5431363582611084 -23.305419921875 3.7300000190734863
v 1.5431363582611084 -23.305419921875 3.7300000190734863
v 2.5548551082611084 -22.947021484375 3.7300000190734863
v 2.5301969051361084 -22.8841552734375 3.932499885559082
v 3.5074918270111084 -22.4622802734375 3.932499885559082
v 2.5301969051361084 -22.8841552734375 3.932499885559082
v 2.5548551082611084 -22.947021484375 3.7300000190734863
v 2.5548551082611084 -22.947021484375 3.7300000190734863
v 3.5363004207611084 -22.5234375 3.7300000190734863
v 3.5074918270111084 -22.4622802734375 3.932499885559082
v 4.455001354217529 -21.98272705078125 3.932499885559082
v 3.5074918270111084 -22.4622802734375 3.932499885559082
v 3.5363004207611084 -22.5234375 3.7300000190734863
v 3.5363004207611084 -22.5234375 3.7300000190734863
v 4.487227916717529 -22.04205322265625 3.7300000190734863
v 4.455001354217529 -21.98272705078125 3.932499885559082
v 5.372481822967529 -21.45281982421875 3.932499885559082
v 4.455001354217529 -21.98272705078125 3.932499885559082
v 4.487227916717529 -22.04205322265625 3.7300000190734863
v 4.487227916717529 -22.04205322265625 3.7300000190734863
v 5.407882213592529 -21.51031494140625 3.7300000190734863
v 5.372481822967529 -21.45281982421875 3.932499885559082
v 6.259688854217529 -20.8726806640625 3.932499885559082
v 5.372481822967529 -21.45281982421875 3.932499885559082
v 5.407882213592529 -21.51031494140625 3.7300000190734863
v 5.407882213592529 -21.51031494140625 3.7300000190734863
v 6.298263072967529 -20.92816162109375 3.7300000190734863
v 6.259688854217529 -20.8726806640625 3.932499885559082
v 7.116622447967529 -20.24237060546875 3.932499885559082
v 6.259688854217529 -20.8726806640625 3.932499885559082
v 6.298263072967529 -20.92816162109375 3.7300000190734863
v 6.298263072967529 -20.92816162109375 3.7300000190734863
v 7.158126354217529 -20.295654296875 3.7300000190734863
v 7.116622447967529 -20.24237060546875 3.932499885559082
v 7.943526744842529 -19.56170654296875 3.932499885559082
v 7.116622447967529 -20.24237060546875 3.932499885559082
v 7.158126354217529 -20.295654296875 3.7300000190734863
v 7.158126354217529 -20.295654296875 3.7300000190734863
v 7.987716197967529 -19.6126708984375 3.7300000190734863
v 7.943526744842529 -19.56170654296875 3.932499885559082
v 8.740158081054688 -18.830810546875 3.932499885559082
v 7.943526744842529 -19.56170654296875 3.932499885559082
v 7.987716197967529 -19.6126708984375 3.7300000190734863
v 7.987716197967529 -19.6126708984375 3.7300000190734863
v 8.787033081054688 -18.87933349609375 3.7300000190734863
v 8.740158081054688 -18.830810546875 3.932499885559082
v 9.366867065429688 -18.288330078125 3.7300000190734863
v 9.397872924804688 -18.1746826171875 3.932499885559082
v 8.740158081054688 -18.830810546875 3.932499885559082
v 8.740158081054688 -18.830810546875 3.932499885559082
v 8.787033081054688 -18.87933349609375 3.7300000190734863
v 9.366867065429688 -18.288330078125 3.7300000190734863
v 7.099776744842529 -11.2559814453125 3.932499885559082
v 7.560225963592529 -10.73724365234375 3.932499885559082
v 7.498458385467529 -10.72149658203125 3.7300000190734863
v 7.498458385467529 -10.72149658203125 3.7300000190734863
v 7.050704479217529 -11.20953369140625 3.7300000190734863
v 7.099776744842529 -11.2559814453125 3.932499885559082
v 6.470870494842529 -11.89593505859375 3.932499885559082
v 7.099776744842529 -11.2559814453125 3.932499885559082
v 7.050704479217529 -11.20953369140625 3.7300000190734863
v 7.050704479217529 -11.20953369140625 3.7300000190734863
v 6.423507213592529 -11.84771728515625 3.7300000190734863
v 6.470870494842529 -11.89593505859375 3.932499885559082
v 5.844405651092529 -12.48712158203125 3.932499885559082
v 6.470870494842529 -11.89593505859375 3.932499885559082
v 6.423507213592529 -11.84771728515625 3.7300000190734863
v 6.423507213592529 -11.84771728515625 3.7300000190734863
v 5.799239635467529 -12.43707275390625 3.7300000190734863
v 5.844405651092529 -12.48712158203125 3.932499885559082
v 5.220870494842529 -13.02947998046875 3.932499885559082
v 5.844405651092529 -12.48712158203125 3.932499885559082
v 5.799239635467529 -12.43707275390625 3.7300000190734863
v 5.799239635467529 -12.43707275390625 3.7300000190734863
v 5.177657604217529 -12.97760009765625 3.7300000190734863
v 5.220870494842529 -13.02947998046875 3.932499885559082
v 4.600020885467529 -13.52313232421875 3.932499885559082
v 5.220870494842529 -13.02947998046875 3.932499885559082
v 5.177657604217529 -12.97760009765625 3.7300000190734863
v 5.177657604217529 -12.97760009765625 3.7300000190734863
v 4.559249401092529 -13.46929931640625 3.7300000190734863
v 4.600020885467529 -13.52313232421875 3.932499885559082
v 3.9816129207611084 -13.968017578125 3.932499885559082
v 4.600020885467529 -13.52313232421875 3.932499885559082
v 4.559249401092529 -13.46929931640625 3.7300000190734863
v 4.559249401092529 -13.46929931640625 3.7300000190734863
v 3.9435269832611084 -13.91217041015625 3.7300000190734863
v 3.9816129207611084 -13.968017578125 3.932499885559082
v 3.3656461238861084 -14.36419677734375 3.932499885559082
v 3.9816129207611084 -13.968017578125 3.932499885559082
v 3.9435269832611084 -13.91217041015625 3.7300000190734863
v 3.9435269832611084 -13.91217041015625 3.7300000190734863
v 3.3309781551361084 -14.3062744140625 3.7300000190734863
v 3.3656461238861084 -14.36419677734375 3.932499885559082
v 2.7416226863861084 -14.70977783203125 3.932499885559082
v 3.3656461238861084 -14.36419677734375 3.932499885559082
v 3.3309781551361084 -14.3062744140625 3.7300000190734863
v 3.3309781551361084 -14.3062744140625 3.7300000190734863
v 2.7113492488861084 -14.64947509765625 3.7300000190734863
v 2.7416226863861084 -14.70977783203125 3.932499885559082
v 2.1005094051361084 -15.00244140625 3.932499885559082
v 2.7416226863861084 -14.70977783203125 3.932499885559082
v 2.7113492488861084 -14.64947509765625 3.7300000190734863
v 2.7113492488861084 -14.64947509765625 3.7300000190734863
v 2.0751187801361084 -14.93994140625 3.7300000190734863
v 2.1005094051361084 -15.00244140625 3.932499885559082
v 1.4425504207611084 -15.24188232421875 3.932499885559082
v 2.1005094051361084 -15.00244140625 3.932499885559082
v 2.0751187801361084 -14.93994140625 3.7300000190734863
v 2.0751187801361084 -14.93994140625 3.7300000190734863
v 1.4220426082611084 -15.17755126953125 3.7300000190734863
v 1.4425504207611084 -15.24188232421875 3.932499885559082
v 0.7677456736564636 -15.42816162109375 3.932499885559082
v 1.4425504207611084 -15.24188232421875 3.932499885559082
v 1.4220426082611084 -15.17755126953125 3.7300000190734863
v 1.4220426082611084 -15.17755126953125 3.7300000190734863
v 0.7523648142814636 -15.36236572265625 3.7300000190734863
v 0.7677456736564636 -15.42816162109375 3.932499885559082
v 0.07633945345878601 -15.5611572265625 3.932499885559082
v 0.7677456736564636 -15.42816162109375 3.932499885559082
v 0.7523648142814636 -15.36236572265625 3.7300000190734863
v 0.7523648142814636 -15.36236572265625 3.7300000190734863
v 0.06608554720878601 -15.494384765625 3.7300000190734863
v 0.07633945345878601 -15.5611572265625 3.932499885559082
v -0.6319125294685364 -15.64093017578125 3.932499885559082
v 0.07633945345878601 -15.5611572265625 3.932499885559082
v 0.06608554720878601 -15.494384765625 3.7300000190734863
v 0.06608554720878601 -15.494384765625 3.7300000190734863
v -0.6367953419685364 -15.5736083984375 3.7300000190734863
v -0.6319125294685364 -15.64093017578125 3.932499885559082
v -1.3565218448638916 -15.66754150390625 3.932499885559082
v -0.6319125294685364 -15.64093017578125 3.932499885559082
v -0.6367953419685364 -15.5736083984375 3.7300000190734863
v -0.6367953419685364 -15.5736083984375 3.7300000190734863
v -1.3565218448638916 -15.5999755859375 3.7300000190734863
v -1.3565218448638916 -15.66754150390625 3.932499885559082
v -2.2005159854888916 -15.63604736328125 3.932499885559082
v -1.3565218448638916 -15.66754150390625 3.932499885559082
v -1.3565218448638916 -15.5999755859375 3.7300000190734863
v -1.3565218448638916 -15.5999755859375 3.7300000190734863
v -2.1953890323638916 -15.5687255859375 3.7300000190734863
v -2.2005159854888916 -15.63604736328125 3.932499885559082
v -2.9910433292388916 -15.54150390625 3.932499885559082
v -2.2005159854888916 -15.63604736328125 3.932499885559082
v -2.1953890323638916 -15.5687255859375 3.7300000190734863
v -2.1953890323638916 -15.5687255859375 3.7300000190734863
v -2.9800570011138916 -15.474853515625 3.7300000190734863
v -2.9910433292388916 -15.54150390625 3.932499885559082
v 3.0660855770111084 -3.1724853515625 3.932499885559082
v 2.2447965145111084 -3.18133544921875 3.932499885559082
v 2.2462613582611084 -3.248779296875 3.7300000190734863
v 2.2462613582611084 -3.248779296875 3.7300000190734863
v 3.0665738582611084 -3.239990234375 3.7300000190734863
v 3.0660855770111084 -3.1724853515625 3.932499885559082
v 2.2447965145111084 -3.18133544921875 3.932499885559082
v 1.4584195613861084 -3.207763671875 3.932499885559082
v 1.4613492488861084 -3.27520751953125 3.7300000190734863
v 1.4613492488861084 -3.27520751953125 3.7300000190734863
v 2.2462613582611084 -3.248779296875 3.7300000190734863
v 2.2447965145111084 -3.18133544921875 3.932499885559082
v 1.4584195613861084 -3.207763671875 3.932499885559082
v 0.7069546580314636 -3.25189208984375 3.932499885559082
v 0.7118374705314636 -3.3192138671875 3.7300000190734863
v 0.7118374705314636 -3.3192138671875 3.7300000190734863
v 1.4613492488861084 -3.27520751953125 3.7300000190734863
v 1.4584195613861084 -3.207763671875 3.932499885559082
v 0.7069546580314636 -3.25189208984375 3.932499885559082
v -0.00910976529121399 -3.31365966796875 3.932499885559082
v -0.0022738282568752766 -3.38079833984375 3.7300000190734863
v -0.0022738282568752766 -3.38079833984375 3.7300000190734863
v 0.7118374705314636 -3.3192138671875 3.7300000190734863
v 0.7069546580314636 -3.25189208984375 3.932499885559082
v -0.00910976529121399 -3.31365966796875 3.932499885559082
v -0.6902621388435364 -3.39312744140625 3.932499885559082
v -0.6812289357185364 -3.46002197265625 3.7300000190734863
v -0.6812289357185364 -3.46002197265625 3.7300000190734863
v -0.0022738282568752766 -3.38079833984375 3.7300000190734863
v -0.00910976529121399 -3.31365966796875 3.932499885559082
v -0.6902621388435364 -3.39312744140625 3.932499885559082
v -1.3362581729888916 -3.49029541015625 3.932499885559082
v -1.3247835636138916 -3.55682373046875 3.7300000190734863
v -1.3247835636138916 -3.55682373046875 3.7300000190734863
v -0.6812289357185364 -3.46002197265625 3.7300000190734863
v -0.6902621388435364 -3.39312744140625 3.932499885559082
v -1.3362581729888916 -3.49029541015625 3.932499885559082
v -1.9468538761138916 -3.60516357421875 3.932499885559082
v -1.9331820011138916 -3.6712646484375 3.7300000190734863
v -1.9331820011138916 -3.6712646484375 3.7300000190734863
v -1.3247835636138916 -3.55682373046875 3.7300000190734863
v -1.3362581729888916 -3.49029541015625 3.932499885559082
v -1.9468538761138916 -3.60516357421875 3.932499885559082
v -2.5247347354888916 -3.73779296875 3.932499885559082
v -2.5081331729888916 -3.80328369140625 3.7300000190734863
v -2.5081331729888916 -3.80328369140625 3.7300000190734863
v -1.9331820011138916 -3.6712646484375 3.7300000190734863
v -1.9468538761138916 -3.60516357421875 3.932499885559082
v -2.5247347354888916 -3.73779296875 3.932499885559082
v -3.0711214542388916 -3.88824462890625 3.932499885559082
v -3.0515902042388916 -3.952880859375 3.7300000190734863
v -3.0515902042388916 -3.952880859375 3.7300000190734863
v -2.5081331729888916 -3.80328369140625 3.7300000190734863
v -2.5247347354888916 -3.73779296875 3.932499885559082
v -3.0711214542388916 -3.88824462890625 3.932499885559082
v -3.5865023136138916 -4.05645751953125 3.932499885559082
v -3.5637972354888916 -4.1201171875 3.7300000190734863
v -3.5637972354888916 -4.1201171875 3.7300000190734863
v -3.0515902042388916 -3.952880859375 3.7300000190734863
v -3.0711214542388916 -3.88824462890625 3.932499885559082
v -3.5865023136138916 -4.05645751953125 3.932499885559082
v -4.070633411407471 -4.24261474609375 3.932499885559082
v -4.044754505157471 -4.304931640625 3.7300000190734863
v -4.044754505157471 -4.304931640625 3.7300000190734863
v -3.5637972354888916 -4.1201171875 3.7300000190734863
v -3.5865023136138916 -4.05645751953125 3.932499885559082
v -4.070633411407471 -4.24261474609375 3.932499885559082
v -4.523758411407471 -4.4466552734375 3.932499885559082
v -4.493973255157471 -4.50732421875 3.7300000190734863
v -4.493973255157471 -4.50732421875 3.7300000190734863
v -4.044754505157471 -4.304931640625 3.7300000190734863
v -4.070633411407471 -4.24261474609375 3.932499885559082
v -4.523758411407471 -4.4466552734375 3.932499885559082
v -4.945633411407471 -4.668701171875 3.932499885559082
v -4.912186145782471 -4.72735595703125 3.7300000190734863
v -4.912186145782471 -4.72735595703125 3.7300000190734863
v -4.493973255157471 -4.50732421875 3.7300000190734863
v -4.523758411407471 -4.4466552734375 3.932499885559082
v -4.945633411407471 -4.668701171875 3.932499885559082
v -5.336014270782471 -4.90869140625 3.932499885559082
v -5.298904895782471 -4.96502685546875 3.7300000190734863
v -5.298904895782471 -4.96502685546875 3.7300000190734863
v -4.912186145782471 -4.72735595703125 3.7300000190734863
v -4.945633411407471 -4.668701171875 3.932499885559082
v -5.336014270782471 -4.90869140625 3.932499885559082
v -5.696609973907471 -5.1650390625 3.932499885559082
v -5.655594348907471 -5.21875 3.7300000190734863
v -5.655594348907471 -5.21875 3.7300000190734863
v -5.298904895782471 -4.96502685546875 3.7300000190734863
v -5.336014270782471 -4.90869140625 3.932499885559082
v 3.5094449520111084 4.25250244140625 3.932499885559082
v 7.478438854217529 4.25250244140625 3.932499885559082
v 7.410811901092529 4.32000732421875 3.7300000190734863
v 7.410811901092529 4.32000732421875 3.7300000190734863
v 3.5089566707611084 4.32000732421875 3.7300000190734863
v 3.5094449520111084 4.25250244140625 3.932499885559082
v 1.9081265926361084 4.23492431640625 3.932499885559082
v 3.5094449520111084 4.25250244140625 3.932499885559082
v 3.5089566707611084 4.32000732421875 3.7300000190734863
v 3.5089566707611084 4.32000732421875 3.7300000190734863
v 1.9066617488861084 4.30242919921875 3.7300000190734863
v 1.9081265926361084 4.23492431640625 3.932499885559082
v 0.364425390958786 4.1822509765625 3.932499885559082
v 1.9081265926361084 4.23492431640625 3.932499885559082
v 1.9066617488861084 4.30242919921875 3.7300000190734863
v 1.9066617488861084 4.30242919921875 3.7300000190734863
v 0.361251562833786 4.24969482421875 3.7300000190734863
v 0.364425390958786 4.1822509765625 3.932499885559082
v -1.1226351261138916 4.09442138671875 3.932499885559082
v 0.364425390958786 4.1822509765625 3.932499885559082
v 0.361251562833786 4.24969482421875 3.7300000190734863
v 0.361251562833786 4.24969482421875 3.7300000190734863
v -1.1275179386138916 4.1617431640625 3.7300000190734863
v -1.1226351261138916 4.09442138671875 3.932499885559082
v -2.5528109073638916 3.97149658203125 3.932499885559082
v -1.1226351261138916 4.09442138671875 3.932499885559082
v -1.1275179386138916 4.1617431640625 3.7300000190734863
v -1.1275179386138916 4.1617431640625 3.7300000190734863
v -2.5596468448638916 4.0386962890625 3.7300000190734863
v -2.5528109073638916 3.97149658203125 3.932499885559082
v -3.9258577823638916 3.8134765625 3.932499885559082
v -2.5528109073638916 3.97149658203125 3.932499885559082
v -2.5596468448638916 4.0386962890625 3.7300000190734863
v -2.5596468448638916 4.0386962890625 3.7300000190734863
v -3.9346468448638916 3.88043212890625 3.7300000190734863
v -3.9258577823638916 3.8134765625 3.932499885559082
v -5.242264270782471 3.62042236328125 3.932499885559082
v -3.9258577823638916 3.8134765625 3.932499885559082
v -3.9346468448638916 3.88043212890625 3.7300000190734863
v -3.9346468448638916 3.88043212890625 3.7300000190734863
v -5.253006458282471 3.68701171875 3.7300000190734863
v -5.242264270782471 3.62042236328125 3.932499885559082
v -6.501541614532471 3.39227294921875 3.932499885559082
v -5.242264270782471 3.62042236328125 3.932499885559082
v -5.253006458282471 3.68701171875 3.7300000190734863
v -5.253006458282471 3.68701171875 3.7300000190734863
v -6.514725208282471 3.45843505859375 3.7300000190734863
v -6.501541614532471 3.39227294921875 3.932499885559082
v -7.703201770782471 3.12762451171875 3.932499885559082
v -6.501541614532471 3.39227294921875 3.932499885559082
v -6.514725208282471 3.45843505859375 3.7300000190734863
v -6.514725208282471 3.45843505859375 3.7300000190734863
v -7.719070911407471 3.1932373046875 3.7300000190734863
v -7.703201770782471 3.12762451171875 3.932499885559082
v -8.847000122070312 2.82501220703125 3.932499885559082
v -7.703201770782471 3.12762451171875 3.932499885559082
v -7.719070911407471 3.1932373046875 3.7300000190734863
v -7.719070911407471 3.1932373046875 3.7300000190734863
v -8.865554809570312 2.889892578125 3.7300000190734863
v -8.847000122070312 2.82501220703125 3.932499885559082
v -9.932693481445312 2.48455810546875 3.932499885559082
v -8.847000122070312 2.82501220703125 3.932499885559082
v -8.865554809570312 2.889892578125 3.7300000190734863
v -8.865554809570312 2.889892578125 3.7300000190734863
v -9.954421997070312 2.5484619140625 3.7300000190734863
v -9.932693481445312 2.48455810546875 3.932499885559082
v -10.960769653320312 2.10614013671875 3.932499885559082
v -9.932693481445312 2.48455810546875 3.932499885559082
v -9.954421997070312 2.5484619140625 3.7300000190734863
v -9.954421997070312 2.5484619140625 3.7300000190734863
v -10.985671997070312 2.16888427734375 3.7300000190734863
v -10.960769653320312 2.10614013671875 3.932499885559082
v -11.930740356445312 1.68994140625 3.932499885559082
v -10.960769653320312 2.10614013671875 3.932499885559082
v -10.985671997070312 2.16888427734375 3.7300000190734863
v -10.985671997070312 2.16888427734375 3.7300000190734863
v -11.959060668945312 1.751220703125 3.7300000190734863
v -11.930740356445312 1.68994140625 3.932499885559082
v -12.842849731445312 1.2359619140625 3.932499885559082
v -11.930740356445312 1.68994140625 3.932499885559082
v -11.959060668945312 1.751220703125 3.7300000190734863
v -11.959060668945312 1.751220703125 3.7300000190734863
v -12.874588012695312 1.29547119140625 3.7300000190734863
v -12.842849731445312 1.2359619140625 3.932499885559082
v -13.696853637695312 0.744140625 3.932499885559082
v -12.842849731445312 1.2359619140625 3.932499885559082
v -12.874588012695312 1.29547119140625 3.7300000190734863
v -12.874588012695312 1.29547119140625 3.7300000190734863
v -13.732498168945312 0.80157470703125 3.7300000190734863
v -13.696853637695312 0.744140625 3.932499885559082
v -14.492752075195312 0.21417236328125 3.932499885559082
v -13.696853637695312 0.744140625 3.932499885559082
v -13.732498168945312 0.80157470703125 3.7300000190734863
v -13.732498168945312 0.80157470703125 3.7300000190734863
v -14.532302856445312 0.26904296875 3.7300000190734863
v -14.492752075195312 0.21417236328125 3.932499885559082
v -15.229812622070312 -0.3544921875 3.932499885559082
v -14.492752075195312 0.21417236328125 3.932499885559082
v -14.532302856445312 0.26904296875 3.7300000190734863
v -14.532302856445312 0.26904296875 3.7300000190734863
v -15.273025512695312 -0.30255126953125 3.7300000190734863
v -15.229812622070312 -0.3544921875 3.932499885559082
v -15.908279418945312 -0.96185302734375 3.932499885559082
v -15.229812622070312 -0.3544921875 3.932499885559082
v -15.273025512695312 -0.30255126953125 3.7300000190734863
v -15.273025512695312 -0.30255126953125 3.7300000190734863
v -15.955154418945312 -0.91326904296875 3.7300000190734863
v -15.908279418945312 -0.96185302734375 3.932499885559082
v -16.528152465820312 -1.60791015625 3.932499885559082
v -15.908279418945312 -0.96185302734375 3.932499885559082
v -15.955154418945312 -0.91326904296875 3.7300000190734863
v -15.955154418945312 -0.91326904296875 3.7300000190734863
v -16.578689575195312 -1.56304931640625 3.7300000190734863
v -16.528152465820312 -1.60791015625 3.932499885559082
v -17.089431762695312 -2.292724609375 3.932499885559082
v -16.528152465820312 -1.60791015625 3.932499885559082
v -16.578689575195312 -1.56304931640625 3.7300000190734863
v -16.578689575195312 -1.56304931640625 3.7300000190734863
v -17.143386840820312 -2.25201416015625 3.7300000190734863
v -17.089431762695312 -2.292724609375 3.932499885559082
v -17.592361450195312 -3.016357421875 3.932499885559082
v -17.089431762695312 -2.292724609375 3.932499885559082
v -17.143386840820312 -2.25201416015625 3.7300000190734863
v -17.143386840820312 -2.25201416015625 3.7300000190734863
v -17.649490356445312 -2.98004150390625 3.7300000190734863
v -17.592361450195312 -3.016357421875 3.932499885559082
v -18.036941528320312 -3.77886962890625 3.932499885559082
v -17.592361450195312 -3.016357421875 3.932499885559082
v -17.649490356445312 -2.98004150390625 3.7300000190734863
v -17.649490356445312 -2.98004150390625 3.7300000190734863
v -18.096511840820312 -3.7471923828125 3.7300000190734863
v -18.036941528320312 -3.77886962890625 3.932499885559082
v -18.422683715820312 -4.580810546875 3.932499885559082
v -18.036941528320312 -3.77886962890625 3.932499885559082
v -18.096511840820312 -3.7471923828125 3.7300000190734863
v -18.096511840820312 -3.7471923828125 3.7300000190734863
v -18.484695434570312 -4.55389404296875 3.7300000190734863
v -18.422683715820312 -4.580810546875 3.932499885559082
v -18.749099731445312 -5.4227294921875 3.932499885559082
v -18.422683715820312 -4.580810546875 3.932499885559082
v -18.484695434570312 -4.55389404296875 3.7300000190734863
v -18.484695434570312 -4.55389404296875 3.7300000190734863
v -18.812820434570312 -5.40069580078125 3.7300000190734863
v -18.749099731445312 -5.4227294921875 3.932499885559082
v -19.016189575195312 -6.3048095703125 3.932499885559082
v -18.749099731445312 -5.4227294921875 3.932499885559082
v -18.812820434570312 -5.40069580078125 3.7300000190734863
v -18.812820434570312 -5.40069580078125 3.7300000190734863
v -19.081619262695312 -6.28753662109375 3.7300000190734863
v -19.016189575195312 -6.3048095703125 3.932499885559082
v -19.224197387695312 -7.22705078125 3.932499885559082
v -19.016189575195312 -6.3048095703125 3.932499885559082
v -19.081619262695312 -6.28753662109375 3.7300000190734863
v -19.081619262695312 -6.28753662109375 3.7300000190734863
v -19.290359497070312 -7.2144775390625 3.7300000190734863
v -19.224197387695312 -7.22705078125 3.932499885559082
v -19.372634887695312 -8.18963623046875 3.932499885559082
v -19.224197387695312 -7.22705078125 3.932499885559082
v -19.290359497070312 -7.2144775390625 3.7300000190734863
v -19.290359497070312 -7.2144775390625 3.7300000190734863
v -19.439773559570312 -8.18145751953125 3.7300000190734863
v -19.372634887695312 -8.18963623046875 3.932499885559082
v -19.461746215820312 -9.19244384765625 3.932499885559082
v -19.372634887695312 -8.18963623046875 3.932499885559082
v -19.439773559570312 -8.18145751953125 3.7300000190734863
v -19.439773559570312 -8.18145751953125 3.7300000190734863
v -19.529373168945312 -9.18853759765625 3.7300000190734863
v -19.461746215820312 -9.19244384765625 3.932499885559082
v -19.491531372070312 -10.23577880859375 3.932499885559082
v -19.461746215820312 -9.19244384765625 3.932499885559082
v -19.529373168945312 -9.18853759765625 3.7300000190734863
v -19.529373168945312 -9.18853759765625 3.7300000190734863
v -19.559158325195312 -10.235595703125 3.7300000190734863
v -19.491531372070312 -10.23577880859375 3.932499885559082
v -19.468093872070312 -11.1993408203125 3.932499885559082
v -19.491531372070312 -10.23577880859375 3.932499885559082
v -19.559158325195312 -10.235595703125 3.7300000190734863
v -19.559158325195312 -10.235595703125 3.7300000190734863
v -19.535720825195312 -11.20269775390625 3.7300000190734863
v -19.468093872070312 -11.1993408203125 3.932499885559082
v -19.398025512695312 -12.12774658203125 3.932499885559082
v -19.468093872070312 -11.1993408203125 3.932499885559082
v -19.535720825195312 -11.20269775390625 3.7300000190734863
v -19.535720825195312 -11.20269775390625 3.7300000190734863
v -19.465164184570312 -12.1346435546875 3.7300000190734863
v -19.398025512695312 -12.12774658203125 3.932499885559082
v -19.281082153320312 -13.020751953125 3.932499885559082
v -19.398025512695312 -12.12774658203125 3.932499885559082
v -19.465164184570312 -12.1346435546875 3.7300000190734863
v -19.465164184570312 -12.1346435546875 3.7300000190734863
v -19.347732543945312 -13.031494140625 3.7300000190734863
v -19.281082153320312 -13.020751953125 3.932499885559082
v -5.696609973907471 -5.1650390625 3.932499885559082
v -6.028397083282471 -5.43646240234375 3.932499885559082
v -5.983719348907471 -5.4871826171875 3.7300000190734863
v -5.983719348907471 -5.4871826171875 3.7300000190734863
v -5.655594348907471 -5.21875 3.7300000190734863
v -5.696609973907471 -5.1650390625 3.932499885559082
v -6.028397083282471 -5.43646240234375 3.932499885559082
v -6.331863880157471 -5.722900390625 3.932499885559082
v -6.283524036407471 -5.770263671875 3.7300000190734863
v -6.283524036407471 -5.770263671875 3.7300000190734863
v -5.983719348907471 -5.4871826171875 3.7300000190734863
v -6.028397083282471 -5.43646240234375 3.932499885559082
v -6.331863880157471 -5.722900390625 3.932499885559082
v -6.606522083282471 -6.0244140625 3.932499885559082
v -6.555008411407471 -6.06793212890625 3.7300000190734863
v -6.555008411407471 -6.06793212890625 3.7300000190734863
v -6.283524036407471 -5.770263671875 3.7300000190734863
v -6.331863880157471 -5.722900390625 3.932499885559082
v -6.606522083282471 -6.0244140625 3.932499885559082
v -6.852859973907471 -6.341064453125 3.932499885559082
v -6.797928333282471 -6.38031005859375 3.7300000190734863
v -6.797928333282471 -6.38031005859375 3.7300000190734863
v -6.555008411407471 -6.06793212890625 3.7300000190734863
v -6.606522083282471 -6.0244140625 3.932499885559082
v -6.852859973907471 -6.341064453125 3.932499885559082
v -7.070145130157471 -6.67266845703125 3.932499885559082
v -7.012283802032471 -6.7073974609375 3.7300000190734863
v -7.012283802032471 -6.7073974609375 3.7300000190734863
v -6.797928333282471 -6.38031005859375 3.7300000190734863
v -6.852859973907471 -6.341064453125 3.932499885559082
v -7.070145130157471 -6.67266845703125 3.932499885559082
v -7.258621692657471 -7.01910400390625 3.932499885559082
v -7.198074817657471 -7.049072265625 3.7300000190734863
v -7.198074817657471 -7.049072265625 3.7300000190734863
v -7.012283802032471 -6.7073974609375 3.7300000190734863
v -7.070145130157471 -6.67266845703125 3.932499885559082
v -7.258621692657471 -7.01910400390625 3.932499885559082
v -7.420242786407471 -7.38006591796875 3.932499885559082
v -7.357498645782471 -7.4053955078125 3.7300000190734863
v -7.357498645782471 -7.4053955078125 3.7300000190734863
v -7.198074817657471 -7.049072265625 3.7300000190734863
v -7.258621692657471 -7.01910400390625 3.932499885559082
v -7.420242786407471 -7.38006591796875 3.932499885559082
v -7.556717395782471 -7.75555419921875 3.932499885559082
v -7.492508411407471 -7.77642822265625 3.7300000190734863
v -7.492508411407471 -7.77642822265625 3.7300000190734863
v -7.357498645782471 -7.4053955078125 3.7300000190734863
v -7.420242786407471 -7.38006591796875 3.932499885559082
v -7.556717395782471 -7.75555419921875 3.932499885559082
v -7.668289661407471 -8.14569091796875 3.932499885559082
v -7.602859973907471 -8.16204833984375 3.7300000190734863
v -7.602859973907471 -8.16204833984375 3.7300000190734863
v -7.492508411407471 -7.77642822265625 3.7300000190734863
v -7.556717395782471 -7.75555419921875 3.932499885559082
v -7.668289661407471 -8.14569091796875 3.932499885559082
v -7.755203723907471 -8.55035400390625 3.932499885559082
v -7.688797473907471 -8.5623779296875 3.7300000190734863
v -7.688797473907471 -8.5623779296875 3.7300000190734863
v -7.602859973907471 -8.16204833984375 3.7300000190734863
v -7.668289661407471 -8.14569091796875 3.932499885559082
v -7.755203723907471 -8.55035400390625 3.932499885559082
v -7.817215442657471 -8.96954345703125 3.932499885559082
v -7.750076770782471 -8.97735595703125 3.7300000190734863
v -7.750076770782471 -8.97735595703125 3.7300000190734863
v -7.688797473907471 -8.5623779296875 3.7300000190734863
v -7.755203723907471 -8.55035400390625 3.932499885559082
v -7.817215442657471 -8.96954345703125 3.932499885559082
v -7.854324817657471 -9.40313720703125 3.932499885559082
v -7.786942005157471 -9.406982421875 3.7300000190734863
v -7.786942005157471 -9.406982421875 3.7300000190734863
v -7.750076770782471 -8.97735595703125 3.7300000190734863
v -7.817215442657471 -8.96954345703125 3.932499885559082
v -7.854324817657471 -9.40313720703125 3.932499885559082
v -7.866531848907471 -9.8519287109375 3.932499885559082
v -7.799149036407471 -9.85125732421875 3.7300000190734863
v -7.799149036407471 -9.85125732421875 3.7300000190734863
v -7.786942005157471 -9.406982421875 3.7300000190734863
v -7.854324817657471 -9.40313720703125 3.932499885559082
v -7.866531848907471 -9.8519287109375 3.932499885559082
v -7.831619739532471 -10.60101318359375 3.932499885559082
v -7.764236927032471 -10.5943603515625 3.7300000190734863
v -7.764236927032471 -10.5943603515625 3.7300000190734863
v -7.799149036407471 -9.85125732421875 3.7300000190734863
v -7.866531848907471 -9.8519287109375 3.932499885559082
v -7.831619739532471 -10.60101318359375 3.932499885559082
v -7.725906848907471 -11.30438232421875 3.932499885559082
v -7.659744739532471 -11.29058837890625 3.7300000190734863
v -7.659744739532471 -11.29058837890625 3.7300000190734863
v -7.764236927032471 -10.5943603515625 3.7300000190734863
v -7.831619739532471 -10.60101318359375 3.932499885559082
v -7.725906848907471 -11.30438232421875 3.932499885559082
v -7.549881458282471 -11.9613037109375 3.932499885559082
v -7.485672473907471 -11.9398193359375 3.7300000190734863
v -7.485672473907471 -11.9398193359375 3.7300000190734863
v -7.659744739532471 -11.29058837890625 3.7300000190734863
v -7.725906848907471 -11.30438232421875 3.932499885559082
v -7.549881458282471 -11.9613037109375 3.932499885559082
v -7.302811145782471 -12.5714111328125 3.932499885559082
v -7.242020130157471 -12.54205322265625 3.7300000190734863
v -7.242020130157471 -12.54205322265625 3.7300000190734863
v -7.485672473907471 -11.9398193359375 3.7300000190734863
v -7.549881458282471 -11.9613037109375 3.932499885559082
v -7.302811145782471 -12.5714111328125 3.932499885559082
v -6.985184192657471 -13.13446044921875 3.932499885559082
v -6.928543567657471 -13.097412109375 3.7300000190734863
v -6.928543567657471 -13.097412109375 3.7300000190734863
v -7.242020130157471 -12.54205322265625 3.7300000190734863
v -7.302811145782471 -12.5714111328125 3.932499885559082
v -6.985184192657471 -13.13446044921875 3.932499885559082
v -6.596756458282471 -13.64990234375 3.932499885559082
v -6.545486927032471 -13.60577392578125 3.7300000190734863
v -6.545486927032471 -13.60577392578125 3.7300000190734863
v -6.928543567657471 -13.097412109375 3.7300000190734863
v -6.985184192657471 -13.13446044921875 3.932499885559082
v -6.596756458282471 -13.64990234375 3.932499885559082
v -6.138016223907471 -14.11749267578125 3.932499885559082
v -6.092850208282471 -14.06719970703125 3.7300000190734863
v -6.092850208282471 -14.06719970703125 3.7300000190734863
v -6.545486927032471 -13.60577392578125 3.7300000190734863
v -6.596756458282471 -13.64990234375 3.932499885559082
v -6.138016223907471 -14.11749267578125 3.932499885559082
v -5.616775989532471 -14.5294189453125 3.932499885559082
v -5.578445911407471 -14.473876953125 3.7300000190734863
v -5.578445911407471 -14.473876953125 3.7300000190734863
v -6.092850208282471 -14.06719970703125 3.7300000190734863
v -6.138016223907471 -14.11749267578125 3.932499885559082
v -5.616775989532471 -14.5294189453125 3.932499885559082
v -5.041336536407471 -14.8778076171875 3.932499885559082
v -5.009842395782471 -14.81793212890625 3.7300000190734863
v -5.009842395782471 -14.81793212890625 3.7300000190734863
v -5.578445911407471 -14.473876953125 3.7300000190734863
v -5.616775989532471 -14.5294189453125 3.932499885559082
v -5.041336536407471 -14.8778076171875 3.932499885559082
v -4.411697864532471 -15.16253662109375 3.932499885559082
v -4.387283802032471 -15.0994873046875 3.7300000190734863
v -4.387283802032471 -15.0994873046875 3.7300000190734863
v -5.009842395782471 -14.81793212890625 3.7300000190734863
v -5.041336536407471 -14.8778076171875 3.932499885559082
v -4.411697864532471 -15.16253662109375 3.932499885559082
v -3.7281038761138916 -15.38372802734375 3.932499885559082
v -3.7105257511138916 -15.3184814453125 3.7300000190734863
v -3.7105257511138916 -15.3184814453125 3.7300000190734863
v -4.387283802032471 -15.0994873046875 3.7300000190734863
v -4.411697864532471 -15.16253662109375 3.932499885559082
v -3.7281038761138916 -15.38372802734375 3.932499885559082
v -2.9910433292388916 -15.54150390625 3.932499885559082
v -2.9800570011138916 -15.474853515625 3.7300000190734863
v -2.9800570011138916 -15.474853515625 3.7300000190734863
v -3.7105257511138916 -15.3184814453125 3.7300000190734863
v -3.7281038761138916 -15.38372802734375 3.932499885559082
v -19.117263793945312 -13.87847900390625 3.932499885559082
v -19.281082153320312 -13.020751953125 3.932499885559082
v -19.347732543945312 -13.031494140625 3.7300000190734863
v -19.347732543945312 -13.031494140625 3.7300000190734863
v -19.183181762695312 -13.8931884765625 3.7300000190734863
v -19.117263793945312 -13.87847900390625 3.932499885559082
v -18.906814575195312 -14.70086669921875 3.932499885559082
v -19.117263793945312 -13.87847900390625 3.932499885559082
v -19.183181762695312 -13.8931884765625 3.7300000190734863
v -19.183181762695312 -13.8931884765625 3.7300000190734863
v -18.971755981445312 -14.7197265625 3.7300000190734863
v -18.906814575195312 -14.70086669921875 3.932499885559082
v -18.649734497070312 -15.488037109375 3.932499885559082
v -18.906814575195312 -14.70086669921875 3.932499885559082
v -18.971755981445312 -14.7197265625 3.7300000190734863
v -18.971755981445312 -14.7197265625 3.7300000190734863
v -18.713211059570312 -15.51116943359375 3.7300000190734863
v -18.649734497070312 -15.488037109375 3.932499885559082
v -18.346023559570312 -16.24017333984375 3.932499885559082
v -18.649734497070312 -15.488037109375 3.932499885559082
v -18.713211059570312 -15.51116943359375 3.7300000190734863
v -18.713211059570312 -15.51116943359375 3.7300000190734863
v -18.407791137695312 -16.26751708984375 3.7300000190734863
v -18.346023559570312 -16.24017333984375 3.932499885559082
v -17.999832153320312 -16.95794677734375 3.932499885559082
v -18.346023559570312 -16.24017333984375 3.932499885559082
v -18.407791137695312 -16.26751708984375 3.7300000190734863
v -18.407791137695312 -16.26751708984375 3.7300000190734863
v -18.059890747070312 -16.9891357421875 3.7300000190734863
v -17.999832153320312 -16.95794677734375 3.932499885559082
v -17.615798950195312 -17.6416015625 3.932499885559082
v -17.999832153320312 -16.95794677734375 3.932499885559082
v -18.059890747070312 -16.9891357421875 3.7300000190734863
v -18.059890747070312 -16.9891357421875 3.7300000190734863
v -17.673660278320312 -17.67657470703125 3.7300000190734863
v -17.615798950195312 -17.6416015625 3.932499885559082
v -17.193923950195312 -18.29119873046875 3.932499885559082
v -17.615798950195312 -17.6416015625 3.932499885559082
v -17.673660278320312 -17.67657470703125 3.7300000190734863
v -17.673660278320312 -17.67657470703125 3.7300000190734863
v -17.249099731445312 -18.329833984375 3.7300000190734863
v -17.193923950195312 -18.29119873046875 3.932499885559082
v -16.733963012695312 -18.9066162109375 3.932499885559082
v -17.193923950195312 -18.29119873046875 3.932499885559082
v -17.249099731445312 -18.329833984375 3.7300000190734863
v -17.249099731445312 -18.329833984375 3.7300000190734863
v -16.786697387695312 -18.9488525390625 3.7300000190734863
v -16.733963012695312 -18.9066162109375 3.932499885559082
v -16.236160278320312 -19.488037109375 3.932499885559082
v -16.733963012695312 -18.9066162109375 3.932499885559082
v -16.786697387695312 -18.9488525390625 3.7300000190734863
v -16.786697387695312 -18.9488525390625 3.7300000190734863
v -16.285964965820312 -19.53363037109375 3.7300000190734863
v -16.236160278320312 -19.488037109375 3.932499885559082
v -15.700271606445312 -20.035400390625 3.932499885559082
v -16.236160278320312 -19.488037109375 3.932499885559082
v -16.285964965820312 -19.53363037109375 3.7300000190734863
v -16.285964965820312 -19.53363037109375 3.7300000190734863
v -15.746902465820312 -20.084228515625 3.7300000190734863
v -15.700271606445312 -20.035400390625 3.932499885559082
v -15.126296997070312 -20.54888916015625 3.932499885559082
v -15.700271606445312 -20.035400390625 3.932499885559082
v -15.746902465820312 -20.084228515625 3.7300000190734863
v -15.746902465820312 -20.084228515625 3.7300000190734863
v -15.169754028320312 -20.60064697265625 3.7300000190734863
v -15.126296997070312 -20.54888916015625 3.932499885559082
v -14.517654418945312 -21.02801513671875 3.932499885559082
v -15.126296997070312 -20.54888916015625 3.932499885559082
v -15.169754028320312 -20.60064697265625 3.7300000190734863
v -15.169754028320312 -20.60064697265625 3.7300000190734863
v -14.557937622070312 -21.08233642578125 3.7300000190734863
v -14.517654418945312 -21.02801513671875 3.932499885559082
v -13.877761840820312 -21.4722900390625 3.932499885559082
v -14.517654418945312 -21.02801513671875 3.932499885559082
v -14.557937622070312 -21.08233642578125 3.7300000190734863
v -14.557937622070312 -21.08233642578125 3.7300000190734863
v -13.914627075195312 -21.52886962890625 3.7300000190734863
v -13.877761840820312 -21.4722900390625 3.932499885559082
v -13.206619262695312 -21.881591796875 3.932499885559082
v -13.877761840820312 -21.4722900390625 3.932499885559082
v -13.914627075195312 -21.52886962890625 3.7300000190734863
v -13.914627075195312 -21.52886962890625 3.7300000190734863
v -13.240066528320312 -21.94024658203125 3.7300000190734863
v -13.206619262695312 -21.881591796875 3.932499885559082
v -12.504226684570312 -22.2559814453125 3.932499885559082
v -13.206619262695312 -21.881591796875 3.932499885559082
v -13.240066528320312 -21.94024658203125 3.7300000190734863
v -13.240066528320312 -21.94024658203125 3.7300000190734863
v -12.534255981445312 -22.31646728515625 3.7300000190734863
v -12.504226684570312 -22.2559814453125 3.932499885559082
v 19.494552612304688 -1.0194091796875 3.932499885559082
v 19.493331909179688 -10.59112548828125 3.932499885559082
v 19.560958862304688 -10.59149169921875 3.7300000190734863
v 19.560958862304688 -10.59149169921875 3.7300000190734863
v 19.560958862304688 -1.0069580078125 3.7300000190734863
v 19.494552612304688 -1.0194091796875 3.932499885559082
v 7.748458385467529 -10.32037353515625 3.932499885559082
v 7.747237682342529 -3.4300537109375 3.932499885559082
v 7.680831432342529 -3.510009765625 3.7300000190734863
v 7.680831432342529 -3.510009765625 3.7300000190734863
v 7.680831432342529 -10.25250244140625 3.7300000190734863
v 7.748458385467529 -10.32037353515625 3.932499885559082
v 19.495285034179688 7.23260498046875 3.932499885559082
v 19.494552612304688 -1.0194091796875 3.932499885559082
v 19.560958862304688 -1.0069580078125 3.7300000190734863
v 19.560958862304688 -1.0069580078125 3.7300000190734863
v 19.560958862304688 7.248779296875 3.7300000190734863
v 19.495285034179688 7.23260498046875 3.932499885559082
v 19.493331909179688 -10.59112548828125 3.932499885559082
v 19.494552612304688 -16.33575439453125 3.932499885559082
v 19.560958862304688 -16.323974609375 3.7300000190734863
v 19.560958862304688 -16.323974609375 3.7300000190734863
v 19.560958862304688 -10.59149169921875 3.7300000190734863
v 19.493331909179688 -10.59112548828125 3.932499885559082
v 7.410811901092529 -3.239990234375 3.7300000190734863
v 7.478438854217529 -3.1724853515625 3.932499885559082
v 3.0660855770111084 -3.1724853515625 3.932499885559082
v 3.0660855770111084 -3.1724853515625 3.932499885559082
v 3.0665738582611084 -3.239990234375 3.7300000190734863
v 7.410811901092529 -3.239990234375 3.7300000190734863
v 19.471847534179688 8.48187255859375 3.932499885559082
v 19.495285034179688 7.23260498046875 3.932499885559082
v 19.560958862304688 7.248779296875 3.7300000190734863
v 19.560958862304688 7.248779296875 3.7300000190734863
v 19.539474487304688 8.4842529296875 3.7300000190734863
v 19.471847534179688 8.48187255859375 3.932499885559082
v 19.407394409179688 9.66583251953125 3.932499885559082
v 19.471847534179688 8.48187255859375 3.932499885559082
v 19.539474487304688 8.4842529296875 3.7300000190734863
v 19.539474487304688 8.4842529296875 3.7300000190734863
v 19.474777221679688 9.67083740234375 3.7300000190734863
v 19.407394409179688 9.66583251953125 3.932499885559082
v 19.300216674804688 10.80072021484375 3.932499885559082
v 19.407394409179688 9.66583251953125 3.932499885559082
v 19.474777221679688 9.67083740234375 3.7300000190734863
v 19.474777221679688 9.67083740234375 3.7300000190734863
v 19.367111206054688 10.80853271484375 3.7300000190734863
v 19.300216674804688 10.80072021484375 3.932499885559082
v 19.149826049804688 11.88641357421875 3.932499885559082
v 19.300216674804688 10.80072021484375 3.932499885559082
v 19.367111206054688 10.80853271484375 3.7300000190734863
v 19.367111206054688 10.80853271484375 3.7300000190734863
v 19.216476440429688 11.897216796875 3.7300000190734863
v 19.149826049804688 11.88641357421875 3.932499885559082
v 18.956710815429688 12.9229736328125 3.932499885559082
v 19.149826049804688 11.88641357421875 3.932499885559082
v 19.216476440429688 11.897216796875 3.7300000190734863
v 19.216476440429688 11.897216796875 3.7300000190734863
v 19.022872924804688 12.93701171875 3.7300000190734863
v 18.956710815429688 12.9229736328125 3.932499885559082
v 18.720870971679688 13.91033935546875 3.932499885559082
v 18.956710815429688 12.9229736328125 3.932499885559082
v 19.022872924804688 12.93701171875 3.7300000190734863
v 19.022872924804688 12.93701171875 3.7300000190734863
v 18.786056518554688 13.92779541015625 3.7300000190734863
v 18.720870971679688 13.91033935546875 3.932499885559082
v 18.442062377929688 14.84844970703125 3.932499885559082
v 18.720870971679688 13.91033935546875 3.932499885559082
v 18.786056518554688 13.92779541015625 3.7300000190734863
v 18.786056518554688 13.92779541015625 3.7300000190734863
v 18.506271362304688 14.86968994140625 3.7300000190734863
v 18.442062377929688 14.84844970703125 3.932499885559082
v 18.116867065429688 15.73773193359375 3.932499885559082
v 18.442062377929688 14.84844970703125 3.932499885559082
v 18.506271362304688 14.86968994140625 3.7300000190734863
v 18.506271362304688 14.86968994140625 3.7300000190734863
v 18.179367065429688 15.76312255859375 3.7300000190734863
v 18.116867065429688 15.73773193359375 3.932499885559082
v 17.741134643554688 16.57891845703125 3.932499885559082
v 18.116867065429688 15.73773193359375 3.932499885559082
v 18.179367065429688 15.76312255859375 3.7300000190734863
v 18.179367065429688 15.76312255859375 3.7300000190734863
v 17.801925659179688 16.60870361328125 3.7300000190734863
v 17.741134643554688 16.57891845703125 3.932499885559082
v 17.315109252929688 17.37213134765625 3.932499885559082
v 17.741134643554688 16.57891845703125 3.932499885559082
v 17.801925659179688 16.60870361328125 3.7300000190734863
v 17.801925659179688 16.60870361328125 3.7300000190734863
v 17.373458862304688 17.40631103515625 3.7300000190734863
v 17.315109252929688 17.37213134765625 3.932499885559082
v 16.838546752929688 18.11749267578125 3.932499885559082
v 17.315109252929688 17.37213134765625 3.932499885559082
v 17.373458862304688 17.40631103515625 3.7300000190734863
v 17.373458862304688 17.40631103515625 3.7300000190734863
v 16.893966674804688 18.15606689453125 3.7300000190734863
v 16.838546752929688 18.11749267578125 3.932499885559082
v 16.311691284179688 18.8150634765625 3.932499885559082
v 16.838546752929688 18.11749267578125 3.932499885559082
v 16.893966674804688 18.15606689453125 3.7300000190734863
v 16.893966674804688 18.15606689453125 3.7300000190734863
v 16.363937377929688 18.85791015625 3.7300000190734863
v 16.311691284179688 18.8150634765625 3.932499885559082
v 15.734054565429688 19.4649658203125 3.932499885559082
v 16.311691284179688 18.8150634765625 3.932499885559082
v 16.363937377929688 18.85791015625 3.7300000190734863
v 16.363937377929688 18.85791015625 3.7300000190734863
v 15.782882690429688 19.51177978515625 3.7300000190734863
v 15.734054565429688 19.4649658203125 3.932499885559082
v 15.106124877929688 20.0672607421875 3.932499885559082
v 15.734054565429688 19.4649658203125 3.932499885559082
v 15.782882690429688 19.51177978515625 3.7300000190734863
v 15.782882690429688 19.51177978515625 3.7300000190734863
v 15.150802612304688 20.1177978515625 3.7300000190734863
v 15.106124877929688 20.0672607421875 3.932499885559082
v 14.426681518554688 20.62457275390625 3.932499885559082
v 15.106124877929688 20.0672607421875 3.932499885559082
v 15.150802612304688 20.1177978515625 3.7300000190734863
v 15.150802612304688 20.1177978515625 3.7300000190734863
v 14.467697143554688 20.6783447265625 3.7300000190734863
v 14.426681518554688 20.62457275390625 3.932499885559082
v 13.695480346679688 21.13922119140625 3.932499885559082
v 14.426681518554688 20.62457275390625 3.932499885559082
v 14.467697143554688 20.6783447265625 3.7300000190734863
v 14.467697143554688 20.6783447265625 3.7300000190734863
v 13.732589721679688 21.19580078125 3.7300000190734863
v 13.695480346679688 21.13922119140625 3.932499885559082
v 12.912521362304688 21.61126708984375 3.932499885559082
v 13.695480346679688 21.13922119140625 3.932499885559082
v 13.732589721679688 21.19580078125 3.7300000190734863
v 13.732589721679688 21.19580078125 3.7300000190734863
v 12.945480346679688 21.67022705078125 3.7300000190734863
v 12.912521362304688 21.61126708984375 3.932499885559082
v 12.077560424804688 22.0406494140625 3.932499885559082
v 12.912521362304688 21.61126708984375 3.932499885559082
v 12.945480346679688 21.67022705078125 3.7300000190734863
v 12.945480346679688 21.67022705078125 3.7300000190734863
v 12.106613159179688 22.10162353515625 3.7300000190734863
v 12.077560424804688 22.0406494140625 3.932499885559082
v 11.190597534179688 22.42730712890625 3.932499885559082
v 12.077560424804688 22.0406494140625 3.932499885559082
v 12.106613159179688 22.10162353515625 3.7300000190734863
v 12.106613159179688 22.10162353515625 3.7300000190734863
v 11.215744018554688 22.489990234375 3.7300000190734863
v 11.190597534179688 22.42730712890625 3.932499885559082
v 10.251632690429688 22.771240234375 3.932499885559082
v 11.190597534179688 22.42730712890625 3.932499885559082
v 11.215744018554688 22.489990234375 3.7300000190734863
v 11.215744018554688 22.489990234375 3.7300000190734863
v 10.272872924804688 22.83526611328125 3.7300000190734863
v 10.251632690429688 22.771240234375 3.932499885559082
v 9.260421752929688 23.0723876953125 3.932499885559082
v 10.251632690429688 22.771240234375 3.932499885559082
v 10.272872924804688 22.83526611328125 3.7300000190734863
v 10.272872924804688 22.83526611328125 3.7300000190734863
v 9.278488159179688 23.13751220703125 3.7300000190734863
v 9.260421752929688 23.0723876953125 3.932499885559082
v 8.213302612304688 23.332275390625 3.932499885559082
v 9.260421752929688 23.0723876953125 3.932499885559082
v 9.278488159179688 23.13751220703125 3.7300000190734863
v 9.278488159179688 23.13751220703125 3.7300000190734863
v 8.227951049804688 23.398193359375 3.7300000190734863
v 8.213302612304688 23.332275390625 3.932499885559082
v 7.106368541717529 23.55224609375 3.932499885559082
v 8.213302612304688 23.332275390625 3.932499885559082
v 8.227951049804688 23.398193359375 3.7300000190734863
v 8.227951049804688 23.398193359375 3.7300000190734863
v 7.118087291717529 23.61871337890625 3.7300000190734863
v 7.106368541717529 23.55224609375 3.932499885559082
v 5.939620494842529 23.7322998046875 3.932499885559082
v 7.106368541717529 23.55224609375 3.932499885559082
v 7.118087291717529 23.61871337890625 3.7300000190734863
v 7.118087291717529 23.61871337890625 3.7300000190734863
v 5.948409557342529 23.7991943359375 3.7300000190734863
v 5.939620494842529 23.7322998046875 3.932499885559082
v 4.712813854217529 23.872314453125 3.932499885559082
v 5.939620494842529 23.7322998046875 3.932499885559082
v 5.948409557342529 23.7991943359375 3.7300000190734863
v 5.948409557342529 23.7991943359375 3.7300000190734863
v 4.719405651092529 23.93951416015625 3.7300000190734863
v 4.712813854217529 23.872314453125 3.932499885559082
v 3.4264371395111084 23.972412109375 3.932499885559082
v 4.712813854217529 23.872314453125 3.932499885559082
v 4.719405651092529 23.93951416015625 3.7300000190734863
v 4.719405651092529 23.93951416015625 3.7300000190734863
v 3.4305875301361084 24.039794921875 3.7300000190734863
v 3.4264371395111084 23.972412109375 3.932499885559082
v 2.0800015926361084 24.032470703125 3.932499885559082
v 3.4264371395111084 23.972412109375 3.932499885559082
v 3.4305875301361084 24.039794921875 3.7300000190734863
v 3.4305875301361084 24.039794921875 3.7300000190734863
v 2.0819547176361084 24.0999755859375 3.7300000190734863
v 2.0800015926361084 24.032470703125 3.932499885559082
v 0.6739956736564636 24.052490234375 3.932499885559082
v 2.0800015926361084 24.032470703125 3.932499885559082
v 2.0819547176361084 24.0999755859375 3.7300000190734863
v 2.0819547176361084 24.0999755859375 3.7300000190734863
v 0.6739956736564636 24.1199951171875 3.7300000190734863
v 0.6739956736564636 24.052490234375 3.932499885559082
v -0.129471093416214 24.04339599609375 3.932499885559082
v 0.6739956736564636 24.052490234375 3.932499885559082
v 0.6739956736564636 24.1199951171875 3.7300000190734863
v 0.6739956736564636 24.1199951171875 3.7300000190734863
v -0.130935937166214 24.11083984375 3.7300000190734863
v -0.129471093416214 24.04339599609375 3.932499885559082
v -0.9258578419685364 24.0159912109375 3.932499885559082
v -0.129471093416214 24.04339599609375 3.932499885559082
v -0.130935937166214 24.11083984375 3.7300000190734863
v -0.130935937166214 24.11083984375 3.7300000190734863
v -0.9290316700935364 24.08343505859375 3.7300000190734863
v -0.9258578419685364 24.0159912109375 3.932499885559082
v -1.7154085636138916 23.9703369140625 3.932499885559082
v -0.9258578419685364 24.0159912109375 3.932499885559082
v -0.9290316700935364 24.08343505859375 3.7300000190734863
v -0.9290316700935364 24.08343505859375 3.7300000190734863
v -1.7200472354888916 24.0377197265625 3.7300000190734863
v -1.7154085636138916 23.9703369140625 3.932499885559082
v -2.4981234073638916 23.90643310546875 3.932499885559082
v -1.7154085636138916 23.9703369140625 3.932499885559082
v -1.7200472354888916 24.0377197265625 3.7300000190734863
v -1.7200472354888916 24.0377197265625 3.7300000190734863
v -2.5044710636138916 23.97369384765625 3.7300000190734863
v -2.4981234073638916 23.90643310546875 3.932499885559082
v -3.2740023136138916 23.8243408203125 3.932499885559082
v -2.4981234073638916 23.90643310546875 3.932499885559082
v -2.5044710636138916 23.97369384765625 3.7300000190734863
v -2.5044710636138916 23.97369384765625 3.7300000190734863
v -3.2818148136138916 23.891357421875 3.7300000190734863
v -3.2740023136138916 23.8243408203125 3.932499885559082
v -4.042801380157471 23.72393798828125 3.932499885559082
v -3.2740023136138916 23.8243408203125 3.932499885559082
v -3.2818148136138916 23.891357421875 3.7300000190734863
v -3.2818148136138916 23.891357421875 3.7300000190734863
v -4.052322864532471 23.790771484375 3.7300000190734863
v -4.042801380157471 23.72393798828125 3.932499885559082
v -4.805008411407471 23.60528564453125 3.932499885559082
v -4.042801380157471 23.72393798828125 3.932499885559082
v -4.052322864532471 23.790771484375 3.7300000190734863
v -4.052322864532471 23.790771484375 3.7300000190734863
v -4.815994739532471 23.671875 3.7300000190734863
v -4.805008411407471 23.60528564453125 3.932499885559082
v -5.555496692657471 23.47222900390625 3.932499885559082
v -4.805008411407471 23.60528564453125 3.932499885559082
v -4.815994739532471 23.671875 3.7300000190734863
v -4.815994739532471 23.671875 3.7300000190734863
v -5.567947864532471 23.53857421875 3.7300000190734863
v -5.555496692657471 23.47222900390625 3.932499885559082
v -6.289383411407471 23.32855224609375 3.932499885559082
v -5.555496692657471 23.47222900390625 3.932499885559082
v -5.567947864532471 23.53857421875 3.7300000190734863
v -5.567947864532471 23.53857421875 3.7300000190734863
v -6.303055286407471 23.3946533203125 3.7300000190734863
v -6.289383411407471 23.32855224609375 3.932499885559082
v -7.006912708282471 23.17437744140625 3.932499885559082
v -6.289383411407471 23.32855224609375 3.932499885559082
v -6.303055286407471 23.3946533203125 3.7300000190734863
v -6.303055286407471 23.3946533203125 3.7300000190734863
v -7.021561145782471 23.240234375 3.7300000190734863
v -7.006912708282471 23.17437744140625 3.932499885559082
v -7.707352161407471 23.00970458984375 3.932499885559082
v -7.006912708282471 23.17437744140625 3.932499885559082
v -7.021561145782471 23.240234375 3.7300000190734863
v -7.021561145782471 23.240234375 3.7300000190734863
v -7.723465442657471 23.07525634765625 3.7300000190734863
v -7.707352161407471 23.00970458984375 3.932499885559082
v -8.391433715820312 22.83447265625 3.932499885559082
v -7.707352161407471 23.00970458984375 3.932499885559082
v -7.723465442657471 23.07525634765625 3.7300000190734863
v -7.723465442657471 23.07525634765625 3.7300000190734863
v -8.408767700195312 22.899658203125 3.7300000190734863
v -8.391433715820312 22.83447265625 3.932499885559082
v -9.058670043945312 22.64874267578125 3.932499885559082
v -8.391433715820312 22.83447265625 3.932499885559082
v -8.408767700195312 22.899658203125 3.7300000190734863
v -8.408767700195312 22.899658203125 3.7300000190734863
v -9.077468872070312 22.71356201171875 3.7300000190734863
v -9.058670043945312 22.64874267578125 3.932499885559082
v -9.709304809570312 22.45245361328125 3.932499885559082
v -9.058670043945312 22.64874267578125 3.932499885559082
v -9.077468872070312 22.71356201171875 3.7300000190734863
v -9.077468872070312 22.71356201171875 3.7300000190734863
v -9.729324340820312 22.51690673828125 3.7300000190734863
v -9.709304809570312 22.45245361328125 3.932499885559082
v -10.339920043945312 22.24847412109375 3.932499885559082
v -9.709304809570312 22.45245361328125 3.932499885559082
v -9.729324340820312 22.51690673828125 3.7300000190734863
v -9.729324340820312 22.51690673828125 3.7300000190734863
v -10.361404418945312 22.3125 3.7300000190734863
v -10.339920043945312 22.24847412109375 3.932499885559082
v -10.947097778320312 22.0396728515625 3.932499885559082
v -10.339920043945312 22.24847412109375 3.932499885559082
v -10.361404418945312 22.3125 3.7300000190734863
v -10.361404418945312 22.3125 3.7300000190734863
v -10.969802856445312 22.10333251953125 3.7300000190734863
v -10.947097778320312 22.0396728515625 3.932499885559082
v -11.530838012695312 21.82611083984375 3.932499885559082
v -10.947097778320312 22.0396728515625 3.932499885559082
v -10.969802856445312 22.10333251953125 3.7300000190734863
v -10.969802856445312 22.10333251953125 3.7300000190734863
v -11.554763793945312 21.8892822265625 3.7300000190734863
v -11.530838012695312 21.82611083984375 3.932499885559082
v -12.090896606445312 21.60784912109375 3.932499885559082
v -11.530838012695312 21.82611083984375 3.932499885559082
v -11.554763793945312 21.8892822265625 3.7300000190734863
v -11.554763793945312 21.8892822265625 3.7300000190734863
v -12.116043090820312 21.67047119140625 3.7300000190734863
v -12.090896606445312 21.60784912109375 3.932499885559082
v -12.627273559570312 21.384765625 3.932499885559082
v -12.090896606445312 21.60784912109375 3.932499885559082
v -12.116043090820312 21.67047119140625 3.7300000190734863
v -12.116043090820312 21.67047119140625 3.7300000190734863
v -12.654129028320312 21.44677734375 3.7300000190734863
v -12.627273559570312 21.384765625 3.932499885559082
v -13.140213012695312 21.156982421875 3.932499885559082
v -12.627273559570312 21.384765625 3.932499885559082
v -12.654129028320312 21.44677734375 3.7300000190734863
v -12.654129028320312 21.44677734375 3.7300000190734863
v -13.168533325195312 21.21832275390625 3.7300000190734863
v -13.140213012695312 21.156982421875 3.932499885559082
v -13.629714965820312 20.9244384765625 3.932499885559082
v -13.140213012695312 21.156982421875 3.932499885559082
v -13.168533325195312 21.21832275390625 3.7300000190734863
v -13.168533325195312 21.21832275390625 3.7300000190734863
v -13.659500122070312 20.9849853515625 3.7300000190734863
v -13.629714965820312 20.9244384765625 3.932499885559082
v -14.086502075195312 20.692138671875 3.932499885559082
v -13.629714965820312 20.9244384765625 3.932499885559082
v -13.659500122070312 20.9849853515625 3.7300000190734863
v -13.659500122070312 20.9849853515625 3.7300000190734863
v -14.117996215820312 20.75189208984375 3.7300000190734863
v -14.086502075195312 20.692138671875 3.932499885559082
v -14.502273559570312 20.46527099609375 3.932499885559082
v -14.086502075195312 20.692138671875 3.932499885559082
v -14.117996215820312 20.75189208984375 3.7300000190734863
v -14.117996215820312 20.75189208984375 3.7300000190734863
v -14.535720825195312 20.52398681640625 3.7300000190734863
v -14.502273559570312 20.46527099609375 3.932499885559082
v -14.876785278320312 20.243896484375 3.932499885559082
v -14.502273559570312 20.46527099609375 3.932499885559082
v -14.535720825195312 20.52398681640625 3.7300000190734863
v -14.535720825195312 20.52398681640625 3.7300000190734863
v -14.912185668945312 20.30126953125 3.7300000190734863
v -14.876785278320312 20.243896484375 3.932499885559082
v -15.209548950195312 20.02801513671875 3.932499885559082
v -14.876785278320312 20.243896484375 3.932499885559082
v -14.912185668945312 20.30126953125 3.7300000190734863
v -14.912185668945312 20.30126953125 3.7300000190734863
v -15.247634887695312 20.08380126953125 3.7300000190734863
v -15.209548950195312 20.02801513671875 3.932499885559082
v -15.501052856445312 19.81793212890625 3.932499885559082
v -15.209548950195312 20.02801513671875 3.932499885559082
v -15.247634887695312 20.08380126953125 3.7300000190734863
v -15.247634887695312 20.08380126953125 3.7300000190734863
v -15.542068481445312 19.8714599609375 3.7300000190734863
v -15.501052856445312 19.81793212890625 3.932499885559082
v -15.750808715820312 19.61370849609375 3.932499885559082
v -15.501052856445312 19.81793212890625 3.932499885559082
v -15.542068481445312 19.8714599609375 3.7300000190734863
v -15.542068481445312 19.8714599609375 3.7300000190734863
v -15.795486450195312 19.66436767578125 3.7300000190734863
v -15.750808715820312 19.61370849609375 3.932499885559082
v -15.959548950195312 19.41534423828125 3.932499885559082
v -15.750808715820312 19.61370849609375 3.932499885559082
v -15.795486450195312 19.66436767578125 3.7300000190734863
v -15.795486450195312 19.66436767578125 3.7300000190734863
v -16.007888793945312 19.4625244140625 3.7300000190734863
v -15.959548950195312 19.41534423828125 3.932499885559082
v -16.139724731445312 19.21673583984375 3.932499885559082
v -15.959548950195312 19.41534423828125 3.932499885559082
v -16.007888793945312 19.4625244140625 3.7300000190734863
v -16.007888793945312 19.4625244140625 3.7300000190734863
v -16.190750122070312 19.259765625 3.7300000190734863
v -16.139724731445312 19.21673583984375 3.932499885559082
v -16.303298950195312 19.0113525390625 3.932499885559082
v -16.139724731445312 19.21673583984375 3.932499885559082
v -16.190750122070312 19.259765625 3.7300000190734863
v -16.190750122070312 19.259765625 3.7300000190734863
v -16.356277465820312 19.0501708984375 3.7300000190734863
v -16.303298950195312 19.0113525390625 3.932499885559082
v -16.449295043945312 18.79913330078125 3.932499885559082
v -16.303298950195312 19.0113525390625 3.932499885559082
v -16.356277465820312 19.0501708984375 3.7300000190734863
v -16.356277465820312 19.0501708984375 3.7300000190734863
v -16.503982543945312 18.83367919921875 3.7300000190734863
v -16.449295043945312 18.79913330078125 3.932499885559082
v -16.577713012695312 18.58001708984375 3.932499885559082
v -16.449295043945312 18.79913330078125 3.932499885559082
v -16.503982543945312 18.83367919921875 3.7300000190734863
v -16.503982543945312 18.83367919921875 3.7300000190734863
v -16.634109497070312 18.6102294921875 3.7300000190734863
v -16.577713012695312 18.58001708984375 3.932499885559082
v -16.688308715820312 18.35406494140625 3.932499885559082
v -16.577713012695312 18.58001708984375 3.932499885559082
v -16.634109497070312 18.6102294921875 3.7300000190734863
v -16.634109497070312 18.6102294921875 3.7300000190734863
v -16.746658325195312 18.37994384765625 3.7300000190734863
v -16.688308715820312 18.35406494140625 3.932499885559082
v -16.781570434570312 18.12127685546875 3.932499885559082
v -16.688308715820312 18.35406494140625 3.932499885559082
v -16.746658325195312 18.37994384765625 3.7300000190734863
v -16.746658325195312 18.37994384765625 3.7300000190734863
v -16.841629028320312 18.142822265625 3.7300000190734863
v -16.781570434570312 18.12127685546875 3.932499885559082
v -16.857498168945312 17.8814697265625 3.932499885559082
v -16.781570434570312 18.12127685546875 3.932499885559082
v -16.841629028320312 18.142822265625 3.7300000190734863
v -16.841629028320312 18.142822265625 3.7300000190734863
v -16.919021606445312 17.89874267578125 3.7300000190734863
v -16.857498168945312 17.8814697265625 3.932499885559082
v -16.982742309570312 17.63848876953125 3.7300000190734863
v -16.917312622070312 17.62432861328125 3.932499885559082
v -16.857498168945312 17.8814697265625 3.932499885559082
v -16.857498168945312 17.8814697265625 3.932499885559082
v -16.919021606445312 17.89874267578125 3.7300000190734863
v -16.982742309570312 17.63848876953125 3.7300000190734863
v -16.970046997070312 17.34161376953125 3.932499885559082
v -16.917312622070312 17.62432861328125 3.932499885559082
v -16.982742309570312 17.63848876953125 3.7300000190734863
v -16.982742309570312 17.63848876953125 3.7300000190734863
v -17.036697387695312 17.35260009765625 3.7300000190734863
v -16.970046997070312 17.34161376953125 3.932499885559082
v -17.013748168945312 17.0330810546875 3.932499885559082
v -16.970046997070312 17.34161376953125 3.932499885559082
v -17.036697387695312 17.35260009765625 3.7300000190734863
v -17.036697387695312 17.35260009765625 3.7300000190734863
v -17.080642700195312 17.04119873046875 3.7300000190734863
v -17.013748168945312 17.0330810546875 3.932499885559082
v -17.047683715820312 16.69854736328125 3.932499885559082
v -17.013748168945312 17.0330810546875 3.932499885559082
v -17.080642700195312 17.04119873046875 3.7300000190734863
v -17.080642700195312 17.04119873046875 3.7300000190734863
v -17.115066528320312 16.70428466796875 3.7300000190734863
v -17.047683715820312 16.69854736328125 3.932499885559082
v -17.072097778320312 16.33819580078125 3.932499885559082
v -17.047683715820312 16.69854736328125 3.932499885559082
v -17.115066528320312 16.70428466796875 3.7300000190734863
v -17.115066528320312 16.70428466796875 3.7300000190734863
v -17.139480590820312 16.34173583984375 3.7300000190734863
v -17.072097778320312 16.33819580078125 3.932499885559082
v -17.086746215820312 15.95196533203125 3.932499885559082
v -17.072097778320312 16.33819580078125 3.932499885559082
v -17.139480590820312 16.34173583984375 3.7300000190734863
v -17.139480590820312 16.34173583984375 3.7300000190734863
v -17.154129028320312 15.95367431640625 3.7300000190734863
v -17.086746215820312 15.95196533203125 3.932499885559082
v -17.091629028320312 15.5399169921875 3.932499885559082
v -17.086746215820312 15.95196533203125 3.932499885559082
v -17.154129028320312 15.95367431640625 3.7300000190734863
v -17.154129028320312 15.95367431640625 3.7300000190734863
v -17.159011840820312 15.53997802734375 3.7300000190734863
v -17.091629028320312 15.5399169921875 3.932499885559082
v -17.088699340820312 15.2291259765625 3.932499885559082
v -17.091629028320312 15.5399169921875 3.932499885559082
v -17.159011840820312 15.53997802734375 3.7300000190734863
v -17.159011840820312 15.53997802734375 3.7300000190734863
v -17.156082153320312 15.22784423828125 3.7300000190734863
v -17.088699340820312 15.2291259765625 3.932499885559082
v -17.079910278320312 14.92620849609375 3.932499885559082
v -17.088699340820312 15.2291259765625 3.932499885559082
v -17.156082153320312 15.22784423828125 3.7300000190734863
v -17.156082153320312 15.22784423828125 3.7300000190734863
v -17.147293090820312 14.92352294921875 3.7300000190734863
v -17.079910278320312 14.92620849609375 3.932499885559082
v -17.065261840820312 14.63116455078125 3.932499885559082
v -17.079910278320312 14.92620849609375 3.932499885559082
v -17.147293090820312 14.92352294921875 3.7300000190734863
v -17.147293090820312 14.92352294921875 3.7300000190734863
v -17.132644653320312 14.6270751953125 3.7300000190734863
v -17.065261840820312 14.63116455078125 3.932499885559082
v -17.044998168945312 14.343994140625 3.932499885559082
v -17.065261840820312 14.63116455078125 3.932499885559082
v -17.132644653320312 14.6270751953125 3.7300000190734863
v -17.132644653320312 14.6270751953125 3.7300000190734863
v -17.112380981445312 14.33843994140625 3.7300000190734863
v -17.044998168945312 14.343994140625 3.932499885559082
v -17.018875122070312 14.0648193359375 3.932499885559082
v -17.044998168945312 14.343994140625 3.932499885559082
v -17.112380981445312 14.33843994140625 3.7300000190734863
v -17.112380981445312 14.33843994140625 3.7300000190734863
v -17.086013793945312 14.05767822265625 3.7300000190734863
v -17.018875122070312 14.0648193359375 3.932499885559082
v -16.987380981445312 13.79345703125 3.932499885559082
v -17.018875122070312 14.0648193359375 3.932499885559082
v -17.086013793945312 14.05767822265625 3.7300000190734863
v -17.086013793945312 14.05767822265625 3.7300000190734863
v -17.053787231445312 13.7847900390625 3.7300000190734863
v -16.987380981445312 13.79345703125 3.932499885559082
v -16.951736450195312 13.52972412109375 3.932499885559082
v -16.987380981445312 13.79345703125 3.932499885559082
v -17.053787231445312 13.7847900390625 3.7300000190734863
v -17.053787231445312 13.7847900390625 3.7300000190734863
v -17.015701293945312 13.51971435546875 3.7300000190734863
v -16.951736450195312 13.52972412109375 3.932499885559082
v -16.911209106445312 13.275634765625 3.932499885559082
v -16.951736450195312 13.52972412109375 3.932499885559082
v -17.015701293945312 13.51971435546875 3.7300000190734863
v -17.015701293945312 13.51971435546875 3.7300000190734863
v -16.972244262695312 13.264404296875 3.7300000190734863
v -16.911209106445312 13.275634765625 3.932499885559082
v -16.865798950195312 13.0333251953125 3.932499885559082
v -16.911209106445312 13.275634765625 3.932499885559082
v -16.972244262695312 13.264404296875 3.7300000190734863
v -16.972244262695312 13.264404296875 3.7300000190734863
v -16.923904418945312 13.0208740234375 3.7300000190734863
v -16.865798950195312 13.0333251953125 3.932499885559082
v -16.815505981445312 12.80267333984375 3.932499885559082
v -16.865798950195312 13.0333251953125 3.932499885559082
v -16.923904418945312 13.0208740234375 3.7300000190734863
v -16.923904418945312 13.0208740234375 3.7300000190734863
v -16.870681762695312 12.7890625 3.7300000190734863
v -16.815505981445312 12.80267333984375 3.932499885559082
v -16.760330200195312 12.5838623046875 3.932499885559082
v -16.815505981445312 12.80267333984375 3.932499885559082
v -16.870681762695312 12.7890625 3.7300000190734863
v -16.870681762695312 12.7890625 3.7300000190734863
v -16.812576293945312 12.56903076171875 3.7300000190734863
v -16.760330200195312 12.5838623046875 3.932499885559082
v -16.700027465820312 12.37677001953125 3.932499885559082
v -16.760330200195312 12.5838623046875 3.932499885559082
v -16.812576293945312 12.56903076171875 3.7300000190734863
v -16.812576293945312 12.56903076171875 3.7300000190734863
v -16.749588012695312 12.3607177734375 3.7300000190734863
v -16.700027465820312 12.37677001953125 3.932499885559082
v -16.635086059570312 12.181396484375 3.932499885559082
v -16.700027465820312 12.37677001953125 3.932499885559082
v -16.749588012695312 12.3607177734375 3.7300000190734863
v -16.749588012695312 12.3607177734375 3.7300000190734863
v -16.681716918945312 12.1641845703125 3.7300000190734863
v -16.635086059570312 12.181396484375 3.932499885559082
v -16.565017700195312 11.99786376953125 3.932499885559082
v -16.635086059570312 12.181396484375 3.932499885559082
v -16.681716918945312 12.1641845703125 3.7300000190734863
v -16.681716918945312 12.1641845703125 3.7300000190734863
v -16.608718872070312 11.9793701171875 3.7300000190734863
v -16.565017700195312 11.99786376953125 3.932499885559082
v -16.489822387695312 11.82623291015625 3.932499885559082
v -16.565017700195312 11.99786376953125 3.932499885559082
v -16.608718872070312 11.9793701171875 3.7300000190734863
v -16.608718872070312 11.9793701171875 3.7300000190734863
v -16.530593872070312 11.80633544921875 3.7300000190734863
v -16.489822387695312 11.82623291015625 3.932499885559082
v -16.408523559570312 11.66650390625 3.932499885559082
v -16.489822387695312 11.82623291015625 3.932499885559082
v -16.530593872070312 11.80633544921875 3.7300000190734863
v -16.530593872070312 11.80633544921875 3.7300000190734863
v -16.446609497070312 11.6451416015625 3.7300000190734863
v -16.408523559570312 11.66650390625 3.932499885559082
v -16.321365356445312 11.51861572265625 3.932499885559082
v -16.408523559570312 11.66650390625 3.932499885559082
v -16.446609497070312 11.6451416015625 3.7300000190734863
v -16.446609497070312 11.6451416015625 3.7300000190734863
v -16.356521606445312 11.49578857421875 3.7300000190734863
v -16.321365356445312 11.51861572265625 3.932499885559082
v -16.228591918945312 11.38250732421875 3.932499885559082
v -16.321365356445312 11.51861572265625 3.932499885559082
v -16.356521606445312 11.49578857421875 3.7300000190734863
v -16.356521606445312 11.49578857421875 3.7300000190734863
v -16.260818481445312 11.3582763671875 3.7300000190734863
v -16.228591918945312 11.38250732421875 3.932499885559082
v -16.129714965820312 11.25830078125 3.932499885559082
v -16.228591918945312 11.38250732421875 3.932499885559082
v -16.260818481445312 11.3582763671875 3.7300000190734863
v -16.260818481445312 11.3582763671875 3.7300000190734863
v -16.159255981445312 11.2325439453125 3.7300000190734863
v -16.129714965820312 11.25830078125 3.932499885559082
v -16.025222778320312 11.14593505859375 3.932499885559082
v -16.129714965820312 11.25830078125 3.932499885559082
v -16.159255981445312 11.2325439453125 3.7300000190734863
v -16.159255981445312 11.2325439453125 3.7300000190734863
v -16.051834106445312 11.11865234375 3.7300000190734863
v -16.025222778320312 11.14593505859375 3.932499885559082
v -15.914871215820312 11.04522705078125 3.932499885559082
v -16.025222778320312 11.14593505859375 3.932499885559082
v -16.051834106445312 11.11865234375 3.7300000190734863
v -16.051834106445312 11.11865234375 3.7300000190734863
v -15.938552856445312 11.01654052734375 3.7300000190734863
v -15.914871215820312 11.04522705078125 3.932499885559082
v -15.799392700195312 10.95721435546875 3.932499885559082
v -15.914871215820312 11.04522705078125 3.932499885559082
v -15.938552856445312 11.01654052734375 3.7300000190734863
v -15.938552856445312 11.01654052734375 3.7300000190734863
v -15.819900512695312 10.92724609375 3.7300000190734863
v -15.799392700195312 10.95721435546875 3.932499885559082
v -15.679031372070312 10.88299560546875 3.932499885559082
v -15.799392700195312 10.95721435546875 3.932499885559082
v -15.819900512695312 10.92724609375 3.7300000190734863
v -15.819900512695312 10.92724609375 3.7300000190734863
v -15.696121215820312 10.85174560546875 3.7300000190734863
v -15.679031372070312 10.88299560546875 3.932499885559082
v -15.554031372070312 10.82257080078125 3.932499885559082
v -15.679031372070312 10.88299560546875 3.932499885559082
v -15.696121215820312 10.85174560546875 3.7300000190734863
v -15.696121215820312 10.85174560546875 3.7300000190734863
v -15.567703247070312 10.7899169921875 3.7300000190734863
v -15.554031372070312 10.82257080078125 3.932499885559082
v -15.423904418945312 10.7757568359375 3.932499885559082
v -15.554031372070312 10.82257080078125 3.932499885559082
v -15.567703247070312 10.7899169921875 3.7300000190734863
v -15.567703247070312 10.7899169921875 3.7300000190734863
v -15.434402465820312 10.7418212890625 3.7300000190734863
v -15.423904418945312 10.7757568359375 3.932499885559082
v -15.289138793945312 10.742431640625 3.932499885559082
v -15.423904418945312 10.7757568359375 3.932499885559082
v -15.434402465820312 10.7418212890625 3.7300000190734863
v -15.434402465820312 10.7418212890625 3.7300000190734863
v -15.295974731445312 10.70745849609375 3.7300000190734863
v -15.289138793945312 10.742431640625 3.932499885559082
v -15.149490356445312 10.722900390625 3.932499885559082
v -15.289138793945312 10.742431640625 3.932499885559082
v -15.295974731445312 10.70745849609375 3.7300000190734863
v -15.295974731445312 10.70745849609375 3.7300000190734863
v -15.152908325195312 10.6868896484375 3.7300000190734863
v -15.149490356445312 10.722900390625 3.932499885559082
v -15.004959106445312 10.717041015625 3.932499885559082
v -15.149490356445312 10.722900390625 3.932499885559082
v -15.152908325195312 10.6868896484375 3.7300000190734863
v -15.152908325195312 10.6868896484375 3.7300000190734863
v -15.004714965820312 10.67999267578125 3.7300000190734863
v -15.004959106445312 10.717041015625 3.932499885559082
v -14.776931762695312 10.6937255859375 3.7300000190734863
v -14.783279418945312 10.75042724609375 3.932499885559082
v -15.004959106445312 10.717041015625 3.932499885559082
v -15.004959106445312 10.717041015625 3.932499885559082
v -15.004714965820312 10.67999267578125 3.7300000190734863
v -14.776931762695312 10.6937255859375 3.7300000190734863
v -14.530349731445312 10.73486328125 3.7300000190734863
v -14.543289184570312 10.79595947265625 3.932499885559082
v -14.783279418945312 10.75042724609375 3.932499885559082
v -14.783279418945312 10.75042724609375 3.932499885559082
v -14.776931762695312 10.6937255859375 3.7300000190734863
v -14.530349731445312 10.73486328125 3.7300000190734863
v -14.265213012695312 10.803466796875 3.7300000190734863
v -14.284744262695312 10.8681640625 3.932499885559082
v -14.543289184570312 10.79595947265625 3.932499885559082
v -14.543289184570312 10.79595947265625 3.932499885559082
v -14.530349731445312 10.73486328125 3.7300000190734863
v -14.265213012695312 10.803466796875 3.7300000190734863
v -14.005203247070312 10.9627685546875 3.932499885559082
v -14.284744262695312 10.8681640625 3.932499885559082
v -14.265213012695312 10.803466796875 3.7300000190734863
v -14.265213012695312 10.803466796875 3.7300000190734863
v -13.981765747070312 10.89947509765625 3.7300000190734863
v -14.005203247070312 10.9627685546875 3.932499885559082
v -13.706619262695312 11.08477783203125 3.932499885559082
v -14.005203247070312 10.9627685546875 3.932499885559082
v -13.981765747070312 10.89947509765625 3.7300000190734863
v -13.981765747070312 10.89947509765625 3.7300000190734863
v -13.679519653320312 11.02294921875 3.7300000190734863
v -13.706619262695312 11.08477783203125 3.932499885559082
v -13.388748168945312 11.23431396484375 3.932499885559082
v -13.706619262695312 11.08477783203125 3.932499885559082
v -13.679519653320312 11.02294921875 3.7300000190734863
v -13.679519653320312 11.02294921875 3.7300000190734863
v -13.358474731445312 11.173828125 3.7300000190734863
v -13.388748168945312 11.23431396484375 3.932499885559082
v -13.050857543945312 11.4117431640625 3.932499885559082
v -13.388748168945312 11.23431396484375 3.932499885559082
v -13.358474731445312 11.173828125 3.7300000190734863
v -13.358474731445312 11.173828125 3.7300000190734863
v -13.019119262695312 11.3521728515625 3.7300000190734863
v -13.050857543945312 11.4117431640625 3.932499885559082
v -12.689773559570312 11.6068115234375 3.932499885559082
v -13.050857543945312 11.4117431640625 3.932499885559082
v -13.019119262695312 11.3521728515625 3.7300000190734863
v -13.019119262695312 11.3521728515625 3.7300000190734863
v -12.658035278320312 11.54718017578125 3.7300000190734863
v -12.689773559570312 11.6068115234375 3.932499885559082
v -12.303543090820312 11.80804443359375 3.932499885559082
v -12.689773559570312 11.6068115234375 3.932499885559082
v -12.658035278320312 11.54718017578125 3.7300000190734863
v -12.658035278320312 11.54718017578125 3.7300000190734863
v -12.272781372070312 11.74798583984375 3.7300000190734863
v -12.303543090820312 11.80804443359375 3.932499885559082
v -11.893142700195312 12.01513671875 3.932499885559082
v -12.303543090820312 11.80804443359375 3.932499885559082
v -12.272781372070312 11.74798583984375 3.7300000190734863
v -12.272781372070312 11.74798583984375 3.7300000190734863
v -11.862869262695312 11.9547119140625 3.7300000190734863
v -11.893142700195312 12.01513671875 3.932499885559082
v -11.458084106445312 12.22802734375 3.932499885559082
v -11.893142700195312 12.01513671875 3.932499885559082
v -11.862869262695312 11.9547119140625 3.7300000190734863
v -11.862869262695312 11.9547119140625 3.7300000190734863
v -11.428787231445312 12.167236328125 3.7300000190734863
v -11.458084106445312 12.22802734375 3.932499885559082
v -10.998855590820312 12.44671630859375 3.932499885559082
v -11.458084106445312 12.22802734375 3.932499885559082
v -11.428787231445312 12.167236328125 3.7300000190734863
v -11.428787231445312 12.167236328125 3.7300000190734863
v -10.970291137695312 12.3856201171875 3.7300000190734863
v -10.998855590820312 12.44671630859375 3.932499885559082
v -10.515213012695312 12.6712646484375 3.932499885559082
v -10.998855590820312 12.44671630859375 3.932499885559082
v -10.970291137695312 12.3856201171875 3.7300000190734863
v -10.970291137695312 12.3856201171875 3.7300000190734863
v -10.487136840820312 12.60986328125 3.7300000190734863
v -10.515213012695312 12.6712646484375 3.932499885559082
v -10.007156372070312 12.9017333984375 3.932499885559082
v -10.515213012695312 12.6712646484375 3.932499885559082
v -10.487136840820312 12.60986328125 3.7300000190734863
v -10.487136840820312 12.60986328125 3.7300000190734863
v -9.979812622070312 12.84002685546875 3.7300000190734863
v -10.007156372070312 12.9017333984375 3.932499885559082
v -9.474929809570312 13.13238525390625 3.932499885559082
v -10.007156372070312 12.9017333984375 3.932499885559082
v -9.979812622070312 12.84002685546875 3.7300000190734863
v -9.979812622070312 12.84002685546875 3.7300000190734863
v -9.448806762695312 13.07012939453125 3.7300000190734863
v -9.474929809570312 13.13238525390625 3.932499885559082
v -8.920242309570312 13.357177734375 3.932499885559082
v -9.474929809570312 13.13238525390625 3.932499885559082
v -9.448806762695312 13.07012939453125 3.7300000190734863
v -9.448806762695312 13.07012939453125 3.7300000190734863
v -8.895584106445312 13.29437255859375 3.7300000190734863
v -8.920242309570312 13.357177734375 3.932499885559082
v -8.343093872070312 13.57611083984375 3.932499885559082
v -8.920242309570312 13.357177734375 3.932499885559082
v -8.895584106445312 13.29437255859375 3.7300000190734863
v -8.895584106445312 13.29437255859375 3.7300000190734863
v -8.319656372070312 13.51275634765625 3.7300000190734863
v -8.343093872070312 13.57611083984375 3.932499885559082
v -7.743484973907471 13.78912353515625 3.932499885559082
v -8.343093872070312 13.57611083984375 3.932499885559082
v -8.319656372070312 13.51275634765625 3.7300000190734863
v -8.319656372070312 13.51275634765625 3.7300000190734863
v -7.721512317657471 13.72528076171875 3.7300000190734863
v -7.743484973907471 13.78912353515625 3.932499885559082
v -7.121414661407471 13.9962158203125 3.932499885559082
v -7.743484973907471 13.78912353515625 3.932499885559082
v -7.721512317657471 13.72528076171875 3.7300000190734863
v -7.721512317657471 13.72528076171875 3.7300000190734863
v -7.100662708282471 13.9320068359375 3.7300000190734863
v -7.121414661407471 13.9962158203125 3.932499885559082
v -6.477127552032471 14.19744873046875 3.932499885559082
v -7.121414661407471 13.9962158203125 3.932499885559082
v -7.100662708282471 13.9320068359375 3.7300000190734863
v -7.100662708282471 13.9320068359375 3.7300000190734863
v -6.457596302032471 14.1328125 3.7300000190734863
v -6.477127552032471 14.19744873046875 3.932499885559082
v -5.809891223907471 14.39288330078125 3.932499885559082
v -6.477127552032471 14.19744873046875 3.932499885559082
v -6.457596302032471 14.1328125 3.7300000190734863
v -6.457596302032471 14.1328125 3.7300000190734863
v -5.791824817657471 14.32781982421875 3.7300000190734863
v -5.809891223907471 14.39288330078125 3.932499885559082
v -5.117264270782471 14.5718994140625 3.932499885559082
v -5.809891223907471 14.39288330078125 3.932499885559082
v -5.791824817657471 14.32781982421875 3.7300000190734863
v -5.791824817657471 14.32781982421875 3.7300000190734863
v -5.101883411407471 14.50616455078125 3.7300000190734863
v -5.117264270782471 14.5718994140625 3.932499885559082
v -4.398025989532471 14.723388671875 3.932499885559082
v -5.117264270782471 14.5718994140625 3.932499885559082
v -5.101883411407471 14.50616455078125 3.7300000190734863
v -5.101883411407471 14.50616455078125 3.7300000190734863
v -4.385330677032471 14.65704345703125 3.7300000190734863
v -4.398025989532471 14.723388671875 3.932499885559082
v -3.6524202823638916 14.8472900390625 3.932499885559082
v -4.398025989532471 14.723388671875 3.932499885559082
v -4.385330677032471 14.65704345703125 3.7300000190734863
v -4.385330677032471 14.65704345703125 3.7300000190734863
v -3.6426546573638916 14.780517578125 3.7300000190734863
v -3.6524202823638916 14.8472900390625 3.932499885559082
v -2.8806917667388916 14.94366455078125 3.932499885559082
v -3.6524202823638916 14.8472900390625 3.932499885559082
v -3.6426546573638916 14.780517578125 3.7300000190734863
v -3.6426546573638916 14.780517578125 3.7300000190734863
v -2.8736116886138916 14.87652587890625 3.7300000190734863
v -2.8806917667388916 14.94366455078125 3.932499885559082
v -2.0825960636138916 15.01251220703125 3.932499885559082
v -2.8806917667388916 14.94366455078125 3.932499885559082
v -2.8736116886138916 14.87652587890625 3.7300000190734863
v -2.8736116886138916 14.87652587890625 3.7300000190734863
v -2.0779573917388916 14.94512939453125 3.7300000190734863
v -2.0825960636138916 15.01251220703125 3.932499885559082
v -1.2583773136138916 15.05377197265625 3.932499885559082
v -2.0825960636138916 15.01251220703125 3.932499885559082
v -2.0779573917388916 14.94512939453125 3.7300000190734863
v -2.0779573917388916 14.94512939453125 3.7300000190734863
v -1.2561800479888916 14.98626708984375 3.7300000190734863
v -1.2583773136138916 15.05377197265625 3.932499885559082
v -0.407791405916214 15.0675048828125 3.932499885559082
v -1.2583773136138916 15.05377197265625 3.932499885559082
v -1.2561800479888916 14.98626708984375 3.7300000190734863
v -1.2561800479888916 14.98626708984375 3.7300000190734863
v -0.407791405916214 15.0 3.7300000190734863
v -0.407791405916214 15.0675048828125 3.932499885559082
v 0.235519140958786 15.0576171875 3.932499885559082
v -0.407791405916214 15.0675048828125 3.932499885559082
v -0.407791405916214 15.0 3.7300000190734863
v -0.407791405916214 15.0 3.7300000190734863
v 0.233321875333786 14.99017333984375 3.7300000190734863
v 0.235519140958786 15.0576171875 3.932499885559082
v 0.8485562205314636 15.0279541015625 3.932499885559082
v 0.235519140958786 15.0576171875 3.932499885559082
v 0.233321875333786 14.99017333984375 3.7300000190734863
v 0.233321875333786 14.99017333984375 3.7300000190734863
v 0.8441616892814636 14.9605712890625 3.7300000190734863
v 0.8485562205314636 15.0279541015625 3.932499885559082
v 1.4318082332611084 14.97845458984375 3.932499885559082
v 0.8485562205314636 15.0279541015625 3.932499885559082
v 0.8441616892814636 14.9605712890625 3.7300000190734863
v 0.8441616892814636 14.9605712890625 3.7300000190734863
v 1.4249722957611084 14.91131591796875 3.7300000190734863
v 1.4318082332611084 14.97845458984375 3.932499885559082
v 1.9852750301361084 14.90911865234375 3.932499885559082
v 1.4318082332611084 14.97845458984375 3.932499885559082
v 1.4249722957611084 14.91131591796875 3.7300000190734863
v 1.4249722957611084 14.91131591796875 3.7300000190734863
v 1.9752652645111084 14.84234619140625 3.7300000190734863
v 1.9852750301361084 14.90911865234375 3.932499885559082
v 2.5084683895111084 14.8199462890625 3.932499885559082
v 1.9852750301361084 14.90911865234375 3.932499885559082
v 1.9752652645111084 14.84234619140625 3.7300000190734863
v 1.9752652645111084 14.84234619140625 3.7300000190734863
v 2.4955289363861084 14.753662109375 3.7300000190734863
v 2.5084683895111084 14.8199462890625 3.932499885559082
v 3.0018765926361084 14.7108154296875 3.932499885559082
v 2.5084683895111084 14.8199462890625 3.932499885559082
v 2.4955289363861084 14.753662109375 3.7300000190734863
v 2.4955289363861084 14.753662109375 3.7300000190734863
v 2.9855191707611084 14.645263671875 3.7300000190734863
v 3.0018765926361084 14.7108154296875 3.932499885559082
v 3.4652554988861084 14.5816650390625 3.932499885559082
v 3.0018765926361084 14.7108154296875 3.932499885559082
v 2.9855191707611084 14.645263671875 3.7300000190734863
v 2.9855191707611084 14.645263671875 3.7300000190734863
v 3.4452359676361084 14.5172119140625 3.7300000190734863
v 3.4652554988861084 14.5816650390625 3.932499885559082
v 3.9012906551361084 14.43145751953125 3.932499885559082
v 3.4652554988861084 14.5816650390625 3.932499885559082
v 3.4452359676361084 14.5172119140625 3.7300000190734863
v 3.4452359676361084 14.5172119140625 3.7300000190734863
v 3.8771207332611084 14.36834716796875 3.7300000190734863
v 3.9012906551361084 14.43145751953125 3.932499885559082
v 4.311934947967529 14.2591552734375 3.932499885559082
v 3.9012906551361084 14.43145751953125 3.932499885559082
v 3.8771207332611084 14.36834716796875 3.7300000190734863
v 3.8771207332611084 14.36834716796875 3.7300000190734863
v 4.283614635467529 14.19781494140625 3.7300000190734863
v 4.311934947967529 14.2591552734375 3.932499885559082
v 4.697432994842529 14.064697265625 3.932499885559082
v 4.311934947967529 14.2591552734375 3.932499885559082
v 4.283614635467529 14.19781494140625 3.7300000190734863
v 4.283614635467529 14.19781494140625 3.7300000190734863
v 4.664718151092529 14.00555419921875 3.7300000190734863
v 4.697432994842529 14.064697265625 3.932499885559082
v 5.057296276092529 13.84796142578125 3.932499885559082
v 4.697432994842529 14.064697265625 3.932499885559082
v 4.664718151092529 14.00555419921875 3.7300000190734863
v 4.664718151092529 14.00555419921875 3.7300000190734863
v 5.020186901092529 13.79150390625 3.7300000190734863
v 5.057296276092529 13.84796142578125 3.932499885559082
v 5.391768932342529 13.609130859375 3.932499885559082
v 5.057296276092529 13.84796142578125 3.932499885559082
v 5.020186901092529 13.79150390625 3.7300000190734863
v 5.020186901092529 13.79150390625 3.7300000190734863
v 5.350509166717529 13.5557861328125 3.7300000190734863
v 5.391768932342529 13.609130859375 3.932499885559082
v 5.700850963592529 13.3480224609375 3.932499885559082
v 5.391768932342529 13.609130859375 3.932499885559082
v 5.350509166717529 13.5557861328125 3.7300000190734863
v 5.350509166717529 13.5557861328125 3.7300000190734863
v 5.655196666717529 13.29827880859375 3.7300000190734863
v 5.700850963592529 13.3480224609375 3.932499885559082
v 5.984054088592529 13.06488037109375 3.932499885559082
v 5.700850963592529 13.3480224609375 3.932499885559082
v 5.655196666717529 13.29827880859375 3.7300000190734863
v 5.655196666717529 13.29827880859375 3.7300000190734863
v 5.934249401092529 13.01904296875 3.7300000190734863
v 5.984054088592529 13.06488037109375 3.932499885559082
v 6.243087291717529 12.76043701171875 3.932499885559082
v 5.984054088592529 13.06488037109375 3.932499885559082
v 5.934249401092529 13.01904296875 3.7300000190734863
v 5.934249401092529 13.01904296875 3.7300000190734863
v 6.190108776092529 12.7186279296875 3.7300000190734863
v 6.243087291717529 12.76043701171875 3.932499885559082
v 6.480391979217529 12.43524169921875 3.932499885559082
v 6.243087291717529 12.76043701171875 3.932499885559082
v 6.190108776092529 12.7186279296875 3.7300000190734863
v 6.190108776092529 12.7186279296875 3.7300000190734863
v 6.424483776092529 12.3974609375 3.7300000190734863
v 6.480391979217529 12.43524169921875 3.932499885559082
v 6.695968151092529 12.08929443359375 3.932499885559082
v 6.480391979217529 12.43524169921875 3.932499885559082
v 6.424483776092529 12.3974609375 3.7300000190734863
v 6.424483776092529 12.3974609375 3.7300000190734863
v 6.637374401092529 12.0556640625 3.7300000190734863
v 6.695968151092529 12.08929443359375 3.932499885559082
v 6.889327526092529 11.7225341796875 3.932499885559082
v 6.695968151092529 12.08929443359375 3.932499885559082
v 6.637374401092529 12.0556640625 3.7300000190734863
v 6.637374401092529 12.0556640625 3.7300000190734863
v 6.828780651092529 11.693115234375 3.7300000190734863
v 6.889327526092529 11.7225341796875 3.932499885559082
v 7.061202526092529 11.335205078125 3.932499885559082
v 6.889327526092529 11.7225341796875 3.932499885559082
v 6.828780651092529 11.693115234375 3.7300000190734863
v 6.828780651092529 11.693115234375 3.7300000190734863
v 6.998702526092529 11.30987548828125 3.7300000190734863
v 7.061202526092529 11.335205078125 3.932499885559082
v 7.211104869842529 10.92724609375 3.932499885559082
v 7.061202526092529 11.335205078125 3.932499885559082
v 6.998702526092529 11.30987548828125 3.7300000190734863
v 6.998702526092529 11.30987548828125 3.7300000190734863
v 7.147140026092529 10.9058837890625 3.7300000190734863
v 7.211104869842529 10.92724609375 3.932499885559082
v 7.339278697967529 10.4989013671875 3.932499885559082
v 7.211104869842529 10.92724609375 3.932499885559082
v 7.147140026092529 10.9058837890625 3.7300000190734863
v 7.147140026092529 10.9058837890625 3.7300000190734863
v 7.274093151092529 10.48126220703125 3.7300000190734863
v 7.339278697967529 10.4989013671875 3.932499885559082
v 7.447921276092529 10.05035400390625 3.932499885559082
v 7.339278697967529 10.4989013671875 3.932499885559082
v 7.274093151092529 10.48126220703125 3.7300000190734863
v 7.274093151092529 10.48126220703125 3.7300000190734863
v 7.382003307342529 10.03594970703125 3.7300000190734863
v 7.447921276092529 10.05035400390625 3.932499885559082
v 7.539718151092529 9.58154296875 3.932499885559082
v 7.447921276092529 10.05035400390625 3.932499885559082
v 7.382003307342529 10.03594970703125 3.7300000190734863
v 7.382003307342529 10.03594970703125 3.7300000190734863
v 7.473311901092529 9.5699462890625 3.7300000190734863
v 7.539718151092529 9.58154296875 3.932499885559082
v 7.614913463592529 9.09222412109375 3.932499885559082
v 7.539718151092529 9.58154296875 3.932499885559082
v 7.473311901092529 9.5699462890625 3.7300000190734863
v 7.473311901092529 9.5699462890625 3.7300000190734863
v 7.548018932342529 9.083251953125 3.7300000190734863
v 7.614913463592529 9.09222412109375 3.932499885559082
v 7.673263072967529 8.58245849609375 3.932499885559082
v 7.614913463592529 9.09222412109375 3.932499885559082
v 7.548018932342529 9.083251953125 3.7300000190734863
v 7.548018932342529 9.083251953125 3.7300000190734863
v 7.606124401092529 8.575927734375 3.7300000190734863
v 7.673263072967529 8.58245849609375 3.932499885559082
v 7.715011119842529 8.0521240234375 3.932499885559082
v 7.673263072967529 8.58245849609375 3.932499885559082
v 7.606124401092529 8.575927734375 3.7300000190734863
v 7.606124401092529 8.575927734375 3.7300000190734863
v 7.647628307342529 8.0479736328125 3.7300000190734863
v 7.715011119842529 8.0521240234375 3.932499885559082
v 7.740157604217529 7.5013427734375 3.932499885559082
v 7.715011119842529 8.0521240234375 3.932499885559082
v 7.647628307342529 8.0479736328125 3.7300000190734863
v 7.647628307342529 8.0479736328125 3.7300000190734863
v 7.672530651092529 7.49932861328125 3.7300000190734863
v 7.740157604217529 7.5013427734375 3.932499885559082
v 7.748458385467529 6.93048095703125 3.932499885559082
v 7.740157604217529 7.5013427734375 3.932499885559082
v 7.672530651092529 7.49932861328125 3.7300000190734863
v 7.672530651092529 7.49932861328125 3.7300000190734863
v 7.680831432342529 6.92999267578125 3.7300000190734863
v 7.748458385467529 6.93048095703125 3.932499885559082
v 7.680831432342529 4.59002685546875 3.7300000190734863
v 7.746505260467529 4.53863525390625 3.932499885559082
v 7.748458385467529 6.93048095703125 3.932499885559082
v 7.748458385467529 6.93048095703125 3.932499885559082
v 7.680831432342529 6.92999267578125 3.7300000190734863
v 7.680831432342529 4.59002685546875 3.7300000190734863
v 10.117599487304688 -22.63055419921875 0.06750011444091797
v 10.267501831054688 -22.721435546875 0.06750011444091797
v 10.245285034179688 -22.7606201171875 0.26999998092651367
v 10.245285034179688 -22.7606201171875 0.26999998092651367
v 10.093185424804688 -22.66424560546875 0.26999998092651367
v 10.117599487304688 -22.63055419921875 0.06750011444091797
v 9.991622924804688 -22.5301513671875 0.06750011444091797
v 10.117599487304688 -22.63055419921875 0.06750011444091797
v 10.093185424804688 -22.66424560546875 0.26999998092651367
v 10.093185424804688 -22.66424560546875 0.26999998092651367
v 9.964767456054688 -22.55908203125 0.26999998092651367
v 9.991622924804688 -22.5301513671875 0.06750011444091797
v 10.441085815429688 -22.803466796875 0.06750011444091797
v 10.638351440429688 -22.87664794921875 0.06750011444091797
v 10.620285034179688 -22.92718505859375 0.26999998092651367
v 10.620285034179688 -22.92718505859375 0.26999998092651367
v 10.421066284179688 -22.8482666015625 0.2700002193450928
v 10.441085815429688 -22.803466796875 0.06750011444091797
v 10.267501831054688 -22.721435546875 0.06750011444091797
v 10.441085815429688 -22.803466796875 0.06750011444091797
v 10.421066284179688 -22.8482666015625 0.2700002193450928
v 10.421066284179688 -22.8482666015625 0.2700002193450928
v 10.245285034179688 -22.7606201171875 0.26999998092651367
v 10.267501831054688 -22.721435546875 0.06750011444091797
v 10.859054565429688 -22.94110107421875 0.06750011444091797
v 11.103439331054688 -22.9967041015625 0.06750011444091797
v 11.089767456054688 -23.05865478515625 0.26999998092651367
v 11.089767456054688 -23.05865478515625 0.26999998092651367
v 10.843185424804688 -22.997314453125 0.2700002193450928
v 10.859054565429688 -22.94110107421875 0.06750011444091797
v 10.638351440429688 -22.87664794921875 0.06750011444091797
v 10.859054565429688 -22.94110107421875 0.06750011444091797
v 10.843185424804688 -22.997314453125 0.2700002193450928
v 10.843185424804688 -22.997314453125 0.2700002193450928
v 10.620285034179688 -22.92718505859375 0.26999998092651367
v 10.638351440429688 -22.87664794921875 0.06750011444091797
v 11.371017456054688 -23.044677734375 0.06750011444091797
v 11.673995971679688 -23.08905029296875 0.06750011444091797
v 11.665451049804688 -23.156005859375 0.2700002193450928
v 11.665451049804688 -23.156005859375 0.2700002193450928
v 11.359542846679688 -23.11126708984375 0.2700002193450928
v 11.371017456054688 -23.044677734375 0.06750011444091797
v 11.103439331054688 -22.9967041015625 0.06750011444091797
v 11.371017456054688 -23.044677734375 0.06750011444091797
v 11.359542846679688 -23.11126708984375 0.2700002193450928
v 11.359542846679688 -23.11126708984375 0.2700002193450928
v 11.089767456054688 -23.05865478515625 0.26999998092651367
v 11.103439331054688 -22.9967041015625 0.06750011444091797
v 12.025558471679688 -23.126708984375 0.06750011444091797
v 12.425704956054688 -23.15753173828125 0.06750011444091797
v 12.421310424804688 -23.22491455078125 0.26999998092651367
v 12.421310424804688 -23.22491455078125 0.26999998092651367
v 12.019454956054688 -23.19390869140625 0.2700002193450928
v 12.025558471679688 -23.126708984375 0.06750011444091797
v 11.673995971679688 -23.08905029296875 0.06750011444091797
v 12.025558471679688 -23.126708984375 0.06750011444091797
v 12.019454956054688 -23.19390869140625 0.2700002193450928
v 12.019454956054688 -23.19390869140625 0.2700002193450928
v 11.665451049804688 -23.156005859375 0.2700002193450928
v 11.673995971679688 -23.08905029296875 0.06750011444091797
v 12.874191284179688 -23.18157958984375 0.06750011444091797
v 13.371261596679688 -23.19873046875 0.06750011444091797
v 13.369308471679688 -23.2662353515625 0.2700002193450928
v 13.369308471679688 -23.2662353515625 0.2700002193450928
v 12.871261596679688 -23.2490234375 0.2700002193450928
v 12.874191284179688 -23.18157958984375 0.06750011444091797
v 12.425704956054688 -23.15753173828125 0.06750011444091797
v 12.874191284179688 -23.18157958984375 0.06750011444091797
v 12.871261596679688 -23.2490234375 0.2700002193450928
v 12.871261596679688 -23.2490234375 0.2700002193450928
v 12.421310424804688 -23.22491455078125 0.26999998092651367
v 12.425704956054688 -23.15753173828125 0.06750011444091797
v 13.916183471679688 -23.20904541015625 0.06750011444091797
v 14.509689331054688 -23.2125244140625 0.06750011444091797
v 14.509689331054688 -23.280029296875 0.26999998092651367
v 14.509689331054688 -23.280029296875 0.26999998092651367
v 13.915451049804688 -23.27655029296875 0.26999998092651367
v 13.916183471679688 -23.20904541015625 0.06750011444091797
v 13.371261596679688 -23.19873046875 0.06750011444091797
v 13.916183471679688 -23.20904541015625 0.06750011444091797
v 13.915451049804688 -23.27655029296875 0.26999998092651367
v 13.915451049804688 -23.27655029296875 0.26999998092651367
v 13.369308471679688 -23.2662353515625 0.2700002193450928
v 13.371261596679688 -23.19873046875 0.06750011444091797
v 15.066085815429688 -23.2091064453125 0.06750011444091797
v 15.582199096679688 -23.1988525390625 0.06750011444091797
v 15.584152221679688 -23.26629638671875 0.2700002193450928
v 15.584152221679688 -23.26629638671875 0.2700002193450928
v 15.067062377929688 -23.27655029296875 0.2700002193450928
v 15.066085815429688 -23.2091064453125 0.06750011444091797
v 14.509689331054688 -23.2125244140625 0.06750011444091797
v 15.066085815429688 -23.2091064453125 0.06750011444091797
v 15.067062377929688 -23.27655029296875 0.2700002193450928
v 15.067062377929688 -23.27655029296875 0.2700002193450928
v 14.509689331054688 -23.280029296875 0.26999998092651367
v 14.509689331054688 -23.2125244140625 0.06750011444091797
v 16.057785034179688 -23.1817626953125 0.06750011444091797
v 16.492843627929688 -23.1578369140625 0.06750011444091797
v 16.497238159179688 -23.2252197265625 0.26999998092651367
v 16.497238159179688 -23.2252197265625 0.26999998092651367
v 16.060714721679688 -23.24920654296875 0.26999998092651367
v 16.057785034179688 -23.1817626953125 0.06750011444091797
v 15.582199096679688 -23.1988525390625 0.06750011444091797
v 16.057785034179688 -23.1817626953125 0.06750011444091797
v 16.060714721679688 -23.24920654296875 0.26999998092651367
v 16.060714721679688 -23.24920654296875 0.26999998092651367
v 15.584152221679688 -23.26629638671875 0.2700002193450928
v 15.582199096679688 -23.1988525390625 0.06750011444091797
v 16.887374877929688 -23.12713623046875 0.06750011444091797
v 17.241134643554688 -23.0897216796875 0.06750011444091797
v 17.249435424804688 -23.15673828125 0.26999998092651367
v 17.249435424804688 -23.15673828125 0.26999998092651367
v 16.893478393554688 -23.19439697265625 0.2700002193450928
v 16.887374877929688 -23.12713623046875 0.06750011444091797
v 16.492843627929688 -23.1578369140625 0.06750011444091797
v 16.887374877929688 -23.12713623046875 0.06750011444091797
v 16.893478393554688 -23.19439697265625 0.2700002193450928
v 16.893478393554688 -23.19439697265625 0.2700002193450928
v 16.497238159179688 -23.2252197265625 0.26999998092651367
v 16.492843627929688 -23.1578369140625 0.06750011444091797
v 17.554122924804688 -23.0455322265625 0.06750011444091797
v 17.835372924804688 -22.99407958984375 0.06750011444091797
v 17.849044799804688 -23.059814453125 0.26999998092651367
v 17.849044799804688 -23.059814453125 0.26999998092651367
v 17.564865112304688 -23.1121826171875 0.26999998092651367
v 17.554122924804688 -23.0455322265625 0.06750011444091797
v 17.241134643554688 -23.0897216796875 0.06750011444091797
v 17.554122924804688 -23.0455322265625 0.06750011444091797
v 17.564865112304688 -23.1121826171875 0.26999998092651367
v 17.564865112304688 -23.1121826171875 0.26999998092651367
v 17.249435424804688 -23.15673828125 0.26999998092651367
v 17.241134643554688 -23.0897216796875 0.06750011444091797
v 18.110763549804688 -22.99871826171875 0.26999998092651367
v 18.094894409179688 -22.9384765625 0.06750011444091797
v 18.331710815429688 -22.8740234375 0.06750011444091797
v 18.331710815429688 -22.8740234375 0.06750011444091797
v 18.349777221679688 -22.92877197265625 0.26999998092651367
v 18.110763549804688 -22.99871826171875 0.26999998092651367
v 17.849044799804688 -23.059814453125 0.26999998092651367
v 17.835372924804688 -22.99407958984375 0.06750011444091797
v 18.094894409179688 -22.9384765625 0.06750011444091797
v 18.094894409179688 -22.9384765625 0.06750011444091797
v 18.110763549804688 -22.99871826171875 0.26999998092651367
v 17.849044799804688 -23.059814453125 0.26999998092651367
v 18.566085815429688 -22.8499755859375 0.2700002193450928
v 18.546066284179688 -22.80072021484375 0.06750011444091797
v 18.737716674804688 -22.7186279296875 0.06750011444091797
v 18.737716674804688 -22.7186279296875 0.06750011444091797
v 18.759933471679688 -22.762451171875 0.26999998092651367
v 18.566085815429688 -22.8499755859375 0.2700002193450928
v 18.349777221679688 -22.92877197265625 0.26999998092651367
v 18.331710815429688 -22.8740234375 0.06750011444091797
v 18.546066284179688 -22.80072021484375 0.06750011444091797
v 18.546066284179688 -22.80072021484375 0.06750011444091797
v 18.566085815429688 -22.8499755859375 0.2700002193450928
v 18.349777221679688 -22.92877197265625 0.26999998092651367
v 18.931320190429688 -22.66607666015625 0.26999998092651367
v 18.906906127929688 -22.62762451171875 0.06750011444091797
v 19.053146362304688 -22.52734375 0.06750011444091797
v 19.053146362304688 -22.52734375 0.06750011444091797
v 19.080001831054688 -22.5609130859375 0.2700002193450928
v 18.931320190429688 -22.66607666015625 0.26999998092651367
v 18.759933471679688 -22.762451171875 0.26999998092651367
v 18.737716674804688 -22.7186279296875 0.06750011444091797
v 18.906906127929688 -22.62762451171875 0.06750011444091797
v 18.906906127929688 -22.62762451171875 0.06750011444091797
v 18.931320190429688 -22.66607666015625 0.26999998092651367
v 18.759933471679688 -22.762451171875 0.26999998092651367
v 19.177658081054688 -22.41650390625 0.06750011444091797
v 19.282394409179688 -22.2939453125 0.06750011444091797
v 19.315597534179688 -22.318359375 0.26999998092651367
v 19.315597534179688 -22.318359375 0.26999998092651367
v 19.207443237304688 -22.44549560546875 0.26999998092651367
v 19.177658081054688 -22.41650390625 0.06750011444091797
v 19.080001831054688 -22.5609130859375 0.2700002193450928
v 19.053146362304688 -22.52734375 0.06750011444091797
v 19.177658081054688 -22.41650390625 0.06750011444091797
v 19.177658081054688 -22.41650390625 0.06750011444091797
v 19.207443237304688 -22.44549560546875 0.26999998092651367
v 19.080001831054688 -22.5609130859375 0.2700002193450928
v 19.367599487304688 -22.1597900390625 0.06750011444091797
v 19.433761596679688 -22.01416015625 0.06750011444091797
v 19.472579956054688 -22.02874755859375 0.26999998092651367
v 19.472579956054688 -22.02874755859375 0.26999998092651367
v 19.403976440429688 -22.17938232421875 0.2700002193450928
v 19.367599487304688 -22.1597900390625 0.06750011444091797
v 19.282394409179688 -22.2939453125 0.06750011444091797
v 19.367599487304688 -22.1597900390625 0.06750011444091797
v 19.403976440429688 -22.17938232421875 0.2700002193450928
v 19.403976440429688 -22.17938232421875 0.2700002193450928
v 19.315597534179688 -22.318359375 0.26999998092651367
v 19.282394409179688 -22.2939453125 0.06750011444091797
v 19.480392456054688 -21.85662841796875 0.06750011444091797
v 19.507247924804688 -21.68731689453125 0.06750011444091797
v 19.551193237304688 -21.692138671875 0.2700002193450928
v 19.551193237304688 -21.692138671875 0.2700002193450928
v 19.521652221679688 -21.8663330078125 0.26999998092651367
v 19.480392456054688 -21.85662841796875 0.06750011444091797
v 19.433761596679688 -22.01416015625 0.06750011444091797
v 19.480392456054688 -21.85662841796875 0.06750011444091797
v 19.521652221679688 -21.8663330078125 0.26999998092651367
v 19.521652221679688 -21.8663330078125 0.26999998092651367
v 19.472579956054688 -22.02874755859375 0.26999998092651367
v 19.433761596679688 -22.01416015625 0.06750011444091797
v 19.514328002929688 -21.5050048828125 0.06750011444091797
v 19.494552612304688 -16.33575439453125 0.06750011444091797
v 19.560958862304688 -16.323974609375 0.26999998092651367
v 19.560958862304688 -16.323974609375 0.26999998092651367
v 19.560958862304688 -21.5062255859375 0.26999998092651367
v 19.514328002929688 -21.5050048828125 0.06750011444091797
v 19.507247924804688 -21.68731689453125 0.06750011444091797
v 19.514328002929688 -21.5050048828125 0.06750011444091797
v 19.560958862304688 -21.5062255859375 0.26999998092651367
v 19.560958862304688 -21.5062255859375 0.26999998092651367
v 19.551193237304688 -21.692138671875 0.2700002193450928
v 19.507247924804688 -21.68731689453125 0.06750011444091797
v 9.555831909179688 -18.3656005859375 0.26999998092651367
v 9.622482299804688 -18.286376953125 0.06750011444091797
v 9.602462768554688 -21.50335693359375 0.06750011444091797
v 9.602462768554688 -21.50335693359375 0.06750011444091797
v 9.555831909179688 -21.50439453125 0.26999998092651367
v 9.555831909179688 -18.3656005859375 0.26999998092651367
v 9.564132690429688 -21.6903076171875 0.26999998092651367
v 9.608078002929688 -21.6861572265625 0.06750011444091797
v 9.630294799804688 -21.85626220703125 0.06750011444091797
v 9.630294799804688 -21.85626220703125 0.06750011444091797
v 9.589279174804688 -21.86444091796875 0.26999998092651367
v 9.564132690429688 -21.6903076171875 0.26999998092651367
v 9.555831909179688 -21.50439453125 0.26999998092651367
v 9.602462768554688 -21.50335693359375 0.06750011444091797
v 9.608078002929688 -21.6861572265625 0.06750011444091797
v 9.608078002929688 -21.6861572265625 0.06750011444091797
v 9.564132690429688 -21.6903076171875 0.26999998092651367
v 9.555831909179688 -21.50439453125 0.26999998092651367
v 9.669357299804688 -22.0145263671875 0.06750011444091797
v 9.725265502929688 -22.1610107421875 0.06750011444091797
v 9.689376831054688 -22.17755126953125 0.2700002193450928
v 9.689376831054688 -22.17755126953125 0.2700002193450928
v 9.631027221679688 -22.02685546875 0.26999998092651367
v 9.669357299804688 -22.0145263671875 0.06750011444091797
v 9.589279174804688 -21.86444091796875 0.26999998092651367
v 9.630294799804688 -21.85626220703125 0.06750011444091797
v 9.669357299804688 -22.0145263671875 0.06750011444091797
v 9.669357299804688 -22.0145263671875 0.06750011444091797
v 9.631027221679688 -22.02685546875 0.26999998092651367
v 9.589279174804688 -21.86444091796875 0.26999998092651367
v 9.725265502929688 -22.1610107421875 0.06750011444091797
v 9.797775268554688 -22.295654296875 0.06750011444091797
v 9.764328002929688 -22.31646728515625 0.26999998092651367
v 9.764328002929688 -22.31646728515625 0.26999998092651367
v 9.689376831054688 -22.17755126953125 0.2700002193450928
v 9.725265502929688 -22.1610107421875 0.06750011444091797
v 9.886398315429688 -22.418701171875 0.06750011444091797
v 9.991622924804688 -22.5301513671875 0.06750011444091797
v 9.964767456054688 -22.55908203125 0.26999998092651367
v 9.964767456054688 -22.55908203125 0.26999998092651367
v 9.856124877929688 -22.44366455078125 0.26999998092651367
v 9.886398315429688 -22.418701171875 0.06750011444091797
v 9.797775268554688 -22.295654296875 0.06750011444091797
v 9.886398315429688 -22.418701171875 0.06750011444091797
v 9.856124877929688 -22.44366455078125 0.26999998092651367
v 9.856124877929688 -22.44366455078125 0.26999998092651367
v 9.764328002929688 -22.31646728515625 0.26999998092651367
v 9.797775268554688 -22.295654296875 0.06750011444091797
v -11.770584106445312 -22.595458984375 0.06750011444091797
v -11.005447387695312 -22.89996337890625 0.06750011444091797
v -11.028884887695312 -22.96337890625 0.26999998092651367
v -11.028884887695312 -22.96337890625 0.26999998092651367
v -11.797195434570312 -22.657470703125 0.2700002193450928
v -11.770584106445312 -22.595458984375 0.06750011444091797
v -12.504226684570312 -22.2559814453125 0.06750011444091797
v -11.770584106445312 -22.595458984375 0.06750011444091797
v -11.797195434570312 -22.657470703125 0.2700002193450928
v -11.797195434570312 -22.657470703125 0.2700002193450928
v -12.534255981445312 -22.31646728515625 0.26999998092651367
v -12.504226684570312 -22.2559814453125 0.06750011444091797
v -10.209060668945312 -23.16961669921875 0.06750011444091797
v -9.385574340820312 -23.40374755859375 0.06750011444091797
v -9.402420043945312 -23.4691162109375 0.26999998092651367
v -9.402420043945312 -23.4691162109375 0.26999998092651367
v -10.229080200195312 -23.23406982421875 0.26999998092651367
v -10.209060668945312 -23.16961669921875 0.06750011444091797
v -11.005447387695312 -22.89996337890625 0.06750011444091797
v -10.209060668945312 -23.16961669921875 0.06750011444091797
v -10.229080200195312 -23.23406982421875 0.26999998092651367
v -10.229080200195312 -23.23406982421875 0.26999998092651367
v -11.028884887695312 -22.96337890625 0.26999998092651367
v -11.005447387695312 -22.89996337890625 0.06750011444091797
v -8.539382934570312 -23.6019287109375 0.06750011444091797
v -7.670731067657471 -23.76409912109375 0.06750011444091797
v -7.681717395782471 -23.8306884765625 0.26999998092651367
v -7.681717395782471 -23.8306884765625 0.26999998092651367
v -8.553298950195312 -23.66796875 0.26999998092651367
v -8.539382934570312 -23.6019287109375 0.06750011444091797
v -9.385574340820312 -23.40374755859375 0.06750011444091797
v -8.539382934570312 -23.6019287109375 0.06750011444091797
v -8.553298950195312 -23.66796875 0.26999998092651367
v -8.553298950195312 -23.66796875 0.26999998092651367
v -9.402420043945312 -23.4691162109375 0.26999998092651367
v -9.385574340820312 -23.40374755859375 0.06750011444091797
v -6.779617786407471 -23.8902587890625 0.06750011444091797
v -5.865799427032471 -23.9803466796875 0.06750011444091797
v -5.871170520782471 -24.04766845703125 0.26999998092651367
v -5.871170520782471 -24.04766845703125 0.26999998092651367
v -6.787674427032471 -23.957275390625 0.26999998092651367
v -6.779617786407471 -23.8902587890625 0.06750011444091797
v -7.670731067657471 -23.76409912109375 0.06750011444091797
v -6.779617786407471 -23.8902587890625 0.06750011444091797
v -6.787674427032471 -23.957275390625 0.26999998092651367
v -6.787674427032471 -23.957275390625 0.26999998092651367
v -7.681717395782471 -23.8306884765625 0.26999998092651367
v -7.670731067657471 -23.76409912109375 0.06750011444091797
v -4.929275989532471 -24.03448486328125 0.06750011444091797
v -3.9707796573638916 -24.052490234375 0.06750011444091797
v -3.9702913761138916 -24.1199951171875 0.26999998092651367
v -3.9702913761138916 -24.1199951171875 0.26999998092651367
v -4.931961536407471 -24.1019287109375 0.26999998092651367
v -4.929275989532471 -24.03448486328125 0.06750011444091797
v -5.865799427032471 -23.9803466796875 0.06750011444091797
v -4.929275989532471 -24.03448486328125 0.06750011444091797
v -4.931961536407471 -24.1019287109375 0.26999998092651367
v -4.931961536407471 -24.1019287109375 0.26999998092651367
v -5.871170520782471 -24.04766845703125 0.26999998092651367
v -5.865799427032471 -23.9803466796875 0.06750011444091797
v -2.8108675479888916 -24.02001953125 0.06750011444091797
v -1.6817171573638916 -23.922607421875 0.06750011444091797
v -1.6739046573638916 -23.98968505859375 0.26999998092651367
v -1.6739046573638916 -23.98968505859375 0.26999998092651367
v -2.8069612979888916 -24.08740234375 0.26999998092651367
v -2.8108675479888916 -24.02001953125 0.06750011444091797
v -3.9707796573638916 -24.052490234375 0.06750011444091797
v -2.8108675479888916 -24.02001953125 0.06750011444091797
v -2.8069612979888916 -24.08740234375 0.26999998092651367
v -2.8069612979888916 -24.08740234375 0.26999998092651367
v -3.9702913761138916 -24.1199951171875 0.26999998092651367
v -3.9707796573638916 -24.052490234375 0.06750011444091797
v -0.5830844044685364 -23.76031494140625 0.06750011444091797
v 0.485030859708786 -23.5330810546875 0.06750011444091797
v 0.5011441111564636 -23.59869384765625 0.26999998092651367
v 0.5011441111564636 -23.59869384765625 0.26999998092651367
v -0.5711215138435364 -23.8267822265625 0.26999998092651367
v -0.5830844044685364 -23.76031494140625 0.06750011444091797
v -1.6817171573638916 -23.922607421875 0.06750011444091797
v -0.5830844044685364 -23.76031494140625 0.06750011444091797
v -0.5711215138435364 -23.8267822265625 0.26999998092651367
v -0.5711215138435364 -23.8267822265625 0.26999998092651367
v -1.6739046573638916 -23.98968505859375 0.26999998092651367
v -1.6817171573638916 -23.922607421875 0.06750011444091797
v 1.5228726863861084 -23.24102783203125 0.06750011444091797
v 2.5301969051361084 -22.8841552734375 0.06750011444091797
v 2.5548551082611084 -22.947021484375 0.26999998092651367
v 2.5548551082611084 -22.947021484375 0.26999998092651367
v 1.5431363582611084 -23.305419921875 0.2700002193450928
v 1.5228726863861084 -23.24102783203125 0.06750011444091797
v 0.485030859708786 -23.5330810546875 0.06750011444091797
v 1.5228726863861084 -23.24102783203125 0.06750011444091797
v 1.5431363582611084 -23.305419921875 0.2700002193450928
v 1.5431363582611084 -23.305419921875 0.2700002193450928
v 0.5011441111564636 -23.59869384765625 0.26999998092651367
v 0.485030859708786 -23.5330810546875 0.06750011444091797
v 3.5074918270111084 -22.4622802734375 0.06750011444091797
v 4.455001354217529 -21.98272705078125 0.06750011444091797
v 4.487227916717529 -22.04205322265625 0.2700002193450928
v 4.487227916717529 -22.04205322265625 0.2700002193450928
v 3.5363004207611084 -22.5234375 0.26999998092651367
v 3.5074918270111084 -22.4622802734375 0.06750011444091797
v 2.5301969051361084 -22.8841552734375 0.06750011444091797
v 3.5074918270111084 -22.4622802734375 0.06750011444091797
v 3.5363004207611084 -22.5234375 0.26999998092651367
v 3.5363004207611084 -22.5234375 0.26999998092651367
v 2.5548551082611084 -22.947021484375 0.26999998092651367
v 2.5301969051361084 -22.8841552734375 0.06750011444091797
v 5.372481822967529 -21.45281982421875 0.06750011444091797
v 6.259688854217529 -20.8726806640625 0.06750011444091797
v 6.298263072967529 -20.92816162109375 0.26999998092651367
v 6.298263072967529 -20.92816162109375 0.26999998092651367
v 5.407882213592529 -21.51031494140625 0.26999998092651367
v 5.372481822967529 -21.45281982421875 0.06750011444091797
v 4.455001354217529 -21.98272705078125 0.06750011444091797
v 5.372481822967529 -21.45281982421875 0.06750011444091797
v 5.407882213592529 -21.51031494140625 0.26999998092651367
v 5.407882213592529 -21.51031494140625 0.26999998092651367
v 4.487227916717529 -22.04205322265625 0.2700002193450928
v 4.455001354217529 -21.98272705078125 0.06750011444091797
v 7.116622447967529 -20.24237060546875 0.06750011444091797
v 7.943526744842529 -19.56170654296875 0.06750011444091797
v 7.987716197967529 -19.6126708984375 0.26999998092651367
v 7.987716197967529 -19.6126708984375 0.26999998092651367
v 7.158126354217529 -20.295654296875 0.26999998092651367
v 7.116622447967529 -20.24237060546875 0.06750011444091797
v 6.259688854217529 -20.8726806640625 0.06750011444091797
v 7.116622447967529 -20.24237060546875 0.06750011444091797
v 7.158126354217529 -20.295654296875 0.26999998092651367
v 7.158126354217529 -20.295654296875 0.26999998092651367
v 6.298263072967529 -20.92816162109375 0.26999998092651367
v 6.259688854217529 -20.8726806640625 0.06750011444091797
v 8.740158081054688 -18.830810546875 0.06750011444091797
v 9.397872924804688 -18.1746826171875 0.06750011444091797
v 9.366867065429688 -18.288330078125 0.26999998092651367
v 9.366867065429688 -18.288330078125 0.26999998092651367
v 8.787033081054688 -18.87933349609375 0.26999998092651367
v 8.740158081054688 -18.830810546875 0.06750011444091797
v 7.943526744842529 -19.56170654296875 0.06750011444091797
v 8.740158081054688 -18.830810546875 0.06750011444091797
v 8.787033081054688 -18.87933349609375 0.26999998092651367
v 8.787033081054688 -18.87933349609375 0.26999998092651367
v 7.987716197967529 -19.6126708984375 0.26999998092651367
v 7.943526744842529 -19.56170654296875 0.06750011444091797
v 7.498458385467529 -10.72149658203125 0.2700002193450928
v 7.560225963592529 -10.73724365234375 0.06750011444091797
v 7.099776744842529 -11.2559814453125 0.06750011444091797
v 7.099776744842529 -11.2559814453125 0.06750011444091797
v 7.050704479217529 -11.20953369140625 0.26999998092651367
v 7.498458385467529 -10.72149658203125 0.2700002193450928
v 7.099776744842529 -11.2559814453125 0.06750011444091797
v 6.470870494842529 -11.89593505859375 0.06750011444091797
v 6.423507213592529 -11.84771728515625 0.26999998092651367
v 6.423507213592529 -11.84771728515625 0.26999998092651367
v 7.050704479217529 -11.20953369140625 0.26999998092651367
v 7.099776744842529 -11.2559814453125 0.06750011444091797
v 6.470870494842529 -11.89593505859375 0.06750011444091797
v 5.844405651092529 -12.48712158203125 0.06750011444091797
v 5.799239635467529 -12.43707275390625 0.26999998092651367
v 5.799239635467529 -12.43707275390625 0.26999998092651367
v 6.423507213592529 -11.84771728515625 0.26999998092651367
v 6.470870494842529 -11.89593505859375 0.06750011444091797
v 5.844405651092529 -12.48712158203125 0.06750011444091797
v 5.220870494842529 -13.02947998046875 0.06750011444091797
v 5.177657604217529 -12.97760009765625 0.26999998092651367
v 5.177657604217529 -12.97760009765625 0.26999998092651367
v 5.799239635467529 -12.43707275390625 0.26999998092651367
v 5.844405651092529 -12.48712158203125 0.06750011444091797
v 5.220870494842529 -13.02947998046875 0.06750011444091797
v 4.600020885467529 -13.52313232421875 0.06750011444091797
v 4.559249401092529 -13.46929931640625 0.26999998092651367
v 4.559249401092529 -13.46929931640625 0.26999998092651367
v 5.177657604217529 -12.97760009765625 0.26999998092651367
v 5.220870494842529 -13.02947998046875 0.06750011444091797
v 4.600020885467529 -13.52313232421875 0.06750011444091797
v 3.9816129207611084 -13.968017578125 0.06750011444091797
v 3.9435269832611084 -13.91217041015625 0.26999998092651367
v 3.9435269832611084 -13.91217041015625 0.26999998092651367
v 4.559249401092529 -13.46929931640625 0.26999998092651367
v 4.600020885467529 -13.52313232421875 0.06750011444091797
v 3.9816129207611084 -13.968017578125 0.06750011444091797
v 3.3656461238861084 -14.36419677734375 0.06750011444091797
v 3.3309781551361084 -14.3062744140625 0.26999998092651367
v 3.3309781551361084 -14.3062744140625 0.26999998092651367
v 3.9435269832611084 -13.91217041015625 0.26999998092651367
v 3.9816129207611084 -13.968017578125 0.06750011444091797
v 3.3656461238861084 -14.36419677734375 0.06750011444091797
v 2.7416226863861084 -14.70977783203125 0.06750011444091797
v 2.7113492488861084 -14.64947509765625 0.26999998092651367
v 2.7113492488861084 -14.64947509765625 0.26999998092651367
v 3.3309781551361084 -14.3062744140625 0.26999998092651367
v 3.3656461238861084 -14.36419677734375 0.06750011444091797
v 2.7416226863861084 -14.70977783203125 0.06750011444091797
v 2.1005094051361084 -15.00244140625 0.06750011444091797
v 2.0751187801361084 -14.93994140625 0.26999998092651367
v 2.0751187801361084 -14.93994140625 0.26999998092651367
v 2.7113492488861084 -14.64947509765625 0.26999998092651367
v 2.7416226863861084 -14.70977783203125 0.06750011444091797
v 2.1005094051361084 -15.00244140625 0.06750011444091797
v 1.4425504207611084 -15.24188232421875 0.06750011444091797
v 1.4220426082611084 -15.17755126953125 0.26999998092651367
v 1.4220426082611084 -15.17755126953125 0.26999998092651367
v 2.0751187801361084 -14.93994140625 0.26999998092651367
v 2.1005094051361084 -15.00244140625 0.06750011444091797
v 1.4425504207611084 -15.24188232421875 0.06750011444091797
v 0.7677456736564636 -15.42816162109375 0.06750011444091797
v 0.7523648142814636 -15.36236572265625 0.26999998092651367
v 0.7523648142814636 -15.36236572265625 0.26999998092651367
v 1.4220426082611084 -15.17755126953125 0.26999998092651367
v 1.4425504207611084 -15.24188232421875 0.06750011444091797
v 0.7677456736564636 -15.42816162109375 0.06750011444091797
v 0.07633945345878601 -15.5611572265625 0.06750011444091797
v 0.06608554720878601 -15.494384765625 0.26999998092651367
v 0.06608554720878601 -15.494384765625 0.26999998092651367
v 0.7523648142814636 -15.36236572265625 0.26999998092651367
v 0.7677456736564636 -15.42816162109375 0.06750011444091797
v 0.07633945345878601 -15.5611572265625 0.06750011444091797
v -0.6319125294685364 -15.64093017578125 0.06750011444091797
v -0.6367953419685364 -15.5736083984375 0.26999998092651367
v -0.6367953419685364 -15.5736083984375 0.26999998092651367
v 0.06608554720878601 -15.494384765625 0.26999998092651367
v 0.07633945345878601 -15.5611572265625 0.06750011444091797
v -0.6319125294685364 -15.64093017578125 0.06750011444091797
v -1.3565218448638916 -15.66754150390625 0.06750011444091797
v -1.3565218448638916 -15.5999755859375 0.26999998092651367
v -1.3565218448638916 -15.5999755859375 0.26999998092651367
v -0.6367953419685364 -15.5736083984375 0.26999998092651367
v -0.6319125294685364 -15.64093017578125 0.06750011444091797
v -1.3565218448638916 -15.66754150390625 0.06750011444091797
v -2.2005159854888916 -15.63604736328125 0.06750011444091797
v -2.1953890323638916 -15.5687255859375 0.26999998092651367
v -2.1953890323638916 -15.5687255859375 0.26999998092651367
v -1.3565218448638916 -15.5999755859375 0.26999998092651367
v -1.3565218448638916 -15.66754150390625 0.06750011444091797
v -2.2005159854888916 -15.63604736328125 0.06750011444091797
v -2.9910433292388916 -15.54150390625 0.06750011444091797
v -2.9800570011138916 -15.474853515625 0.26999998092651367
v -2.9800570011138916 -15.474853515625 0.26999998092651367
v -2.1953890323638916 -15.5687255859375 0.26999998092651367
v -2.2005159854888916 -15.63604736328125 0.06750011444091797
v 2.2447965145111084 -3.18133544921875 0.06750011444091797
v 3.0660855770111084 -3.1724853515625 0.06750011444091797
v 3.0665738582611084 -3.239990234375 0.26999998092651367
v 3.0665738582611084 -3.239990234375 0.26999998092651367
v 2.2462613582611084 -3.248779296875 0.26999998092651367
v 2.2447965145111084 -3.18133544921875 0.06750011444091797
v 1.4584195613861084 -3.207763671875 0.06750011444091797
v 2.2447965145111084 -3.18133544921875 0.06750011444091797
v 2.2462613582611084 -3.248779296875 0.26999998092651367
v 2.2462613582611084 -3.248779296875 0.26999998092651367
v 1.4613492488861084 -3.27520751953125 0.26999998092651367
v 1.4584195613861084 -3.207763671875 0.06750011444091797
v 0.7069546580314636 -3.25189208984375 0.06750011444091797
v 1.4584195613861084 -3.207763671875 0.06750011444091797
v 1.4613492488861084 -3.27520751953125 0.26999998092651367
v 1.4613492488861084 -3.27520751953125 0.26999998092651367
v 0.7118374705314636 -3.3192138671875 0.26999998092651367
v 0.7069546580314636 -3.25189208984375 0.06750011444091797
v -0.00910976529121399 -3.31365966796875 0.06750011444091797
v 0.7069546580314636 -3.25189208984375 0.06750011444091797
v 0.7118374705314636 -3.3192138671875 0.26999998092651367
v 0.7118374705314636 -3.3192138671875 0.26999998092651367
v -0.0022738282568752766 -3.38079833984375 0.26999998092651367
v -0.00910976529121399 -3.31365966796875 0.06750011444091797
v -0.6902621388435364 -3.39312744140625 0.06750011444091797
v -0.00910976529121399 -3.31365966796875 0.06750011444091797
v -0.0022738282568752766 -3.38079833984375 0.26999998092651367
v -0.0022738282568752766 -3.38079833984375 0.26999998092651367
v -0.6812289357185364 -3.46002197265625 0.26999998092651367
v -0.6902621388435364 -3.39312744140625 0.06750011444091797
v -1.3362581729888916 -3.49029541015625 0.06750011444091797
v -0.6902621388435364 -3.39312744140625 0.06750011444091797
v -0.6812289357185364 -3.46002197265625 0.26999998092651367
v -0.6812289357185364 -3.46002197265625 0.26999998092651367
v -1.3247835636138916 -3.55682373046875 0.26999998092651367
v -1.3362581729888916 -3.49029541015625 0.06750011444091797
v -1.9468538761138916 -3.60516357421875 0.06750011444091797
v -1.3362581729888916 -3.49029541015625 0.06750011444091797
v -1.3247835636138916 -3.55682373046875 0.26999998092651367
v -1.3247835636138916 -3.55682373046875 0.26999998092651367
v -1.9331820011138916 -3.6712646484375 0.26999998092651367
v -1.9468538761138916 -3.60516357421875 0.06750011444091797
v -2.5247347354888916 -3.73779296875 0.06750011444091797
v -1.9468538761138916 -3.60516357421875 0.06750011444091797
v -1.9331820011138916 -3.6712646484375 0.26999998092651367
v -1.9331820011138916 -3.6712646484375 0.26999998092651367
v -2.5081331729888916 -3.80328369140625 0.26999998092651367
v -2.5247347354888916 -3.73779296875 0.06750011444091797
v -3.0711214542388916 -3.88824462890625 0.06750011444091797
v -2.5247347354888916 -3.73779296875 0.06750011444091797
v -2.5081331729888916 -3.80328369140625 0.26999998092651367
v -2.5081331729888916 -3.80328369140625 0.26999998092651367
v -3.0515902042388916 -3.952880859375 0.26999998092651367
v -3.0711214542388916 -3.88824462890625 0.06750011444091797
v -3.5865023136138916 -4.05645751953125 0.06750011444091797
v -3.0711214542388916 -3.88824462890625 0.06750011444091797
v -3.0515902042388916 -3.952880859375 0.26999998092651367
v -3.0515902042388916 -3.952880859375 0.26999998092651367
v -3.5637972354888916 -4.1201171875 0.26999998092651367
v -3.5865023136138916 -4.05645751953125 0.06750011444091797
v -4.070633411407471 -4.24261474609375 0.06750011444091797
v -3.5865023136138916 -4.05645751953125 0.06750011444091797
v -3.5637972354888916 -4.1201171875 0.26999998092651367
v -3.5637972354888916 -4.1201171875 0.26999998092651367
v -4.044754505157471 -4.304931640625 0.26999998092651367
v -4.070633411407471 -4.24261474609375 0.06750011444091797
v -4.523758411407471 -4.4466552734375 0.06750011444091797
v -4.070633411407471 -4.24261474609375 0.06750011444091797
v -4.044754505157471 -4.304931640625 0.26999998092651367
v -4.044754505157471 -4.304931640625 0.26999998092651367
v -4.493973255157471 -4.50732421875 0.26999998092651367
v -4.523758411407471 -4.4466552734375 0.06750011444091797
v -4.945633411407471 -4.668701171875 0.06750011444091797
v -4.523758411407471 -4.4466552734375 0.06750011444091797
v -4.493973255157471 -4.50732421875 0.26999998092651367
v -4.493973255157471 -4.50732421875 0.26999998092651367
v -4.912186145782471 -4.72735595703125 0.26999998092651367
v -4.945633411407471 -4.668701171875 0.06750011444091797
v -5.336014270782471 -4.90869140625 0.06750011444091797
v -4.945633411407471 -4.668701171875 0.06750011444091797
v -4.912186145782471 -4.72735595703125 0.26999998092651367
v -4.912186145782471 -4.72735595703125 0.26999998092651367
v -5.298904895782471 -4.96502685546875 0.26999998092651367
v -5.336014270782471 -4.90869140625 0.06750011444091797
v -5.696609973907471 -5.1650390625 0.06750011444091797
v -5.336014270782471 -4.90869140625 0.06750011444091797
v -5.298904895782471 -4.96502685546875 0.26999998092651367
v -5.298904895782471 -4.96502685546875 0.26999998092651367
v -5.655594348907471 -5.21875 0.26999998092651367
v -5.696609973907471 -5.1650390625 0.06750011444091797
v 3.5094449520111084 4.25250244140625 0.06750011444091797
v 1.9081265926361084 4.23492431640625 0.06750011444091797
v 1.9066617488861084 4.30242919921875 0.26999998092651367
v 1.9066617488861084 4.30242919921875 0.26999998092651367
v 3.5089566707611084 4.32000732421875 0.26999998092651367
v 3.5094449520111084 4.25250244140625 0.06750011444091797
v 7.410811901092529 4.32000732421875 0.26999998092651367
v 7.478438854217529 4.25250244140625 0.06750011444091797
v 3.5094449520111084 4.25250244140625 0.06750011444091797
v 3.5094449520111084 4.25250244140625 0.06750011444091797
v 3.5089566707611084 4.32000732421875 0.26999998092651367
v 7.410811901092529 4.32000732421875 0.26999998092651367
v 0.364425390958786 4.1822509765625 0.06750011444091797
v -1.1226351261138916 4.09442138671875 0.06750011444091797
v -1.1275179386138916 4.1617431640625 0.26999998092651367
v -1.1275179386138916 4.1617431640625 0.26999998092651367
v 0.361251562833786 4.24969482421875 0.2700002193450928
v 0.364425390958786 4.1822509765625 0.06750011444091797
v 1.9081265926361084 4.23492431640625 0.06750011444091797
v 0.364425390958786 4.1822509765625 0.06750011444091797
v 0.361251562833786 4.24969482421875 0.2700002193450928
v 0.361251562833786 4.24969482421875 0.2700002193450928
v 1.9066617488861084 4.30242919921875 0.26999998092651367
v 1.9081265926361084 4.23492431640625 0.06750011444091797
v -2.5528109073638916 3.97149658203125 0.06750011444091797
v -3.9258577823638916 3.8134765625 0.06750011444091797
v -3.9346468448638916 3.88043212890625 0.2700002193450928
v -3.9346468448638916 3.88043212890625 0.2700002193450928
v -2.5596468448638916 4.0386962890625 0.26999998092651367
v -2.5528109073638916 3.97149658203125 0.06750011444091797
v -1.1226351261138916 4.09442138671875 0.06750011444091797
v -2.5528109073638916 3.97149658203125 0.06750011444091797
v -2.5596468448638916 4.0386962890625 0.26999998092651367
v -2.5596468448638916 4.0386962890625 0.26999998092651367
v -1.1275179386138916 4.1617431640625 0.26999998092651367
v -1.1226351261138916 4.09442138671875 0.06750011444091797
v -5.242264270782471 3.62042236328125 0.06750011444091797
v -6.501541614532471 3.39227294921875 0.06750011444091797
v -6.514725208282471 3.45843505859375 0.2700002193450928
v -6.514725208282471 3.45843505859375 0.2700002193450928
v -5.253006458282471 3.68701171875 0.26999998092651367
v -5.242264270782471 3.62042236328125 0.06750011444091797
v -3.9258577823638916 3.8134765625 0.06750011444091797
v -5.242264270782471 3.62042236328125 0.06750011444091797
v -5.253006458282471 3.68701171875 0.26999998092651367
v -5.253006458282471 3.68701171875 0.26999998092651367
v -3.9346468448638916 3.88043212890625 0.2700002193450928
v -3.9258577823638916 3.8134765625 0.06750011444091797
v -7.703201770782471 3.12762451171875 0.06750011444091797
v -8.847000122070312 2.82501220703125 0.06750011444091797
v -8.865554809570312 2.889892578125 0.26999998092651367
v -8.865554809570312 2.889892578125 0.26999998092651367
v -7.719070911407471 3.1932373046875 0.26999998092651367
v -7.703201770782471 3.12762451171875 0.06750011444091797
v -6.501541614532471 3.39227294921875 0.06750011444091797
v -7.703201770782471 3.12762451171875 0.06750011444091797
v -7.719070911407471 3.1932373046875 0.26999998092651367
v -7.719070911407471 3.1932373046875 0.26999998092651367
v -6.514725208282471 3.45843505859375 0.2700002193450928
v -6.501541614532471 3.39227294921875 0.06750011444091797
v -9.932693481445312 2.48455810546875 0.06750011444091797
v -10.960769653320312 2.10614013671875 0.06750011444091797
v -10.985671997070312 2.16888427734375 0.26999998092651367
v -10.985671997070312 2.16888427734375 0.26999998092651367
v -9.954421997070312 2.5484619140625 0.26999998092651367
v -9.932693481445312 2.48455810546875 0.06750011444091797
v -8.847000122070312 2.82501220703125 0.06750011444091797
v -9.932693481445312 2.48455810546875 0.06750011444091797
v -9.954421997070312 2.5484619140625 0.26999998092651367
v -9.954421997070312 2.5484619140625 0.26999998092651367
v -8.865554809570312 2.889892578125 0.26999998092651367
v -8.847000122070312 2.82501220703125 0.06750011444091797
v -11.930740356445312 1.68994140625 0.06750011444091797
v -12.842849731445312 1.2359619140625 0.06750011444091797
v -12.874588012695312 1.29547119140625 0.26999998092651367
v -12.874588012695312 1.29547119140625 0.26999998092651367
v -11.959060668945312 1.751220703125 0.26999998092651367
v -11.930740356445312 1.68994140625 0.06750011444091797
v -10.960769653320312 2.10614013671875 0.06750011444091797
v -11.930740356445312 1.68994140625 0.06750011444091797
v -11.959060668945312 1.751220703125 0.26999998092651367
v -11.959060668945312 1.751220703125 0.26999998092651367
v -10.985671997070312 2.16888427734375 0.26999998092651367
v -10.960769653320312 2.10614013671875 0.06750011444091797
v -13.696853637695312 0.744140625 0.06750011444091797
v -14.492752075195312 0.21417236328125 0.06750011444091797
v -14.532302856445312 0.26904296875 0.26999998092651367
v -14.532302856445312 0.26904296875 0.26999998092651367
v -13.732498168945312 0.80157470703125 0.2700002193450928
v -13.696853637695312 0.744140625 0.06750011444091797
v -12.842849731445312 1.2359619140625 0.06750011444091797
v -13.696853637695312 0.744140625 0.06750011444091797
v -13.732498168945312 0.80157470703125 0.2700002193450928
v -13.732498168945312 0.80157470703125 0.2700002193450928
v -12.874588012695312 1.29547119140625 0.26999998092651367
v -12.842849731445312 1.2359619140625 0.06750011444091797
v -15.229812622070312 -0.3544921875 0.06750011444091797
v -15.908279418945312 -0.96185302734375 0.06750011444091797
v -15.955154418945312 -0.91326904296875 0.26999998092651367
v -15.955154418945312 -0.91326904296875 0.26999998092651367
v -15.273025512695312 -0.30255126953125 0.26999998092651367
v -15.229812622070312 -0.3544921875 0.06750011444091797
v -14.492752075195312 0.21417236328125 0.06750011444091797
v -15.229812622070312 -0.3544921875 0.06750011444091797
v -15.273025512695312 -0.30255126953125 0.26999998092651367
v -15.273025512695312 -0.30255126953125 0.26999998092651367
v -14.532302856445312 0.26904296875 0.26999998092651367
v -14.492752075195312 0.21417236328125 0.06750011444091797
v -16.528152465820312 -1.60791015625 0.06750011444091797
v -17.089431762695312 -2.292724609375 0.06750011444091797
v -17.143386840820312 -2.25201416015625 0.2700002193450928
v -17.143386840820312 -2.25201416015625 0.2700002193450928
v -16.578689575195312 -1.56304931640625 0.26999998092651367
v -16.528152465820312 -1.60791015625 0.06750011444091797
v -15.908279418945312 -0.96185302734375 0.06750011444091797
v -16.528152465820312 -1.60791015625 0.06750011444091797
v -16.578689575195312 -1.56304931640625 0.26999998092651367
v -16.578689575195312 -1.56304931640625 0.26999998092651367
v -15.955154418945312 -0.91326904296875 0.26999998092651367
v -15.908279418945312 -0.96185302734375 0.06750011444091797
v -17.592361450195312 -3.016357421875 0.06750011444091797
v -18.036941528320312 -3.77886962890625 0.06750011444091797
v -18.096511840820312 -3.7471923828125 0.26999998092651367
v -18.096511840820312 -3.7471923828125 0.26999998092651367
v -17.649490356445312 -2.98004150390625 0.26999998092651367
v -17.592361450195312 -3.016357421875 0.06750011444091797
v -17.089431762695312 -2.292724609375 0.06750011444091797
v -17.592361450195312 -3.016357421875 0.06750011444091797
v -17.649490356445312 -2.98004150390625 0.26999998092651367
v -17.649490356445312 -2.98004150390625 0.26999998092651367
v -17.143386840820312 -2.25201416015625 0.2700002193450928
v -17.089431762695312 -2.292724609375 0.06750011444091797
v -18.422683715820312 -4.580810546875 0.06750011444091797
v -18.749099731445312 -5.4227294921875 0.06750011444091797
v -18.812820434570312 -5.40069580078125 0.2700002193450928
v -18.812820434570312 -5.40069580078125 0.2700002193450928
v -18.484695434570312 -4.55389404296875 0.26999998092651367
v -18.422683715820312 -4.580810546875 0.06750011444091797
v -18.036941528320312 -3.77886962890625 0.06750011444091797
v -18.422683715820312 -4.580810546875 0.06750011444091797
v -18.484695434570312 -4.55389404296875 0.26999998092651367
v -18.484695434570312 -4.55389404296875 0.26999998092651367
v -18.096511840820312 -3.7471923828125 0.26999998092651367
v -18.036941528320312 -3.77886962890625 0.06750011444091797
v -19.016189575195312 -6.3048095703125 0.06750011444091797
v -19.224197387695312 -7.22705078125 0.06750011444091797
v -19.290359497070312 -7.2144775390625 0.2700002193450928
v -19.290359497070312 -7.2144775390625 0.2700002193450928
v -19.081619262695312 -6.28753662109375 0.26999998092651367
v -19.016189575195312 -6.3048095703125 0.06750011444091797
v -18.749099731445312 -5.4227294921875 0.06750011444091797
v -19.016189575195312 -6.3048095703125 0.06750011444091797
v -19.081619262695312 -6.28753662109375 0.26999998092651367
v -19.081619262695312 -6.28753662109375 0.26999998092651367
v -18.812820434570312 -5.40069580078125 0.2700002193450928
v -18.749099731445312 -5.4227294921875 0.06750011444091797
v -19.372634887695312 -8.18963623046875 0.06750011444091797
v -19.461746215820312 -9.19244384765625 0.06750011444091797
v -19.529373168945312 -9.18853759765625 0.2700002193450928
v -19.529373168945312 -9.18853759765625 0.2700002193450928
v -19.439773559570312 -8.18145751953125 0.26999998092651367
v -19.372634887695312 -8.18963623046875 0.06750011444091797
v -19.224197387695312 -7.22705078125 0.06750011444091797
v -19.372634887695312 -8.18963623046875 0.06750011444091797
v -19.439773559570312 -8.18145751953125 0.26999998092651367
v -19.439773559570312 -8.18145751953125 0.26999998092651367
v -19.290359497070312 -7.2144775390625 0.2700002193450928
v -19.224197387695312 -7.22705078125 0.06750011444091797
v -19.491531372070312 -10.23577880859375 0.06750011444091797
v -19.468093872070312 -11.1993408203125 0.06750011444091797
v -19.535720825195312 -11.20269775390625 0.26999998092651367
v -19.535720825195312 -11.20269775390625 0.26999998092651367
v -19.559158325195312 -10.235595703125 0.26999998092651367
v -19.491531372070312 -10.23577880859375 0.06750011444091797
v -19.461746215820312 -9.19244384765625 0.06750011444091797
v -19.491531372070312 -10.23577880859375 0.06750011444091797
v -19.559158325195312 -10.235595703125 0.26999998092651367
v -19.559158325195312 -10.235595703125 0.26999998092651367
v -19.529373168945312 -9.18853759765625 0.2700002193450928
v -19.461746215820312 -9.19244384765625 0.06750011444091797
v -19.398025512695312 -12.12774658203125 0.06750011444091797
v -19.281082153320312 -13.020751953125 0.06750011444091797
v -19.347732543945312 -13.031494140625 0.2700002193450928
v -19.347732543945312 -13.031494140625 0.2700002193450928
v -19.465164184570312 -12.1346435546875 0.26999998092651367
v -19.398025512695312 -12.12774658203125 0.06750011444091797
v -19.468093872070312 -11.1993408203125 0.06750011444091797
v -19.398025512695312 -12.12774658203125 0.06750011444091797
v -19.465164184570312 -12.1346435546875 0.26999998092651367
v -19.465164184570312 -12.1346435546875 0.26999998092651367
v -19.535720825195312 -11.20269775390625 0.26999998092651367
v -19.468093872070312 -11.1993408203125 0.06750011444091797
v -6.028397083282471 -5.43646240234375 0.06750011444091797
v -5.696609973907471 -5.1650390625 0.06750011444091797
v -5.655594348907471 -5.21875 0.26999998092651367
v -5.655594348907471 -5.21875 0.26999998092651367
v -5.983719348907471 -5.4871826171875 0.26999998092651367
v -6.028397083282471 -5.43646240234375 0.06750011444091797
v -6.331863880157471 -5.722900390625 0.06750011444091797
v -6.028397083282471 -5.43646240234375 0.06750011444091797
v -5.983719348907471 -5.4871826171875 0.26999998092651367
v -5.983719348907471 -5.4871826171875 0.26999998092651367
v -6.283524036407471 -5.770263671875 0.26999998092651367
v -6.331863880157471 -5.722900390625 0.06750011444091797
v -6.606522083282471 -6.0244140625 0.06750011444091797
v -6.331863880157471 -5.722900390625 0.06750011444091797
v -6.283524036407471 -5.770263671875 0.26999998092651367
v -6.283524036407471 -5.770263671875 0.26999998092651367
v -6.555008411407471 -6.06793212890625 0.26999998092651367
v -6.606522083282471 -6.0244140625 0.06750011444091797
v -6.852859973907471 -6.341064453125 0.06750011444091797
v -6.606522083282471 -6.0244140625 0.06750011444091797
v -6.555008411407471 -6.06793212890625 0.26999998092651367
v -6.555008411407471 -6.06793212890625 0.26999998092651367
v -6.797928333282471 -6.38031005859375 0.26999998092651367
v -6.852859973907471 -6.341064453125 0.06750011444091797
v -7.070145130157471 -6.67266845703125 0.06750011444091797
v -6.852859973907471 -6.341064453125 0.06750011444091797
v -6.797928333282471 -6.38031005859375 0.26999998092651367
v -6.797928333282471 -6.38031005859375 0.26999998092651367
v -7.012283802032471 -6.7073974609375 0.26999998092651367
v -7.070145130157471 -6.67266845703125 0.06750011444091797
v -7.258621692657471 -7.01910400390625 0.06750011444091797
v -7.070145130157471 -6.67266845703125 0.06750011444091797
v -7.012283802032471 -6.7073974609375 0.26999998092651367
v -7.012283802032471 -6.7073974609375 0.26999998092651367
v -7.198074817657471 -7.049072265625 0.26999998092651367
v -7.258621692657471 -7.01910400390625 0.06750011444091797
v -7.420242786407471 -7.38006591796875 0.06750011444091797
v -7.258621692657471 -7.01910400390625 0.06750011444091797
v -7.198074817657471 -7.049072265625 0.26999998092651367
v -7.198074817657471 -7.049072265625 0.26999998092651367
v -7.357498645782471 -7.4053955078125 0.26999998092651367
v -7.420242786407471 -7.38006591796875 0.06750011444091797
v -7.556717395782471 -7.75555419921875 0.06750011444091797
v -7.420242786407471 -7.38006591796875 0.06750011444091797
v -7.357498645782471 -7.4053955078125 0.26999998092651367
v -7.357498645782471 -7.4053955078125 0.26999998092651367
v -7.492508411407471 -7.77642822265625 0.26999998092651367
v -7.556717395782471 -7.75555419921875 0.06750011444091797
v -7.668289661407471 -8.14569091796875 0.06750011444091797
v -7.556717395782471 -7.75555419921875 0.06750011444091797
v -7.492508411407471 -7.77642822265625 0.26999998092651367
v -7.492508411407471 -7.77642822265625 0.26999998092651367
v -7.602859973907471 -8.16204833984375 0.26999998092651367
v -7.668289661407471 -8.14569091796875 0.06750011444091797
v -7.755203723907471 -8.55035400390625 0.06750011444091797
v -7.668289661407471 -8.14569091796875 0.06750011444091797
v -7.602859973907471 -8.16204833984375 0.26999998092651367
v -7.602859973907471 -8.16204833984375 0.26999998092651367
v -7.688797473907471 -8.5623779296875 0.26999998092651367
v -7.755203723907471 -8.55035400390625 0.06750011444091797
v -7.817215442657471 -8.96954345703125 0.06750011444091797
v -7.755203723907471 -8.55035400390625 0.06750011444091797
v -7.688797473907471 -8.5623779296875 0.26999998092651367
v -7.688797473907471 -8.5623779296875 0.26999998092651367
v -7.750076770782471 -8.97735595703125 0.26999998092651367
v -7.817215442657471 -8.96954345703125 0.06750011444091797
v -7.854324817657471 -9.40313720703125 0.06750011444091797
v -7.817215442657471 -8.96954345703125 0.06750011444091797
v -7.750076770782471 -8.97735595703125 0.26999998092651367
v -7.750076770782471 -8.97735595703125 0.26999998092651367
v -7.786942005157471 -9.406982421875 0.26999998092651367
v -7.854324817657471 -9.40313720703125 0.06750011444091797
v -7.866531848907471 -9.8519287109375 0.06750011444091797
v -7.854324817657471 -9.40313720703125 0.06750011444091797
v -7.786942005157471 -9.406982421875 0.26999998092651367
v -7.786942005157471 -9.406982421875 0.26999998092651367
v -7.799149036407471 -9.85125732421875 0.26999998092651367
v -7.866531848907471 -9.8519287109375 0.06750011444091797
v -7.831619739532471 -10.60101318359375 0.06750011444091797
v -7.866531848907471 -9.8519287109375 0.06750011444091797
v -7.799149036407471 -9.85125732421875 0.26999998092651367
v -7.799149036407471 -9.85125732421875 0.26999998092651367
v -7.764236927032471 -10.5943603515625 0.26999998092651367
v -7.831619739532471 -10.60101318359375 0.06750011444091797
v -7.725906848907471 -11.30438232421875 0.06750011444091797
v -7.831619739532471 -10.60101318359375 0.06750011444091797
v -7.764236927032471 -10.5943603515625 0.26999998092651367
v -7.764236927032471 -10.5943603515625 0.26999998092651367
v -7.659744739532471 -11.29058837890625 0.26999998092651367
v -7.725906848907471 -11.30438232421875 0.06750011444091797
v -7.549881458282471 -11.9613037109375 0.06750011444091797
v -7.725906848907471 -11.30438232421875 0.06750011444091797
v -7.659744739532471 -11.29058837890625 0.26999998092651367
v -7.659744739532471 -11.29058837890625 0.26999998092651367
v -7.485672473907471 -11.9398193359375 0.26999998092651367
v -7.549881458282471 -11.9613037109375 0.06750011444091797
v -7.302811145782471 -12.5714111328125 0.06750011444091797
v -7.549881458282471 -11.9613037109375 0.06750011444091797
v -7.485672473907471 -11.9398193359375 0.26999998092651367
v -7.485672473907471 -11.9398193359375 0.26999998092651367
v -7.242020130157471 -12.54205322265625 0.26999998092651367
v -7.302811145782471 -12.5714111328125 0.06750011444091797
v -6.985184192657471 -13.13446044921875 0.06750011444091797
v -7.302811145782471 -12.5714111328125 0.06750011444091797
v -7.242020130157471 -12.54205322265625 0.26999998092651367
v -7.242020130157471 -12.54205322265625 0.26999998092651367
v -6.928543567657471 -13.097412109375 0.26999998092651367
v -6.985184192657471 -13.13446044921875 0.06750011444091797
v -6.596756458282471 -13.64990234375 0.06750011444091797
v -6.985184192657471 -13.13446044921875 0.06750011444091797
v -6.928543567657471 -13.097412109375 0.26999998092651367
v -6.928543567657471 -13.097412109375 0.26999998092651367
v -6.545486927032471 -13.60577392578125 0.26999998092651367
v -6.596756458282471 -13.64990234375 0.06750011444091797
v -6.138016223907471 -14.11749267578125 0.06750011444091797
v -6.596756458282471 -13.64990234375 0.06750011444091797
v -6.545486927032471 -13.60577392578125 0.26999998092651367
v -6.545486927032471 -13.60577392578125 0.26999998092651367
v -6.092850208282471 -14.06719970703125 0.26999998092651367
v -6.138016223907471 -14.11749267578125 0.06750011444091797
v -5.616775989532471 -14.5294189453125 0.06750011444091797
v -6.138016223907471 -14.11749267578125 0.06750011444091797
v -6.092850208282471 -14.06719970703125 0.26999998092651367
v -6.092850208282471 -14.06719970703125 0.26999998092651367
v -5.578445911407471 -14.473876953125 0.26999998092651367
v -5.616775989532471 -14.5294189453125 0.06750011444091797
v -5.041336536407471 -14.8778076171875 0.06750011444091797
v -5.616775989532471 -14.5294189453125 0.06750011444091797
v -5.578445911407471 -14.473876953125 0.26999998092651367
v -5.578445911407471 -14.473876953125 0.26999998092651367
v -5.009842395782471 -14.81793212890625 0.26999998092651367
v -5.041336536407471 -14.8778076171875 0.06750011444091797
v -4.411697864532471 -15.16253662109375 0.06750011444091797
v -5.041336536407471 -14.8778076171875 0.06750011444091797
v -5.009842395782471 -14.81793212890625 0.26999998092651367
v -5.009842395782471 -14.81793212890625 0.26999998092651367
v -4.387283802032471 -15.0994873046875 0.26999998092651367
v -4.411697864532471 -15.16253662109375 0.06750011444091797
v -3.7281038761138916 -15.38372802734375 0.06750011444091797
v -4.411697864532471 -15.16253662109375 0.06750011444091797
v -4.387283802032471 -15.0994873046875 0.26999998092651367
v -4.387283802032471 -15.0994873046875 0.26999998092651367
v -3.7105257511138916 -15.3184814453125 0.26999998092651367
v -3.7281038761138916 -15.38372802734375 0.06750011444091797
v -2.9910433292388916 -15.54150390625 0.06750011444091797
v -3.7281038761138916 -15.38372802734375 0.06750011444091797
v -3.7105257511138916 -15.3184814453125 0.26999998092651367
v -3.7105257511138916 -15.3184814453125 0.26999998092651367
v -2.9800570011138916 -15.474853515625 0.26999998092651367
v -2.9910433292388916 -15.54150390625 0.06750011444091797
v -19.117263793945312 -13.87847900390625 0.06750011444091797
v -18.906814575195312 -14.70086669921875 0.06750011444091797
v -18.971755981445312 -14.7197265625 0.2700002193450928
v -18.971755981445312 -14.7197265625 0.2700002193450928
v -19.183181762695312 -13.8931884765625 0.26999998092651367
v -19.117263793945312 -13.87847900390625 0.06750011444091797
v -19.281082153320312 -13.020751953125 0.06750011444091797
v -19.117263793945312 -13.87847900390625 0.06750011444091797
v -19.183181762695312 -13.8931884765625 0.26999998092651367
v -19.183181762695312 -13.8931884765625 0.26999998092651367
v -19.347732543945312 -13.031494140625 0.2700002193450928
v -19.281082153320312 -13.020751953125 0.06750011444091797
v -18.649734497070312 -15.488037109375 0.06750011444091797
v -18.346023559570312 -16.24017333984375 0.06750011444091797
v -18.407791137695312 -16.26751708984375 0.26999998092651367
v -18.407791137695312 -16.26751708984375 0.26999998092651367
v -18.713211059570312 -15.51116943359375 0.26999998092651367
v -18.649734497070312 -15.488037109375 0.06750011444091797
v -18.906814575195312 -14.70086669921875 0.06750011444091797
v -18.649734497070312 -15.488037109375 0.06750011444091797
v -18.713211059570312 -15.51116943359375 0.26999998092651367
v -18.713211059570312 -15.51116943359375 0.26999998092651367
v -18.971755981445312 -14.7197265625 0.2700002193450928
v -18.906814575195312 -14.70086669921875 0.06750011444091797
v -17.999832153320312 -16.95794677734375 0.06750011444091797
v -17.615798950195312 -17.6416015625 0.06750011444091797
v -17.673660278320312 -17.67657470703125 0.2700002193450928
v -17.673660278320312 -17.67657470703125 0.2700002193450928
v -18.059890747070312 -16.9891357421875 0.26999998092651367
v -17.999832153320312 -16.95794677734375 0.06750011444091797
v -18.346023559570312 -16.24017333984375 0.06750011444091797
v -17.999832153320312 -16.95794677734375 0.06750011444091797
v -18.059890747070312 -16.9891357421875 0.26999998092651367
v -18.059890747070312 -16.9891357421875 0.26999998092651367
v -18.407791137695312 -16.26751708984375 0.26999998092651367
v -18.346023559570312 -16.24017333984375 0.06750011444091797
v -17.193923950195312 -18.29119873046875 0.06750011444091797
v -16.733963012695312 -18.9066162109375 0.06750011444091797
v -16.786697387695312 -18.9488525390625 0.2700002193450928
v -16.786697387695312 -18.9488525390625 0.2700002193450928
v -17.249099731445312 -18.329833984375 0.26999998092651367
v -17.193923950195312 -18.29119873046875 0.06750011444091797
v -17.615798950195312 -17.6416015625 0.06750011444091797
v -17.193923950195312 -18.29119873046875 0.06750011444091797
v -17.249099731445312 -18.329833984375 0.26999998092651367
v -17.249099731445312 -18.329833984375 0.26999998092651367
v -17.673660278320312 -17.67657470703125 0.2700002193450928
v -17.615798950195312 -17.6416015625 0.06750011444091797
v -16.236160278320312 -19.488037109375 0.06750011444091797
v -15.700271606445312 -20.035400390625 0.06750011444091797
v -15.746902465820312 -20.084228515625 0.26999998092651367
v -15.746902465820312 -20.084228515625 0.26999998092651367
v -16.285964965820312 -19.53363037109375 0.2700002193450928
v -16.236160278320312 -19.488037109375 0.06750011444091797
v -16.733963012695312 -18.9066162109375 0.06750011444091797
v -16.236160278320312 -19.488037109375 0.06750011444091797
v -16.285964965820312 -19.53363037109375 0.2700002193450928
v -16.285964965820312 -19.53363037109375 0.2700002193450928
v -16.786697387695312 -18.9488525390625 0.2700002193450928
v -16.733963012695312 -18.9066162109375 0.06750011444091797
v -15.126296997070312 -20.54888916015625 0.06750011444091797
v -14.517654418945312 -21.02801513671875 0.06750011444091797
v -14.557937622070312 -21.08233642578125 0.26999998092651367
v -14.557937622070312 -21.08233642578125 0.26999998092651367
v -15.169754028320312 -20.60064697265625 0.26999998092651367
v -15.126296997070312 -20.54888916015625 0.06750011444091797
v -15.700271606445312 -20.035400390625 0.06750011444091797
v -15.126296997070312 -20.54888916015625 0.06750011444091797
v -15.169754028320312 -20.60064697265625 0.26999998092651367
v -15.169754028320312 -20.60064697265625 0.26999998092651367
v -15.746902465820312 -20.084228515625 0.26999998092651367
v -15.700271606445312 -20.035400390625 0.06750011444091797
v -14.517654418945312 -21.02801513671875 0.06750011444091797
v -13.877761840820312 -21.4722900390625 0.06750011444091797
v -13.914627075195312 -21.52886962890625 0.26999998092651367
v -13.914627075195312 -21.52886962890625 0.26999998092651367
v -14.557937622070312 -21.08233642578125 0.26999998092651367
v -14.517654418945312 -21.02801513671875 0.06750011444091797
v -13.877761840820312 -21.4722900390625 0.06750011444091797
v -13.206619262695312 -21.881591796875 0.06750011444091797
v -13.240066528320312 -21.94024658203125 0.26999998092651367
v -13.240066528320312 -21.94024658203125 0.26999998092651367
v -13.914627075195312 -21.52886962890625 0.26999998092651367
v -13.877761840820312 -21.4722900390625 0.06750011444091797
v -13.206619262695312 -21.881591796875 0.06750011444091797
v -12.504226684570312 -22.2559814453125 0.06750011444091797
v -12.534255981445312 -22.31646728515625 0.26999998092651367
v -12.534255981445312 -22.31646728515625 0.26999998092651367
v -13.240066528320312 -21.94024658203125 0.26999998092651367
v -13.206619262695312 -21.881591796875 0.06750011444091797
v 19.493331909179688 -10.59112548828125 0.06750011444091797
v 19.494552612304688 -1.0194091796875 0.06750011444091797
v 19.560958862304688 -1.0069580078125 0.26999998092651367
v 19.560958862304688 -1.0069580078125 0.26999998092651367
v 19.560958862304688 -10.59149169921875 0.26999998092651367
v 19.493331909179688 -10.59112548828125 0.06750011444091797
v 7.747237682342529 -3.4300537109375 0.06750011444091797
v 7.748458385467529 -10.32037353515625 0.06750011444091797
v 7.680831432342529 -10.25250244140625 0.2700002193450928
v 7.680831432342529 -10.25250244140625 0.2700002193450928
v 7.680831432342529 -3.510009765625 0.26999998092651367
v 7.747237682342529 -3.4300537109375 0.06750011444091797
v 19.560958862304688 -1.0069580078125 0.26999998092651367
v 19.494552612304688 -1.0194091796875 0.06750011444091797
v 19.495285034179688 7.23260498046875 0.06750011444091797
v 19.495285034179688 7.23260498046875 0.06750011444091797
v 19.560958862304688 7.248779296875 0.2700002193450928
v 19.560958862304688 -1.0069580078125 0.26999998092651367
v 19.494552612304688 -16.33575439453125 0.06750011444091797
v 19.493331909179688 -10.59112548828125 0.06750011444091797
v 19.560958862304688 -10.59149169921875 0.26999998092651367
v 19.560958862304688 -10.59149169921875 0.26999998092651367
v 19.560958862304688 -16.323974609375 0.26999998092651367
v 19.494552612304688 -16.33575439453125 0.06750011444091797
v 3.0660855770111084 -3.1724853515625 0.06750011444091797
v 7.478438854217529 -3.1724853515625 0.06750011444091797
v 7.410811901092529 -3.239990234375 0.26999998092651367
v 7.410811901092529 -3.239990234375 0.26999998092651367
v 3.0665738582611084 -3.239990234375 0.26999998092651367
v 3.0660855770111084 -3.1724853515625 0.06750011444091797
v 19.471847534179688 8.48187255859375 0.06750011444091797
v 19.407394409179688 9.66583251953125 0.06750011444091797
v 19.474777221679688 9.67083740234375 0.26999998092651367
v 19.474777221679688 9.67083740234375 0.26999998092651367
v 19.539474487304688 8.4842529296875 0.26999998092651367
v 19.471847534179688 8.48187255859375 0.06750011444091797
v 19.560958862304688 7.248779296875 0.2700002193450928
v 19.495285034179688 7.23260498046875 0.06750011444091797
v 19.471847534179688 8.48187255859375 0.06750011444091797
v 19.471847534179688 8.48187255859375 0.06750011444091797
v 19.539474487304688 8.4842529296875 0.26999998092651367
v 19.560958862304688 7.248779296875 0.2700002193450928
v 19.300216674804688 10.80072021484375 0.06750011444091797
v 19.149826049804688 11.88641357421875 0.06750011444091797
v 19.216476440429688 11.897216796875 0.26999998092651367
v 19.216476440429688 11.897216796875 0.26999998092651367
v 19.367111206054688 10.80853271484375 0.26999998092651367
v 19.300216674804688 10.80072021484375 0.06750011444091797
v 19.407394409179688 9.66583251953125 0.06750011444091797
v 19.300216674804688 10.80072021484375 0.06750011444091797
v 19.367111206054688 10.80853271484375 0.26999998092651367
v 19.367111206054688 10.80853271484375 0.26999998092651367
v 19.474777221679688 9.67083740234375 0.26999998092651367
v 19.407394409179688 9.66583251953125 0.06750011444091797
v 18.956710815429688 12.9229736328125 0.06750011444091797
v 18.720870971679688 13.91033935546875 0.06750011444091797
v 18.786056518554688 13.92779541015625 0.26999998092651367
v 18.786056518554688 13.92779541015625 0.26999998092651367
v 19.022872924804688 12.93701171875 0.26999998092651367
v 18.956710815429688 12.9229736328125 0.06750011444091797
v 19.149826049804688 11.88641357421875 0.06750011444091797
v 18.956710815429688 12.9229736328125 0.06750011444091797
v 19.022872924804688 12.93701171875 0.26999998092651367
v 19.022872924804688 12.93701171875 0.26999998092651367
v 19.216476440429688 11.897216796875 0.26999998092651367
v 19.149826049804688 11.88641357421875 0.06750011444091797
v 18.442062377929688 14.84844970703125 0.06750011444091797
v 18.116867065429688 15.73773193359375 0.06750011444091797
v 18.179367065429688 15.76312255859375 0.26999998092651367
v 18.179367065429688 15.76312255859375 0.26999998092651367
v 18.506271362304688 14.86968994140625 0.26999998092651367
v 18.442062377929688 14.84844970703125 0.06750011444091797
v 18.720870971679688 13.91033935546875 0.06750011444091797
v 18.442062377929688 14.84844970703125 0.06750011444091797
v 18.506271362304688 14.86968994140625 0.26999998092651367
v 18.506271362304688 14.86968994140625 0.26999998092651367
v 18.786056518554688 13.92779541015625 0.26999998092651367
v 18.720870971679688 13.91033935546875 0.06750011444091797
v 17.741134643554688 16.57891845703125 0.06750011444091797
v 17.315109252929688 17.37213134765625 0.06750011444091797
v 17.373458862304688 17.40631103515625 0.2700002193450928
v 17.373458862304688 17.40631103515625 0.2700002193450928
v 17.801925659179688 16.60870361328125 0.26999998092651367
v 17.741134643554688 16.57891845703125 0.06750011444091797
v 18.116867065429688 15.73773193359375 0.06750011444091797
v 17.741134643554688 16.57891845703125 0.06750011444091797
v 17.801925659179688 16.60870361328125 0.26999998092651367
v 17.801925659179688 16.60870361328125 0.26999998092651367
v 18.179367065429688 15.76312255859375 0.26999998092651367
v 18.116867065429688 15.73773193359375 0.06750011444091797
v 16.838546752929688 18.11749267578125 0.06750011444091797
v 16.311691284179688 18.8150634765625 0.06750011444091797
v 16.363937377929688 18.85791015625 0.2700002193450928
v 16.363937377929688 18.85791015625 0.2700002193450928
v 16.893966674804688 18.15606689453125 0.26999998092651367
v 16.838546752929688 18.11749267578125 0.06750011444091797
v 17.315109252929688 17.37213134765625 0.06750011444091797
v 16.838546752929688 18.11749267578125 0.06750011444091797
v 16.893966674804688 18.15606689453125 0.26999998092651367
v 16.893966674804688 18.15606689453125 0.26999998092651367
v 17.373458862304688 17.40631103515625 0.2700002193450928
v 17.315109252929688 17.37213134765625 0.06750011444091797
v 15.734054565429688 19.4649658203125 0.06750011444091797
v 15.106124877929688 20.0672607421875 0.06750011444091797
v 15.150802612304688 20.1177978515625 0.2700002193450928
v 15.150802612304688 20.1177978515625 0.2700002193450928
v 15.782882690429688 19.51177978515625 0.2700002193450928
v 15.734054565429688 19.4649658203125 0.06750011444091797
v 16.311691284179688 18.8150634765625 0.06750011444091797
v 15.734054565429688 19.4649658203125 0.06750011444091797
v 15.782882690429688 19.51177978515625 0.2700002193450928
v 15.782882690429688 19.51177978515625 0.2700002193450928
v 16.363937377929688 18.85791015625 0.2700002193450928
v 16.311691284179688 18.8150634765625 0.06750011444091797
v 14.426681518554688 20.62457275390625 0.06750011444091797
v 13.695480346679688 21.13922119140625 0.06750011444091797
v 13.732589721679688 21.19580078125 0.26999998092651367
v 13.732589721679688 21.19580078125 0.26999998092651367
v 14.467697143554688 20.6783447265625 0.26999998092651367
v 14.426681518554688 20.62457275390625 0.06750011444091797
v 15.106124877929688 20.0672607421875 0.06750011444091797
v 14.426681518554688 20.62457275390625 0.06750011444091797
v 14.467697143554688 20.6783447265625 0.26999998092651367
v 14.467697143554688 20.6783447265625 0.26999998092651367
v 15.150802612304688 20.1177978515625 0.2700002193450928
v 15.106124877929688 20.0672607421875 0.06750011444091797
v 12.912521362304688 21.61126708984375 0.06750011444091797
v 12.077560424804688 22.0406494140625 0.06750011444091797
v 12.106613159179688 22.10162353515625 0.2700002193450928
v 12.106613159179688 22.10162353515625 0.2700002193450928
v 12.945480346679688 21.67022705078125 0.26999998092651367
v 12.912521362304688 21.61126708984375 0.06750011444091797
v 13.695480346679688 21.13922119140625 0.06750011444091797
v 12.912521362304688 21.61126708984375 0.06750011444091797
v 12.945480346679688 21.67022705078125 0.26999998092651367
v 12.945480346679688 21.67022705078125 0.26999998092651367
v 13.732589721679688 21.19580078125 0.26999998092651367
v 13.695480346679688 21.13922119140625 0.06750011444091797
v 11.190597534179688 22.42730712890625 0.06750011444091797
v 10.251632690429688 22.771240234375 0.06750011444091797
v 10.272872924804688 22.83526611328125 0.2700002193450928
v 10.272872924804688 22.83526611328125 0.2700002193450928
v 11.215744018554688 22.489990234375 0.26999998092651367
v 11.190597534179688 22.42730712890625 0.06750011444091797
v 12.077560424804688 22.0406494140625 0.06750011444091797
v 11.190597534179688 22.42730712890625 0.06750011444091797
v 11.215744018554688 22.489990234375 0.26999998092651367
v 11.215744018554688 22.489990234375 0.26999998092651367
v 12.106613159179688 22.10162353515625 0.2700002193450928
v 12.077560424804688 22.0406494140625 0.06750011444091797
v 9.260421752929688 23.0723876953125 0.06750011444091797
v 8.213302612304688 23.332275390625 0.06750011444091797
v 8.227951049804688 23.398193359375 0.2700002193450928
v 8.227951049804688 23.398193359375 0.2700002193450928
v 9.278488159179688 23.13751220703125 0.26999998092651367
v 9.260421752929688 23.0723876953125 0.06750011444091797
v 10.251632690429688 22.771240234375 0.06750011444091797
v 9.260421752929688 23.0723876953125 0.06750011444091797
v 9.278488159179688 23.13751220703125 0.26999998092651367
v 9.278488159179688 23.13751220703125 0.26999998092651367
v 10.272872924804688 22.83526611328125 0.2700002193450928
v 10.251632690429688 22.771240234375 0.06750011444091797
v 7.106368541717529 23.55224609375 0.06750011444091797
v 5.939620494842529 23.7322998046875 0.06750011444091797
v 5.948409557342529 23.7991943359375 0.26999998092651367
v 5.948409557342529 23.7991943359375 0.26999998092651367
v 7.118087291717529 23.61871337890625 0.26999998092651367
v 7.106368541717529 23.55224609375 0.06750011444091797
v 8.213302612304688 23.332275390625 0.06750011444091797
v 7.106368541717529 23.55224609375 0.06750011444091797
v 7.118087291717529 23.61871337890625 0.26999998092651367
v 7.118087291717529 23.61871337890625 0.26999998092651367
v 8.227951049804688 23.398193359375 0.2700002193450928
v 8.213302612304688 23.332275390625 0.06750011444091797
v 4.712813854217529 23.872314453125 0.06750011444091797
v 3.4264371395111084 23.972412109375 0.06750011444091797
v 3.4305875301361084 24.039794921875 0.26999998092651367
v 3.4305875301361084 24.039794921875 0.26999998092651367
v 4.719405651092529 23.93951416015625 0.26999998092651367
v 4.712813854217529 23.872314453125 0.06750011444091797
v 5.939620494842529 23.7322998046875 0.06750011444091797
v 4.712813854217529 23.872314453125 0.06750011444091797
v 4.719405651092529 23.93951416015625 0.26999998092651367
v 4.719405651092529 23.93951416015625 0.26999998092651367
v 5.948409557342529 23.7991943359375 0.26999998092651367
v 5.939620494842529 23.7322998046875 0.06750011444091797
v 2.0800015926361084 24.032470703125 0.06750011444091797
v 0.6739956736564636 24.052490234375 0.06750011444091797
v 0.6739956736564636 24.1199951171875 0.26999998092651367
v 0.6739956736564636 24.1199951171875 0.26999998092651367
v 2.0819547176361084 24.0999755859375 0.26999998092651367
v 2.0800015926361084 24.032470703125 0.06750011444091797
v 3.4264371395111084 23.972412109375 0.06750011444091797
v 2.0800015926361084 24.032470703125 0.06750011444091797
v 2.0819547176361084 24.0999755859375 0.26999998092651367
v 2.0819547176361084 24.0999755859375 0.26999998092651367
v 3.4305875301361084 24.039794921875 0.26999998092651367
v 3.4264371395111084 23.972412109375 0.06750011444091797
v -0.129471093416214 24.04339599609375 0.06750011444091797
v -0.9258578419685364 24.0159912109375 0.06750011444091797
v -0.9290316700935364 24.08343505859375 0.2700002193450928
v -0.9290316700935364 24.08343505859375 0.2700002193450928
v -0.130935937166214 24.11083984375 0.26999998092651367
v -0.129471093416214 24.04339599609375 0.06750011444091797
v 0.6739956736564636 24.052490234375 0.06750011444091797
v -0.129471093416214 24.04339599609375 0.06750011444091797
v -0.130935937166214 24.11083984375 0.26999998092651367
v -0.130935937166214 24.11083984375 0.26999998092651367
v 0.6739956736564636 24.1199951171875 0.26999998092651367
v 0.6739956736564636 24.052490234375 0.06750011444091797
v -1.7154085636138916 23.9703369140625 0.06750011444091797
v -2.4981234073638916 23.90643310546875 0.06750011444091797
v -2.5044710636138916 23.97369384765625 0.26999998092651367
v -2.5044710636138916 23.97369384765625 0.26999998092651367
v -1.7200472354888916 24.0377197265625 0.26999998092651367
v -1.7154085636138916 23.9703369140625 0.06750011444091797
v -0.9258578419685364 24.0159912109375 0.06750011444091797
v -1.7154085636138916 23.9703369140625 0.06750011444091797
v -1.7200472354888916 24.0377197265625 0.26999998092651367
v -1.7200472354888916 24.0377197265625 0.26999998092651367
v -0.9290316700935364 24.08343505859375 0.2700002193450928
v -0.9258578419685364 24.0159912109375 0.06750011444091797
v -3.2740023136138916 23.8243408203125 0.06750011444091797
v -4.042801380157471 23.72393798828125 0.06750011444091797
v -4.052322864532471 23.790771484375 0.26999998092651367
v -4.052322864532471 23.790771484375 0.26999998092651367
v -3.2818148136138916 23.891357421875 0.26999998092651367
v -3.2740023136138916 23.8243408203125 0.06750011444091797
v -2.4981234073638916 23.90643310546875 0.06750011444091797
v -3.2740023136138916 23.8243408203125 0.06750011444091797
v -3.2818148136138916 23.891357421875 0.26999998092651367
v -3.2818148136138916 23.891357421875 0.26999998092651367
v -2.5044710636138916 23.97369384765625 0.26999998092651367
v -2.4981234073638916 23.90643310546875 0.06750011444091797
v -4.805008411407471 23.60528564453125 0.06750011444091797
v -5.555496692657471 23.47222900390625 0.06750011444091797
v -5.567947864532471 23.53857421875 0.26999998092651367
v -5.567947864532471 23.53857421875 0.26999998092651367
v -4.815994739532471 23.671875 0.26999998092651367
v -4.805008411407471 23.60528564453125 0.06750011444091797
v -4.042801380157471 23.72393798828125 0.06750011444091797
v -4.805008411407471 23.60528564453125 0.06750011444091797
v -4.815994739532471 23.671875 0.26999998092651367
v -4.815994739532471 23.671875 0.26999998092651367
v -4.052322864532471 23.790771484375 0.26999998092651367
v -4.042801380157471 23.72393798828125 0.06750011444091797
v -6.289383411407471 23.32855224609375 0.06750011444091797
v -7.006912708282471 23.17437744140625 0.06750011444091797
v -7.021561145782471 23.240234375 0.26999998092651367
v -7.021561145782471 23.240234375 0.26999998092651367
v -6.303055286407471 23.3946533203125 0.2700002193450928
v -6.289383411407471 23.32855224609375 0.06750011444091797
v -5.555496692657471 23.47222900390625 0.06750011444091797
v -6.289383411407471 23.32855224609375 0.06750011444091797
v -6.303055286407471 23.3946533203125 0.2700002193450928
v -6.303055286407471 23.3946533203125 0.2700002193450928
v -5.567947864532471 23.53857421875 0.26999998092651367
v -5.555496692657471 23.47222900390625 0.06750011444091797
v -7.707352161407471 23.00970458984375 0.06750011444091797
v -8.391433715820312 22.83447265625 0.06750011444091797
v -8.408767700195312 22.899658203125 0.26999998092651367
v -8.408767700195312 22.899658203125 0.26999998092651367
v -7.723465442657471 23.07525634765625 0.2700002193450928
v -7.707352161407471 23.00970458984375 0.06750011444091797
v -7.006912708282471 23.17437744140625 0.06750011444091797
v -7.707352161407471 23.00970458984375 0.06750011444091797
v -7.723465442657471 23.07525634765625 0.2700002193450928
v -7.723465442657471 23.07525634765625 0.2700002193450928
v -7.021561145782471 23.240234375 0.26999998092651367
v -7.006912708282471 23.17437744140625 0.06750011444091797
v -9.058670043945312 22.64874267578125 0.06750011444091797
v -9.709304809570312 22.45245361328125 0.06750011444091797
v -9.729324340820312 22.51690673828125 0.26999998092651367
v -9.729324340820312 22.51690673828125 0.26999998092651367
v -9.077468872070312 22.71356201171875 0.26999998092651367
v -9.058670043945312 22.64874267578125 0.06750011444091797
v -8.391433715820312 22.83447265625 0.06750011444091797
v -9.058670043945312 22.64874267578125 0.06750011444091797
v -9.077468872070312 22.71356201171875 0.26999998092651367
v -9.077468872070312 22.71356201171875 0.26999998092651367
v -8.408767700195312 22.899658203125 0.26999998092651367
v -8.391433715820312 22.83447265625 0.06750011444091797
v -10.339920043945312 22.24847412109375 0.06750011444091797
v -10.947097778320312 22.0396728515625 0.06750011444091797
v -10.969802856445312 22.10333251953125 0.2700002193450928
v -10.969802856445312 22.10333251953125 0.2700002193450928
v -10.361404418945312 22.3125 0.26999998092651367
v -10.339920043945312 22.24847412109375 0.06750011444091797
v -9.709304809570312 22.45245361328125 0.06750011444091797
v -10.339920043945312 22.24847412109375 0.06750011444091797
v -10.361404418945312 22.3125 0.26999998092651367
v -10.361404418945312 22.3125 0.26999998092651367
v -9.729324340820312 22.51690673828125 0.26999998092651367
v -9.709304809570312 22.45245361328125 0.06750011444091797
v -11.530838012695312 21.82611083984375 0.06750011444091797
v -12.090896606445312 21.60784912109375 0.06750011444091797
v -12.116043090820312 21.67047119140625 0.26999998092651367
v -12.116043090820312 21.67047119140625 0.26999998092651367
v -11.554763793945312 21.8892822265625 0.26999998092651367
v -11.530838012695312 21.82611083984375 0.06750011444091797
v -10.947097778320312 22.0396728515625 0.06750011444091797
v -11.530838012695312 21.82611083984375 0.06750011444091797
v -11.554763793945312 21.8892822265625 0.26999998092651367
v -11.554763793945312 21.8892822265625 0.26999998092651367
v -10.969802856445312 22.10333251953125 0.2700002193450928
v -10.947097778320312 22.0396728515625 0.06750011444091797
v -12.627273559570312 21.384765625 0.06750011444091797
v -13.140213012695312 21.156982421875 0.06750011444091797
v -13.168533325195312 21.21832275390625 0.26999998092651367
v -13.168533325195312 21.21832275390625 0.26999998092651367
v -12.654129028320312 21.44677734375 0.26999998092651367
v -12.627273559570312 21.384765625 0.06750011444091797
v -12.090896606445312 21.60784912109375 0.06750011444091797
v -12.627273559570312 21.384765625 0.06750011444091797
v -12.654129028320312 21.44677734375 0.26999998092651367
v -12.654129028320312 21.44677734375 0.26999998092651367
v -12.116043090820312 21.67047119140625 0.26999998092651367
v -12.090896606445312 21.60784912109375 0.06750011444091797
v -13.629714965820312 20.9244384765625 0.06750011444091797
v -14.086502075195312 20.692138671875 0.06750011444091797
v -14.117996215820312 20.75189208984375 0.26999998092651367
v -14.117996215820312 20.75189208984375 0.26999998092651367
v -13.659500122070312 20.9849853515625 0.26999998092651367
v -13.629714965820312 20.9244384765625 0.06750011444091797
v -13.140213012695312 21.156982421875 0.06750011444091797
v -13.629714965820312 20.9244384765625 0.06750011444091797
v -13.659500122070312 20.9849853515625 0.26999998092651367
v -13.659500122070312 20.9849853515625 0.26999998092651367
v -13.168533325195312 21.21832275390625 0.26999998092651367
v -13.140213012695312 21.156982421875 0.06750011444091797
v -14.502273559570312 20.46527099609375 0.06750011444091797
v -14.876785278320312 20.243896484375 0.06750011444091797
v -14.912185668945312 20.30126953125 0.26999998092651367
v -14.912185668945312 20.30126953125 0.26999998092651367
v -14.535720825195312 20.52398681640625 0.26999998092651367
v -14.502273559570312 20.46527099609375 0.06750011444091797
v -14.086502075195312 20.692138671875 0.06750011444091797
v -14.502273559570312 20.46527099609375 0.06750011444091797
v -14.535720825195312 20.52398681640625 0.26999998092651367
v -14.535720825195312 20.52398681640625 0.26999998092651367
v -14.117996215820312 20.75189208984375 0.26999998092651367
v -14.086502075195312 20.692138671875 0.06750011444091797
v -15.209548950195312 20.02801513671875 0.06750011444091797
v -15.501052856445312 19.81793212890625 0.06750011444091797
v -15.542068481445312 19.8714599609375 0.26999998092651367
v -15.542068481445312 19.8714599609375 0.26999998092651367
v -15.247634887695312 20.08380126953125 0.26999998092651367
v -15.209548950195312 20.02801513671875 0.06750011444091797
v -14.876785278320312 20.243896484375 0.06750011444091797
v -15.209548950195312 20.02801513671875 0.06750011444091797
v -15.247634887695312 20.08380126953125 0.26999998092651367
v -15.247634887695312 20.08380126953125 0.26999998092651367
v -14.912185668945312 20.30126953125 0.26999998092651367
v -14.876785278320312 20.243896484375 0.06750011444091797
v -15.750808715820312 19.61370849609375 0.06750011444091797
v -15.959548950195312 19.41534423828125 0.06750011444091797
v -16.007888793945312 19.4625244140625 0.2700002193450928
v -16.007888793945312 19.4625244140625 0.2700002193450928
v -15.795486450195312 19.66436767578125 0.26999998092651367
v -15.750808715820312 19.61370849609375 0.06750011444091797
v -15.501052856445312 19.81793212890625 0.06750011444091797
v -15.750808715820312 19.61370849609375 0.06750011444091797
v -15.795486450195312 19.66436767578125 0.26999998092651367
v -15.795486450195312 19.66436767578125 0.26999998092651367
v -15.542068481445312 19.8714599609375 0.26999998092651367
v -15.501052856445312 19.81793212890625 0.06750011444091797
v -16.139724731445312 19.21673583984375 0.06750011444091797
v -16.303298950195312 19.0113525390625 0.06750011444091797
v -16.356277465820312 19.0501708984375 0.2700002193450928
v -16.356277465820312 19.0501708984375 0.2700002193450928
v -16.190750122070312 19.259765625 0.26999998092651367
v -16.139724731445312 19.21673583984375 0.06750011444091797
v -15.959548950195312 19.41534423828125 0.06750011444091797
v -16.139724731445312 19.21673583984375 0.06750011444091797
v -16.190750122070312 19.259765625 0.26999998092651367
v -16.190750122070312 19.259765625 0.26999998092651367
v -16.007888793945312 19.4625244140625 0.2700002193450928
v -15.959548950195312 19.41534423828125 0.06750011444091797
v -16.449295043945312 18.79913330078125 0.06750011444091797
v -16.577713012695312 18.58001708984375 0.06750011444091797
v -16.634109497070312 18.6102294921875 0.2700002193450928
v -16.634109497070312 18.6102294921875 0.2700002193450928
v -16.503982543945312 18.83367919921875 0.26999998092651367
v -16.449295043945312 18.79913330078125 0.06750011444091797
v -16.303298950195312 19.0113525390625 0.06750011444091797
v -16.449295043945312 18.79913330078125 0.06750011444091797
v -16.503982543945312 18.83367919921875 0.26999998092651367
v -16.503982543945312 18.83367919921875 0.26999998092651367
v -16.356277465820312 19.0501708984375 0.2700002193450928
v -16.303298950195312 19.0113525390625 0.06750011444091797
v -16.688308715820312 18.35406494140625 0.06750011444091797
v -16.781570434570312 18.12127685546875 0.06750011444091797
v -16.841629028320312 18.142822265625 0.26999998092651367
v -16.841629028320312 18.142822265625 0.26999998092651367
v -16.746658325195312 18.37994384765625 0.26999998092651367
v -16.688308715820312 18.35406494140625 0.06750011444091797
v -16.577713012695312 18.58001708984375 0.06750011444091797
v -16.688308715820312 18.35406494140625 0.06750011444091797
v -16.746658325195312 18.37994384765625 0.26999998092651367
v -16.746658325195312 18.37994384765625 0.26999998092651367
v -16.634109497070312 18.6102294921875 0.2700002193450928
v -16.577713012695312 18.58001708984375 0.06750011444091797
v -16.857498168945312 17.8814697265625 0.06750011444091797
v -16.917312622070312 17.62432861328125 0.06750011444091797
v -16.982742309570312 17.63848876953125 0.26999998092651367
v -16.982742309570312 17.63848876953125 0.26999998092651367
v -16.919021606445312 17.89874267578125 0.26999998092651367
v -16.857498168945312 17.8814697265625 0.06750011444091797
v -16.781570434570312 18.12127685546875 0.06750011444091797
v -16.857498168945312 17.8814697265625 0.06750011444091797
v -16.919021606445312 17.89874267578125 0.26999998092651367
v -16.919021606445312 17.89874267578125 0.26999998092651367
v -16.841629028320312 18.142822265625 0.26999998092651367
v -16.781570434570312 18.12127685546875 0.06750011444091797
v -16.970046997070312 17.34161376953125 0.06750011444091797
v -17.013748168945312 17.0330810546875 0.06750011444091797
v -17.080642700195312 17.04119873046875 0.26999998092651367
v -17.080642700195312 17.04119873046875 0.26999998092651367
v -17.036697387695312 17.35260009765625 0.26999998092651367
v -16.970046997070312 17.34161376953125 0.06750011444091797
v -16.917312622070312 17.62432861328125 0.06750011444091797
v -16.970046997070312 17.34161376953125 0.06750011444091797
v -17.036697387695312 17.35260009765625 0.26999998092651367
v -17.036697387695312 17.35260009765625 0.26999998092651367
v -16.982742309570312 17.63848876953125 0.26999998092651367
v -16.917312622070312 17.62432861328125 0.06750011444091797
v -17.047683715820312 16.69854736328125 0.06750011444091797
v -17.072097778320312 16.33819580078125 0.06750011444091797
v -17.139480590820312 16.34173583984375 0.26999998092651367
v -17.139480590820312 16.34173583984375 0.26999998092651367
v -17.115066528320312 16.70428466796875 0.26999998092651367
v -17.047683715820312 16.69854736328125 0.06750011444091797
v -17.013748168945312 17.0330810546875 0.06750011444091797
v -17.047683715820312 16.69854736328125 0.06750011444091797
v -17.115066528320312 16.70428466796875 0.26999998092651367
v -17.115066528320312 16.70428466796875 0.26999998092651367
v -17.080642700195312 17.04119873046875 0.26999998092651367
v -17.013748168945312 17.0330810546875 0.06750011444091797
v -17.086746215820312 15.95196533203125 0.06750011444091797
v -17.091629028320312 15.5399169921875 0.06750011444091797
v -17.159011840820312 15.53997802734375 0.26999998092651367
v -17.159011840820312 15.53997802734375 0.26999998092651367
v -17.154129028320312 15.95367431640625 0.26999998092651367
v -17.086746215820312 15.95196533203125 0.06750011444091797
v -17.072097778320312 16.33819580078125 0.06750011444091797
v -17.086746215820312 15.95196533203125 0.06750011444091797
v -17.154129028320312 15.95367431640625 0.26999998092651367
v -17.154129028320312 15.95367431640625 0.26999998092651367
v -17.139480590820312 16.34173583984375 0.26999998092651367
v -17.072097778320312 16.33819580078125 0.06750011444091797
v -17.088699340820312 15.2291259765625 0.06750011444091797
v -17.079910278320312 14.92620849609375 0.06750011444091797
v -17.147293090820312 14.92352294921875 0.26999998092651367
v -17.147293090820312 14.92352294921875 0.26999998092651367
v -17.156082153320312 15.22784423828125 0.2700002193450928
v -17.088699340820312 15.2291259765625 0.06750011444091797
v -17.091629028320312 15.5399169921875 0.06750011444091797
v -17.088699340820312 15.2291259765625 0.06750011444091797
v -17.156082153320312 15.22784423828125 0.2700002193450928
v -17.156082153320312 15.22784423828125 0.2700002193450928
v -17.159011840820312 15.53997802734375 0.26999998092651367
v -17.091629028320312 15.5399169921875 0.06750011444091797
v -17.065261840820312 14.63116455078125 0.06750011444091797
v -17.044998168945312 14.343994140625 0.06750011444091797
v -17.112380981445312 14.33843994140625 0.2700002193450928
v -17.112380981445312 14.33843994140625 0.2700002193450928
v -17.132644653320312 14.6270751953125 0.2700002193450928
v -17.065261840820312 14.63116455078125 0.06750011444091797
v -17.079910278320312 14.92620849609375 0.06750011444091797
v -17.065261840820312 14.63116455078125 0.06750011444091797
v -17.132644653320312 14.6270751953125 0.2700002193450928
v -17.132644653320312 14.6270751953125 0.2700002193450928
v -17.147293090820312 14.92352294921875 0.26999998092651367
v -17.079910278320312 14.92620849609375 0.06750011444091797
v -17.018875122070312 14.0648193359375 0.06750011444091797
v -16.987380981445312 13.79345703125 0.06750011444091797
v -17.053787231445312 13.7847900390625 0.26999998092651367
v -17.053787231445312 13.7847900390625 0.26999998092651367
v -17.086013793945312 14.05767822265625 0.2700002193450928
v -17.018875122070312 14.0648193359375 0.06750011444091797
v -17.044998168945312 14.343994140625 0.06750011444091797
v -17.018875122070312 14.0648193359375 0.06750011444091797
v -17.086013793945312 14.05767822265625 0.2700002193450928
v -17.086013793945312 14.05767822265625 0.2700002193450928
v -17.112380981445312 14.33843994140625 0.2700002193450928
v -17.044998168945312 14.343994140625 0.06750011444091797
v -17.015701293945312 13.51971435546875 0.2700002193450928
v -16.951736450195312 13.52972412109375 0.06750011444091797
v -16.911209106445312 13.275634765625 0.06750011444091797
v -16.911209106445312 13.275634765625 0.06750011444091797
v -16.972244262695312 13.264404296875 0.26999998092651367
v -17.015701293945312 13.51971435546875 0.2700002193450928
v -17.053787231445312 13.7847900390625 0.26999998092651367
v -16.987380981445312 13.79345703125 0.06750011444091797
v -16.951736450195312 13.52972412109375 0.06750011444091797
v -16.951736450195312 13.52972412109375 0.06750011444091797
v -17.015701293945312 13.51971435546875 0.2700002193450928
v -17.053787231445312 13.7847900390625 0.26999998092651367
v -16.923904418945312 13.0208740234375 0.26999998092651367
v -16.865798950195312 13.0333251953125 0.06750011444091797
v -16.815505981445312 12.80267333984375 0.06750011444091797
v -16.815505981445312 12.80267333984375 0.06750011444091797
v -16.870681762695312 12.7890625 0.2700002193450928
v -16.923904418945312 13.0208740234375 0.26999998092651367
v -16.972244262695312 13.264404296875 0.26999998092651367
v -16.911209106445312 13.275634765625 0.06750011444091797
v -16.865798950195312 13.0333251953125 0.06750011444091797
v -16.865798950195312 13.0333251953125 0.06750011444091797
v -16.923904418945312 13.0208740234375 0.26999998092651367
v -16.972244262695312 13.264404296875 0.26999998092651367
v -16.812576293945312 12.56903076171875 0.26999998092651367
v -16.760330200195312 12.5838623046875 0.06750011444091797
v -16.700027465820312 12.37677001953125 0.06750011444091797
v -16.700027465820312 12.37677001953125 0.06750011444091797
v -16.749588012695312 12.3607177734375 0.26999998092651367
v -16.812576293945312 12.56903076171875 0.26999998092651367
v -16.870681762695312 12.7890625 0.2700002193450928
v -16.815505981445312 12.80267333984375 0.06750011444091797
v -16.760330200195312 12.5838623046875 0.06750011444091797
v -16.760330200195312 12.5838623046875 0.06750011444091797
v -16.812576293945312 12.56903076171875 0.26999998092651367
v -16.870681762695312 12.7890625 0.2700002193450928
v -16.681716918945312 12.1641845703125 0.2700002193450928
v -16.635086059570312 12.181396484375 0.06750011444091797
v -16.565017700195312 11.99786376953125 0.06750011444091797
v -16.565017700195312 11.99786376953125 0.06750011444091797
v -16.608718872070312 11.9793701171875 0.26999998092651367
v -16.681716918945312 12.1641845703125 0.2700002193450928
v -16.749588012695312 12.3607177734375 0.26999998092651367
v -16.700027465820312 12.37677001953125 0.06750011444091797
v -16.635086059570312 12.181396484375 0.06750011444091797
v -16.635086059570312 12.181396484375 0.06750011444091797
v -16.681716918945312 12.1641845703125 0.2700002193450928
v -16.749588012695312 12.3607177734375 0.26999998092651367
v -16.530593872070312 11.80633544921875 0.2700002193450928
v -16.489822387695312 11.82623291015625 0.06750011444091797
v -16.408523559570312 11.66650390625 0.06750011444091797
v -16.408523559570312 11.66650390625 0.06750011444091797
v -16.446609497070312 11.6451416015625 0.26999998092651367
v -16.530593872070312 11.80633544921875 0.2700002193450928
v -16.608718872070312 11.9793701171875 0.26999998092651367
v -16.565017700195312 11.99786376953125 0.06750011444091797
v -16.489822387695312 11.82623291015625 0.06750011444091797
v -16.489822387695312 11.82623291015625 0.06750011444091797
v -16.530593872070312 11.80633544921875 0.2700002193450928
v -16.608718872070312 11.9793701171875 0.26999998092651367
v -16.356521606445312 11.49578857421875 0.26999998092651367
v -16.321365356445312 11.51861572265625 0.06750011444091797
v -16.228591918945312 11.38250732421875 0.06750011444091797
v -16.228591918945312 11.38250732421875 0.06750011444091797
v -16.260818481445312 11.3582763671875 0.26999998092651367
v -16.356521606445312 11.49578857421875 0.26999998092651367
v -16.446609497070312 11.6451416015625 0.26999998092651367
v -16.408523559570312 11.66650390625 0.06750011444091797
v -16.321365356445312 11.51861572265625 0.06750011444091797
v -16.321365356445312 11.51861572265625 0.06750011444091797
v -16.356521606445312 11.49578857421875 0.26999998092651367
v -16.446609497070312 11.6451416015625 0.26999998092651367
v -16.129714965820312 11.25830078125 0.06750011444091797
v -16.025222778320312 11.14593505859375 0.06750011444091797
v -16.051834106445312 11.11865234375 0.2700002193450928
v -16.051834106445312 11.11865234375 0.2700002193450928
v -16.159255981445312 11.2325439453125 0.26999998092651367
v -16.129714965820312 11.25830078125 0.06750011444091797
v -16.228591918945312 11.38250732421875 0.06750011444091797
v -16.129714965820312 11.25830078125 0.06750011444091797
v -16.159255981445312 11.2325439453125 0.26999998092651367
v -16.159255981445312 11.2325439453125 0.26999998092651367
v -16.260818481445312 11.3582763671875 0.26999998092651367
v -16.228591918945312 11.38250732421875 0.06750011444091797
v -15.914871215820312 11.04522705078125 0.06750011444091797
v -15.799392700195312 10.95721435546875 0.06750011444091797
v -15.819900512695312 10.92724609375 0.26999998092651367
v -15.819900512695312 10.92724609375 0.26999998092651367
v -15.938552856445312 11.01654052734375 0.2700002193450928
v -15.914871215820312 11.04522705078125 0.06750011444091797
v -16.025222778320312 11.14593505859375 0.06750011444091797
v -15.914871215820312 11.04522705078125 0.06750011444091797
v -15.938552856445312 11.01654052734375 0.2700002193450928
v -15.938552856445312 11.01654052734375 0.2700002193450928
v -16.051834106445312 11.11865234375 0.2700002193450928
v -16.025222778320312 11.14593505859375 0.06750011444091797
v -15.679031372070312 10.88299560546875 0.06750011444091797
v -15.554031372070312 10.82257080078125 0.06750011444091797
v -15.567703247070312 10.7899169921875 0.2700002193450928
v -15.567703247070312 10.7899169921875 0.2700002193450928
v -15.696121215820312 10.85174560546875 0.26999998092651367
v -15.679031372070312 10.88299560546875 0.06750011444091797
v -15.799392700195312 10.95721435546875 0.06750011444091797
v -15.679031372070312 10.88299560546875 0.06750011444091797
v -15.696121215820312 10.85174560546875 0.26999998092651367
v -15.696121215820312 10.85174560546875 0.26999998092651367
v -15.819900512695312 10.92724609375 0.26999998092651367
v -15.799392700195312 10.95721435546875 0.06750011444091797
v -15.423904418945312 10.7757568359375 0.06750011444091797
v -15.289138793945312 10.742431640625 0.06750011444091797
v -15.295974731445312 10.70745849609375 0.2700002193450928
v -15.295974731445312 10.70745849609375 0.2700002193450928
v -15.434402465820312 10.7418212890625 0.26999998092651367
v -15.423904418945312 10.7757568359375 0.06750011444091797
v -15.554031372070312 10.82257080078125 0.06750011444091797
v -15.423904418945312 10.7757568359375 0.06750011444091797
v -15.434402465820312 10.7418212890625 0.26999998092651367
v -15.434402465820312 10.7418212890625 0.26999998092651367
v -15.567703247070312 10.7899169921875 0.2700002193450928
v -15.554031372070312 10.82257080078125 0.06750011444091797
v -15.149490356445312 10.722900390625 0.06750011444091797
v -15.004959106445312 10.717041015625 0.06750011444091797
v -15.004714965820312 10.67999267578125 0.26999998092651367
v -15.004714965820312 10.67999267578125 0.26999998092651367
v -15.152908325195312 10.6868896484375 0.26999998092651367
v -15.149490356445312 10.722900390625 0.06750011444091797
v -15.289138793945312 10.742431640625 0.06750011444091797
v -15.149490356445312 10.722900390625 0.06750011444091797
v -15.152908325195312 10.6868896484375 0.26999998092651367
v -15.152908325195312 10.6868896484375 0.26999998092651367
v -15.295974731445312 10.70745849609375 0.2700002193450928
v -15.289138793945312 10.742431640625 0.06750011444091797
v -14.783279418945312 10.75042724609375 0.06750011444091797
v -14.543289184570312 10.79595947265625 0.06750011444091797
v -14.530349731445312 10.73486328125 0.26999998092651367
v -14.530349731445312 10.73486328125 0.26999998092651367
v -14.776931762695312 10.6937255859375 0.26999998092651367
v -14.783279418945312 10.75042724609375 0.06750011444091797
v -15.004959106445312 10.717041015625 0.06750011444091797
v -14.783279418945312 10.75042724609375 0.06750011444091797
v -14.776931762695312 10.6937255859375 0.26999998092651367
v -14.776931762695312 10.6937255859375 0.26999998092651367
v -15.004714965820312 10.67999267578125 0.26999998092651367
v -15.004959106445312 10.717041015625 0.06750011444091797
v -14.284744262695312 10.8681640625 0.06750011444091797
v -14.005203247070312 10.9627685546875 0.06750011444091797
v -13.981765747070312 10.89947509765625 0.2700002193450928
v -13.981765747070312 10.89947509765625 0.2700002193450928
v -14.265213012695312 10.803466796875 0.26999998092651367
v -14.284744262695312 10.8681640625 0.06750011444091797
v -14.543289184570312 10.79595947265625 0.06750011444091797
v -14.284744262695312 10.8681640625 0.06750011444091797
v -14.265213012695312 10.803466796875 0.26999998092651367
v -14.265213012695312 10.803466796875 0.26999998092651367
v -14.530349731445312 10.73486328125 0.26999998092651367
v -14.543289184570312 10.79595947265625 0.06750011444091797
v -13.706619262695312 11.08477783203125 0.06750011444091797
v -13.388748168945312 11.23431396484375 0.06750011444091797
v -13.358474731445312 11.173828125 0.26999998092651367
v -13.358474731445312 11.173828125 0.26999998092651367
v -13.679519653320312 11.02294921875 0.26999998092651367
v -13.706619262695312 11.08477783203125 0.06750011444091797
v -14.005203247070312 10.9627685546875 0.06750011444091797
v -13.706619262695312 11.08477783203125 0.06750011444091797
v -13.679519653320312 11.02294921875 0.26999998092651367
v -13.679519653320312 11.02294921875 0.26999998092651367
v -13.981765747070312 10.89947509765625 0.2700002193450928
v -14.005203247070312 10.9627685546875 0.06750011444091797
v -13.050857543945312 11.4117431640625 0.06750011444091797
v -12.689773559570312 11.6068115234375 0.06750011444091797
v -12.658035278320312 11.54718017578125 0.26999998092651367
v -12.658035278320312 11.54718017578125 0.26999998092651367
v -13.019119262695312 11.3521728515625 0.26999998092651367
v -13.050857543945312 11.4117431640625 0.06750011444091797
v -13.388748168945312 11.23431396484375 0.06750011444091797
v -13.050857543945312 11.4117431640625 0.06750011444091797
v -13.019119262695312 11.3521728515625 0.26999998092651367
v -13.019119262695312 11.3521728515625 0.26999998092651367
v -13.358474731445312 11.173828125 0.26999998092651367
v -13.388748168945312 11.23431396484375 0.06750011444091797
v -12.689773559570312 11.6068115234375 0.06750011444091797
v -12.303543090820312 11.80804443359375 0.06750011444091797
v -12.272781372070312 11.74798583984375 0.26999998092651367
v -12.272781372070312 11.74798583984375 0.26999998092651367
v -12.658035278320312 11.54718017578125 0.26999998092651367
v -12.689773559570312 11.6068115234375 0.06750011444091797
v -12.303543090820312 11.80804443359375 0.06750011444091797
v -11.893142700195312 12.01513671875 0.06750011444091797
v -11.862869262695312 11.9547119140625 0.26999998092651367
v -11.862869262695312 11.9547119140625 0.26999998092651367
v -12.272781372070312 11.74798583984375 0.26999998092651367
v -12.303543090820312 11.80804443359375 0.06750011444091797
v -11.893142700195312 12.01513671875 0.06750011444091797
v -11.458084106445312 12.22802734375 0.06750011444091797
v -11.428787231445312 12.167236328125 0.26999998092651367
v -11.428787231445312 12.167236328125 0.26999998092651367
v -11.862869262695312 11.9547119140625 0.26999998092651367
v -11.893142700195312 12.01513671875 0.06750011444091797
v -11.458084106445312 12.22802734375 0.06750011444091797
v -10.998855590820312 12.44671630859375 0.06750011444091797
v -10.970291137695312 12.3856201171875 0.26999998092651367
v -10.970291137695312 12.3856201171875 0.26999998092651367
v -11.428787231445312 12.167236328125 0.26999998092651367
v -11.458084106445312 12.22802734375 0.06750011444091797
v -10.998855590820312 12.44671630859375 0.06750011444091797
v -10.515213012695312 12.6712646484375 0.06750011444091797
v -10.487136840820312 12.60986328125 0.26999998092651367
v -10.487136840820312 12.60986328125 0.26999998092651367
v -10.970291137695312 12.3856201171875 0.26999998092651367
v -10.998855590820312 12.44671630859375 0.06750011444091797
v -10.515213012695312 12.6712646484375 0.06750011444091797
v -10.007156372070312 12.9017333984375 0.06750011444091797
v -9.979812622070312 12.84002685546875 0.26999998092651367
v -9.979812622070312 12.84002685546875 0.26999998092651367
v -10.487136840820312 12.60986328125 0.26999998092651367
v -10.515213012695312 12.6712646484375 0.06750011444091797
v -10.007156372070312 12.9017333984375 0.06750011444091797
v -9.474929809570312 13.13238525390625 0.06750011444091797
v -9.448806762695312 13.07012939453125 0.26999998092651367
v -9.448806762695312 13.07012939453125 0.26999998092651367
v -9.979812622070312 12.84002685546875 0.26999998092651367
v -10.007156372070312 12.9017333984375 0.06750011444091797
v -9.474929809570312 13.13238525390625 0.06750011444091797
v -8.920242309570312 13.357177734375 0.06750011444091797
v -8.895584106445312 13.29437255859375 0.26999998092651367
v -8.895584106445312 13.29437255859375 0.26999998092651367
v -9.448806762695312 13.07012939453125 0.26999998092651367
v -9.474929809570312 13.13238525390625 0.06750011444091797
v -8.920242309570312 13.357177734375 0.06750011444091797
v -8.343093872070312 13.57611083984375 0.06750011444091797
v -8.319656372070312 13.51275634765625 0.26999998092651367
v -8.319656372070312 13.51275634765625 0.26999998092651367
v -8.895584106445312 13.29437255859375 0.26999998092651367
v -8.920242309570312 13.357177734375 0.06750011444091797
v -8.343093872070312 13.57611083984375 0.06750011444091797
v -7.743484973907471 13.78912353515625 0.06750011444091797
v -7.721512317657471 13.72528076171875 0.26999998092651367
v -7.721512317657471 13.72528076171875 0.26999998092651367
v -8.319656372070312 13.51275634765625 0.26999998092651367
v -8.343093872070312 13.57611083984375 0.06750011444091797
v -7.743484973907471 13.78912353515625 0.06750011444091797
v -7.121414661407471 13.9962158203125 0.06750011444091797
v -7.100662708282471 13.9320068359375 0.26999998092651367
v -7.100662708282471 13.9320068359375 0.26999998092651367
v -7.721512317657471 13.72528076171875 0.26999998092651367
v -7.743484973907471 13.78912353515625 0.06750011444091797
v -7.121414661407471 13.9962158203125 0.06750011444091797
v -6.477127552032471 14.19744873046875 0.06750011444091797
v -6.457596302032471 14.1328125 0.26999998092651367
v -6.457596302032471 14.1328125 0.26999998092651367
v -7.100662708282471 13.9320068359375 0.26999998092651367
v -7.121414661407471 13.9962158203125 0.06750011444091797
v -6.477127552032471 14.19744873046875 0.06750011444091797
v -5.809891223907471 14.39288330078125 0.06750011444091797
v -5.791824817657471 14.32781982421875 0.26999998092651367
v -5.791824817657471 14.32781982421875 0.26999998092651367
v -6.457596302032471 14.1328125 0.26999998092651367
v -6.477127552032471 14.19744873046875 0.06750011444091797
v -5.809891223907471 14.39288330078125 0.06750011444091797
v -5.117264270782471 14.5718994140625 0.06750011444091797
v -5.101883411407471 14.50616455078125 0.26999998092651367
v -5.101883411407471 14.50616455078125 0.26999998092651367
v -5.791824817657471 14.32781982421875 0.26999998092651367
v -5.809891223907471 14.39288330078125 0.06750011444091797
v -5.117264270782471 14.5718994140625 0.06750011444091797
v -4.398025989532471 14.723388671875 0.06750011444091797
v -4.385330677032471 14.65704345703125 0.26999998092651367
v -4.385330677032471 14.65704345703125 0.26999998092651367
v -5.101883411407471 14.50616455078125 0.26999998092651367
v -5.117264270782471 14.5718994140625 0.06750011444091797
v -4.398025989532471 14.723388671875 0.06750011444091797
v -3.6524202823638916 14.8472900390625 0.06750011444091797
v -3.6426546573638916 14.780517578125 0.26999998092651367
v -3.6426546573638916 14.780517578125 0.26999998092651367
v -4.385330677032471 14.65704345703125 0.26999998092651367
v -4.398025989532471 14.723388671875 0.06750011444091797
v -3.6524202823638916 14.8472900390625 0.06750011444091797
v -2.8806917667388916 14.94366455078125 0.06750011444091797
v -2.8736116886138916 14.87652587890625 0.26999998092651367
v -2.8736116886138916 14.87652587890625 0.26999998092651367
v -3.6426546573638916 14.780517578125 0.26999998092651367
v -3.6524202823638916 14.8472900390625 0.06750011444091797
v -2.8806917667388916 14.94366455078125 0.06750011444091797
v -2.0825960636138916 15.01251220703125 0.06750011444091797
v -2.0779573917388916 14.94512939453125 0.26999998092651367
v -2.0779573917388916 14.94512939453125 0.26999998092651367
v -2.8736116886138916 14.87652587890625 0.26999998092651367
v -2.8806917667388916 14.94366455078125 0.06750011444091797
v -2.0825960636138916 15.01251220703125 0.06750011444091797
v -1.2583773136138916 15.05377197265625 0.06750011444091797
v -1.2561800479888916 14.98626708984375 0.26999998092651367
v -1.2561800479888916 14.98626708984375 0.26999998092651367
v -2.0779573917388916 14.94512939453125 0.26999998092651367
v -2.0825960636138916 15.01251220703125 0.06750011444091797
v -1.2583773136138916 15.05377197265625 0.06750011444091797
v -0.407791405916214 15.0675048828125 0.06750011444091797
v -0.407791405916214 15.0 0.26999998092651367
v -0.407791405916214 15.0 0.26999998092651367
v -1.2561800479888916 14.98626708984375 0.26999998092651367
v -1.2583773136138916 15.05377197265625 0.06750011444091797
v -0.407791405916214 15.0675048828125 0.06750011444091797
v 0.235519140958786 15.0576171875 0.06750011444091797
v 0.233321875333786 14.99017333984375 0.26999998092651367
v 0.233321875333786 14.99017333984375 0.26999998092651367
v -0.407791405916214 15.0 0.26999998092651367
v -0.407791405916214 15.0675048828125 0.06750011444091797
v 0.235519140958786 15.0576171875 0.06750011444091797
v 0.8485562205314636 15.0279541015625 0.06750011444091797
v 0.8441616892814636 14.9605712890625 0.26999998092651367
v 0.8441616892814636 14.9605712890625 0.26999998092651367
v 0.233321875333786 14.99017333984375 0.26999998092651367
v 0.235519140958786 15.0576171875 0.06750011444091797
v 0.8485562205314636 15.0279541015625 0.06750011444091797
v 1.4318082332611084 14.97845458984375 0.06750011444091797
v 1.4249722957611084 14.91131591796875 0.26999998092651367
v 1.4249722957611084 14.91131591796875 0.26999998092651367
v 0.8441616892814636 14.9605712890625 0.26999998092651367
v 0.8485562205314636 15.0279541015625 0.06750011444091797
v 1.4318082332611084 14.97845458984375 0.06750011444091797
v 1.9852750301361084 14.90911865234375 0.06750011444091797
v 1.9752652645111084 14.84234619140625 0.26999998092651367
v 1.9752652645111084 14.84234619140625 0.26999998092651367
v 1.4249722957611084 14.91131591796875 0.26999998092651367
v 1.4318082332611084 14.97845458984375 0.06750011444091797
v 1.9852750301361084 14.90911865234375 0.06750011444091797
v 2.5084683895111084 14.8199462890625 0.06750011444091797
v 2.4955289363861084 14.753662109375 0.26999998092651367
v 2.4955289363861084 14.753662109375 0.26999998092651367
v 1.9752652645111084 14.84234619140625 0.26999998092651367
v 1.9852750301361084 14.90911865234375 0.06750011444091797
v 2.5084683895111084 14.8199462890625 0.06750011444091797
v 3.0018765926361084 14.7108154296875 0.06750011444091797
v 2.9855191707611084 14.645263671875 0.26999998092651367
v 2.9855191707611084 14.645263671875 0.26999998092651367
v 2.4955289363861084 14.753662109375 0.26999998092651367
v 2.5084683895111084 14.8199462890625 0.06750011444091797
v 3.0018765926361084 14.7108154296875 0.06750011444091797
v 3.4652554988861084 14.5816650390625 0.06750011444091797
v 3.4452359676361084 14.5172119140625 0.26999998092651367
v 3.4452359676361084 14.5172119140625 0.26999998092651367
v 2.9855191707611084 14.645263671875 0.26999998092651367
v 3.0018765926361084 14.7108154296875 0.06750011444091797
v 3.4652554988861084 14.5816650390625 0.06750011444091797
v 3.9012906551361084 14.43145751953125 0.06750011444091797
v 3.8771207332611084 14.36834716796875 0.26999998092651367
v 3.8771207332611084 14.36834716796875 0.26999998092651367
v 3.4452359676361084 14.5172119140625 0.26999998092651367
v 3.4652554988861084 14.5816650390625 0.06750011444091797
v 3.9012906551361084 14.43145751953125 0.06750011444091797
v 4.311934947967529 14.2591552734375 0.06750011444091797
v 4.283614635467529 14.19781494140625 0.26999998092651367
v 4.283614635467529 14.19781494140625 0.26999998092651367
v 3.8771207332611084 14.36834716796875 0.26999998092651367
v 3.9012906551361084 14.43145751953125 0.06750011444091797
v 4.311934947967529 14.2591552734375 0.06750011444091797
v 4.697432994842529 14.064697265625 0.06750011444091797
v 4.664718151092529 14.00555419921875 0.26999998092651367
v 4.664718151092529 14.00555419921875 0.26999998092651367
v 4.283614635467529 14.19781494140625 0.26999998092651367
v 4.311934947967529 14.2591552734375 0.06750011444091797
v 4.697432994842529 14.064697265625 0.06750011444091797
v 5.057296276092529 13.84796142578125 0.06750011444091797
v 5.020186901092529 13.79150390625 0.26999998092651367
v 5.020186901092529 13.79150390625 0.26999998092651367
v 4.664718151092529 14.00555419921875 0.26999998092651367
v 4.697432994842529 14.064697265625 0.06750011444091797
v 5.057296276092529 13.84796142578125 0.06750011444091797
v 5.391768932342529 13.609130859375 0.06750011444091797
v 5.350509166717529 13.5557861328125 0.26999998092651367
v 5.350509166717529 13.5557861328125 0.26999998092651367
v 5.020186901092529 13.79150390625 0.26999998092651367
v 5.057296276092529 13.84796142578125 0.06750011444091797
v 5.391768932342529 13.609130859375 0.06750011444091797
v 5.700850963592529 13.3480224609375 0.06750011444091797
v 5.655196666717529 13.29827880859375 0.26999998092651367
v 5.655196666717529 13.29827880859375 0.26999998092651367
v 5.350509166717529 13.5557861328125 0.26999998092651367
v 5.391768932342529 13.609130859375 0.06750011444091797
v 5.700850963592529 13.3480224609375 0.06750011444091797
v 5.984054088592529 13.06488037109375 0.06750011444091797
v 5.934249401092529 13.01904296875 0.26999998092651367
v 5.934249401092529 13.01904296875 0.26999998092651367
v 5.655196666717529 13.29827880859375 0.26999998092651367
v 5.700850963592529 13.3480224609375 0.06750011444091797
v 5.984054088592529 13.06488037109375 0.06750011444091797
v 6.243087291717529 12.76043701171875 0.06750011444091797
v 6.190108776092529 12.7186279296875 0.26999998092651367
v 6.190108776092529 12.7186279296875 0.26999998092651367
v 5.934249401092529 13.01904296875 0.26999998092651367
v 5.984054088592529 13.06488037109375 0.06750011444091797
v 6.243087291717529 12.76043701171875 0.06750011444091797
v 6.480391979217529 12.43524169921875 0.06750011444091797
v 6.424483776092529 12.3974609375 0.26999998092651367
v 6.424483776092529 12.3974609375 0.26999998092651367
v 6.190108776092529 12.7186279296875 0.26999998092651367
v 6.243087291717529 12.76043701171875 0.06750011444091797
v 6.480391979217529 12.43524169921875 0.06750011444091797
v 6.695968151092529 12.08929443359375 0.06750011444091797
v 6.637374401092529 12.0556640625 0.26999998092651367
v 6.637374401092529 12.0556640625 0.26999998092651367
v 6.424483776092529 12.3974609375 0.26999998092651367
v 6.480391979217529 12.43524169921875 0.06750011444091797
v 6.695968151092529 12.08929443359375 0.06750011444091797
v 6.889327526092529 11.7225341796875 0.06750011444091797
v 6.828780651092529 11.693115234375 0.26999998092651367
v 6.828780651092529 11.693115234375 0.26999998092651367
v 6.637374401092529 12.0556640625 0.26999998092651367
v 6.695968151092529 12.08929443359375 0.06750011444091797
v 6.889327526092529 11.7225341796875 0.06750011444091797
v 7.061202526092529 11.335205078125 0.06750011444091797
v 6.998702526092529 11.30987548828125 0.26999998092651367
v 6.998702526092529 11.30987548828125 0.26999998092651367
v 6.828780651092529 11.693115234375 0.26999998092651367
v 6.889327526092529 11.7225341796875 0.06750011444091797
v 7.061202526092529 11.335205078125 0.06750011444091797
v 7.211104869842529 10.92724609375 0.06750011444091797
v 7.147140026092529 10.9058837890625 0.26999998092651367
v 7.147140026092529 10.9058837890625 0.26999998092651367
v 6.998702526092529 11.30987548828125 0.26999998092651367
v 7.061202526092529 11.335205078125 0.06750011444091797
v 7.211104869842529 10.92724609375 0.06750011444091797
v 7.339278697967529 10.4989013671875 0.06750011444091797
v 7.274093151092529 10.48126220703125 0.26999998092651367
v 7.274093151092529 10.48126220703125 0.26999998092651367
v 7.147140026092529 10.9058837890625 0.26999998092651367
v 7.211104869842529 10.92724609375 0.06750011444091797
v 7.339278697967529 10.4989013671875 0.06750011444091797
v 7.447921276092529 10.05035400390625 0.06750011444091797
v 7.382003307342529 10.03594970703125 0.26999998092651367
v 7.382003307342529 10.03594970703125 0.26999998092651367
v 7.274093151092529 10.48126220703125 0.26999998092651367
v 7.339278697967529 10.4989013671875 0.06750011444091797
v 7.447921276092529 10.05035400390625 0.06750011444091797
v 7.539718151092529 9.58154296875 0.06750011444091797
v 7.473311901092529 9.5699462890625 0.26999998092651367
v 7.473311901092529 9.5699462890625 0.26999998092651367
v 7.382003307342529 10.03594970703125 0.26999998092651367
v 7.447921276092529 10.05035400390625 0.06750011444091797
v 7.539718151092529 9.58154296875 0.06750011444091797
v 7.614913463592529 9.09222412109375 0.06750011444091797
v 7.548018932342529 9.083251953125 0.26999998092651367
v 7.548018932342529 9.083251953125 0.26999998092651367
v 7.473311901092529 9.5699462890625 0.26999998092651367
v 7.539718151092529 9.58154296875 0.06750011444091797
v 7.614913463592529 9.09222412109375 0.06750011444091797
v 7.673263072967529 8.58245849609375 0.06750011444091797
v 7.606124401092529 8.575927734375 0.26999998092651367
v 7.606124401092529 8.575927734375 0.26999998092651367
v 7.548018932342529 9.083251953125 0.26999998092651367
v 7.614913463592529 9.09222412109375 0.06750011444091797
v 7.673263072967529 8.58245849609375 0.06750011444091797
v 7.715011119842529 8.0521240234375 0.06750011444091797
v 7.647628307342529 8.0479736328125 0.26999998092651367
v 7.647628307342529 8.0479736328125 0.26999998092651367
v 7.606124401092529 8.575927734375 0.26999998092651367
v 7.673263072967529 8.58245849609375 0.06750011444091797
v 7.715011119842529 8.0521240234375 0.06750011444091797
v 7.740157604217529 7.5013427734375 0.06750011444091797
v 7.672530651092529 7.49932861328125 0.26999998092651367
v 7.672530651092529 7.49932861328125 0.26999998092651367
v 7.647628307342529 8.0479736328125 0.26999998092651367
v 7.715011119842529 8.0521240234375 0.06750011444091797
v 7.740157604217529 7.5013427734375 0.06750011444091797
v 7.748458385467529 6.93048095703125 0.06750011444091797
v 7.680831432342529 6.92999267578125 0.26999998092651367
v 7.680831432342529 6.92999267578125 0.26999998092651367
v 7.672530651092529 7.49932861328125 0.26999998092651367
v 7.740157604217529 7.5013427734375 0.06750011444091797
v 7.748458385467529 6.93048095703125 0.06750011444091797
v 7.746505260467529 4.53863525390625 0.06750011444091797
v 7.680831432342529 4.59002685546875 0.26999998092651367
v 7.680831432342529 4.59002685546875 0.26999998092651367
v 7.680831432342529 6.92999267578125 0.26999998092651367
v 7.748458385467529 6.93048095703125 0.06750011444091797
v 9.508712768554688 -18.2113037109375 0.26999998092651367
v 9.508712768554688 -18.2113037109375 3.7300000190734863
v 9.366867065429688 -18.288330078125 3.7300000190734863
v 9.366867065429688 -18.288330078125 3.7300000190734863
v 9.366867065429688 -18.288330078125 0.26999998092651367
v 9.508712768554688 -18.2113037109375 0.26999998092651367
v 7.635177135467529 -10.5047607421875 0.2700002193450928
v 7.635177135467529 -10.5047607421875 3.7300000190734863
v 7.680831432342529 -10.25250244140625 3.7300000190734863
v 7.680831432342529 -10.25250244140625 3.7300000190734863
v 7.680831432342529 -10.25250244140625 0.2700002193450928
v 7.635177135467529 -10.5047607421875 0.2700002193450928
v 7.613448619842529 4.38751220703125 0.26999998092651367
v 7.613448619842529 4.38751220703125 3.7300000190734863
v 7.680831432342529 4.59002685546875 3.7300000190734863
v 7.680831432342529 4.59002685546875 3.7300000190734863
v 7.680831432342529 4.59002685546875 0.26999998092651367
v 7.613448619842529 4.38751220703125 0.26999998092651367
v 7.613448619842529 -3.3074951171875 0.26999998092651367
v 7.613448619842529 -3.3074951171875 3.7300000190734863
v 7.410811901092529 -3.239990234375 3.7300000190734863
v 7.410811901092529 -3.239990234375 3.7300000190734863
v 7.410811901092529 -3.239990234375 0.26999998092651367
v 7.613448619842529 -3.3074951171875 0.26999998092651367
v 11.404953002929688 -22.84503173828125 4.0
v 11.699386596679688 -22.88812255859375 4.0
v 12.044113159179688 -22.92498779296875 4.0
v 17.794113159179688 -22.796875 4.0
v 18.047286987304688 -22.75787353515625 4.0
v 18.277999877929688 -22.70989990234375 4.0
v 7.246505260467529 -11.39544677734375 4.0
v 6.612472057342529 -12.04058837890625 4.0
v 9.490890502929688 -17.83355712890625 4.0
v 6.048995494842529 -16.01580810546875 4.0
v 5.980391979217529 -12.63714599609375 4.0
v 5.350509166717529 -13.18524169921875 4.0
v 5.350509166717529 -13.18524169921875 4.0
v 5.657393932342529 -16.09423828125 4.0
v 6.048995494842529 -16.01580810546875 4.0
v 4.722091197967529 -13.6846923828125 4.0
v 5.227462291717529 -16.1802978515625 4.0
v 5.657393932342529 -16.09423828125 4.0
v 5.657393932342529 -16.09423828125 4.0
v 5.350509166717529 -13.18524169921875 4.0
v 4.722091197967529 -13.6846923828125 4.0
v 4.095626354217529 -14.135498046875 4.0
v 4.762130260467529 -16.2734375 4.0
v 5.227462291717529 -16.1802978515625 4.0
v 5.227462291717529 -16.1802978515625 4.0
v 4.722091197967529 -13.6846923828125 4.0
v 4.095626354217529 -14.135498046875 4.0
v 3.4694058895111084 -14.53814697265625 4.0
v 2.8329312801361084 -14.8907470703125 4.0
v 6.144210338592529 -20.706298828125 4.0
v 2.8329312801361084 -14.8907470703125 4.0
v 2.1774137020111084 -15.19000244140625 4.0
v 6.144210338592529 -20.706298828125 4.0
v 2.1774137020111084 -15.19000244140625 4.0
v 1.5043179988861084 -15.4349365234375 4.0
v 6.144210338592529 -20.706298828125 4.0
v 1.5043179988861084 -15.4349365234375 4.0
v 0.8138882517814636 -15.62548828125 4.0
v 6.144210338592529 -20.706298828125 4.0
v 0.8138882517814636 -15.62548828125 4.0
v 0.10685703158378601 -15.76153564453125 4.0
v 6.144210338592529 -20.706298828125 4.0
v 0.10685703158378601 -15.76153564453125 4.0
v -0.6167758107185364 -15.843017578125 4.0
v 6.144210338592529 -20.706298828125 4.0
v 3.2628629207611084 -19.02862548828125 4.0
v 6.144210338592529 -20.706298828125 4.0
v 3.3649137020111084 -18.91436767578125 4.0
v 3.1923062801361084 -19.10784912109375 4.0
v 6.144210338592529 -20.706298828125 4.0
v 3.2628629207611084 -19.02862548828125 4.0
v -3.7805941104888916 -15.57958984375 4.0
v -4.484695911407471 -15.35174560546875 4.0
v -19.080886840820312 -12.98858642578125 4.0
v -4.484695911407471 -15.35174560546875 4.0
v -5.135818958282471 -15.05731201171875 4.0
v -19.080886840820312 -12.98858642578125 4.0
v -5.135818958282471 -15.05731201171875 4.0
v -5.732498645782471 -14.69610595703125 4.0
v -19.080886840820312 -12.98858642578125 4.0
v -5.732498645782471 -14.69610595703125 4.0
v -6.273758411407471 -14.2684326171875 4.0
v -19.080886840820312 -12.98858642578125 4.0
v -6.273758411407471 -14.2684326171875 4.0
v -6.750565052032471 -13.78228759765625 4.0
v -19.080886840820312 -12.98858642578125 4.0
v -6.750565052032471 -13.78228759765625 4.0
v -7.154861927032471 -13.24560546875 4.0
v -19.080886840820312 -12.98858642578125 4.0
v -7.154861927032471 -13.24560546875 4.0
v -7.485672473907471 -12.6595458984375 4.0
v -19.080886840820312 -12.98858642578125 4.0
v -14.689529418945312 -12.3419189453125 4.0
v -19.080886840820312 -12.98858642578125 4.0
v -14.543045043945312 -12.603271484375 4.0
v -14.836990356445312 -12.07904052734375 4.0
v -19.080886840820312 -12.98858642578125 4.0
v -14.689529418945312 -12.3419189453125 4.0
v -14.981521606445312 -11.82159423828125 4.0
v -19.080886840820312 -12.98858642578125 4.0
v -14.836990356445312 -12.07904052734375 4.0
v -15.062332153320312 -11.677490234375 4.0
v -19.080886840820312 -12.98858642578125 4.0
v -14.981521606445312 -11.82159423828125 4.0
v -15.135574340820312 -11.546875 4.0
v -19.080886840820312 -12.98858642578125 4.0
v -15.062332153320312 -11.677490234375 4.0
v -15.201980590820312 -11.4287109375 4.0
v -19.080886840820312 -12.98858642578125 4.0
v -15.135574340820312 -11.546875 4.0
v -15.261550903320312 -11.3226318359375 4.0
v -19.080886840820312 -12.98858642578125 4.0
v -15.201980590820312 -11.4287109375 4.0
v -15.314285278320312 -11.22833251953125 4.0
v -19.080886840820312 -12.98858642578125 4.0
v -15.261550903320312 -11.3226318359375 4.0
v -15.360916137695312 -11.1453857421875 4.0
v -19.080886840820312 -12.98858642578125 4.0
v -15.314285278320312 -11.22833251953125 4.0
v -15.401443481445312 -11.0732421875 4.0
v -19.080886840820312 -12.98858642578125 4.0
v -15.360916137695312 -11.1453857421875 4.0
v -15.435867309570312 -11.0115966796875 4.0
v -19.080886840820312 -12.98858642578125 4.0
v -15.401443481445312 -11.0732421875 4.0
v -15.464675903320312 -10.96044921875 4.0
v -19.080886840820312 -12.98858642578125 4.0
v -15.435867309570312 -11.0115966796875 4.0
v -15.496658325195312 -10.9033203125 4.0
v -19.080886840820312 -12.98858642578125 4.0
v -15.464675903320312 -10.96044921875 4.0
v -15.523025512695312 -10.85650634765625 4.0
v -19.080886840820312 -12.98858642578125 4.0
v -15.496658325195312 -10.9033203125 4.0
v -5.447830677032471 -4.73974609375 4.0
v -5.045731067657471 -4.49261474609375 4.0
v 1.1107633113861084 -0.37396240234375 4.0
v 3.5104215145111084 4.04998779296875 4.0
v 1.9127652645111084 4.032470703125 4.0
v 0.373702734708786 3.97991943359375 4.0
v -2.7722933292388916 -1.5037841796875 4.0
v -3.2232210636138916 -1.40765380859375 4.0
v -5.447830677032471 -4.73974609375 4.0
v -2.7722933292388916 -1.5037841796875 4.0
v -5.447830677032471 -4.73974609375 4.0
v 1.1107633113861084 -0.37396240234375 4.0
v -2.7722933292388916 -1.5037841796875 4.0
v 1.1107633113861084 -0.37396240234375 4.0
v -0.8316195607185364 0.412353515625 4.0
v -2.8948519229888916 -0.915771484375 4.0
v -2.7722933292388916 -1.5037841796875 4.0
v -0.8316195607185364 0.412353515625 4.0
v 0.373702734708786 3.97991943359375 4.0
v -2.8948519229888916 -0.915771484375 4.0
v -0.8316195607185364 0.412353515625 4.0
v 3.5104215145111084 4.04998779296875 4.0
v 0.373702734708786 3.97991943359375 4.0
v -0.8316195607185364 0.412353515625 4.0
v 3.5104215145111084 4.04998779296875 4.0
v -0.8316195607185364 0.412353515625 4.0
v 2.2203824520111084 2.25213623046875 4.0
v 2.2203824520111084 2.25213623046875 4.0
v 2.3099820613861084 0.4334716796875 4.0
v 7.680831432342529 4.04998779296875 4.0
v 3.5104215145111084 4.04998779296875 4.0
v 2.2203824520111084 2.25213623046875 4.0
v 7.680831432342529 4.04998779296875 4.0
v 1.1107633113861084 -0.37396240234375 4.0
v -5.045731067657471 -4.49261474609375 4.0
v -4.612381458282471 -4.26458740234375 4.0
v 1.1107633113861084 -0.37396240234375 4.0
v -4.612381458282471 -4.26458740234375 4.0
v -4.148514270782471 -4.05560302734375 4.0
v 1.1107633113861084 -0.37396240234375 4.0
v -4.148514270782471 -4.05560302734375 4.0
v 1.1822965145111084 -0.40289306640625 4.0
v -3.6541292667388916 -3.8656005859375 4.0
v 1.2594449520111084 -0.4342041015625 4.0
v 1.1822965145111084 -0.40289306640625 4.0
v 1.1822965145111084 -0.40289306640625 4.0
v -4.148514270782471 -4.05560302734375 4.0
v -3.6541292667388916 -3.8656005859375 4.0
v -3.1294710636138916 -3.69427490234375 4.0
v 1.3629605770111084 -0.47601318359375 4.0
v 1.2594449520111084 -0.4342041015625 4.0
v 1.2594449520111084 -0.4342041015625 4.0
v -3.6541292667388916 -3.8656005859375 4.0
v -3.1294710636138916 -3.69427490234375 4.0
v -2.5740511417388916 -3.5413818359375 4.0
v 1.4947965145111084 -0.52935791015625 4.0
v 1.3629605770111084 -0.47601318359375 4.0
v 1.3629605770111084 -0.47601318359375 4.0
v -3.1294710636138916 -3.69427490234375 4.0
v -2.5740511417388916 -3.5413818359375 4.0
v -1.9883577823638916 -3.40692138671875 4.0
v 1.6573941707611084 -0.59527587890625 4.0
v 1.4947965145111084 -0.52935791015625 4.0
v 1.4947965145111084 -0.52935791015625 4.0
v -2.5740511417388916 -3.5413818359375 4.0
v -1.9883577823638916 -3.40692138671875 4.0
v -1.3699495792388916 -3.29058837890625 4.0
v 1.8549039363861084 -0.6751708984375 4.0
v 1.6573941707611084 -0.59527587890625 4.0
v 1.6573941707611084 -0.59527587890625 4.0
v -1.9883577823638916 -3.40692138671875 4.0
v -1.3699495792388916 -3.29058837890625 4.0
v -0.7171176075935364 -3.1923828125 4.0
v 2.0909879207611084 -0.770751953125 4.0
v 1.8549039363861084 -0.6751708984375 4.0
v 1.8549039363861084 -0.6751708984375 4.0
v -1.3699495792388916 -3.29058837890625 4.0
v -0.7171176075935364 -3.1923828125 4.0
v -0.02961757779121399 -3.1121826171875 4.0
v 2.3727262020111084 -0.88238525390625 4.0
v 2.0909879207611084 -0.770751953125 4.0
v 2.0909879207611084 -0.770751953125 4.0
v -0.7171176075935364 -3.1923828125 4.0
v -0.02961757779121399 -3.1121826171875 4.0
v 5.461349010467529 1.1824951171875 4.0
v 7.680831432342529 4.04998779296875 4.0
v 4.903731822967529 0.90576171875 4.0
v 5.957198619842529 1.4285888671875 4.0
v 7.680831432342529 4.04998779296875 4.0
v 5.461349010467529 1.1824951171875 4.0
v 5.281905651092529 0.401611328125 4.0
v 3.0651090145111084 -2.969970703125 4.0
v 7.680831432342529 -2.969970703125 4.0
v 7.680831432342529 -2.969970703125 4.0
v 7.680831432342529 -0.806884765625 4.0
v 5.281905651092529 0.401611328125 4.0
v -12.784744262695312 11.78570556640625 4.0
v -12.396072387695312 11.98828125 4.0
v -15.268630981445312 10.8472900390625 4.0
v -12.784744262695312 11.78570556640625 4.0
v -15.268630981445312 10.8472900390625 4.0
v -15.139236450195312 10.83087158203125 4.0
v -14.802566528320312 10.9205322265625 4.0
v -14.582351684570312 10.97930908203125 4.0
v -14.342605590820312 11.0623779296875 4.0
v -15.139236450195312 10.83087158203125 4.0
v -14.802566528320312 10.9205322265625 4.0
v -14.342605590820312 11.0623779296875 4.0
v -15.139236450195312 10.83087158203125 4.0
v -14.342605590820312 11.0623779296875 4.0
v -13.478836059570312 11.4156494140625 4.0
v -12.784744262695312 11.78570556640625 4.0
v -15.139236450195312 10.83087158203125 4.0
v -13.478836059570312 11.4156494140625 4.0
v -12.784744262695312 11.78570556640625 4.0
v -13.478836059570312 11.4156494140625 4.0
v -13.146072387695312 11.59051513671875 4.0
v -13.478836059570312 11.4156494140625 4.0
v -14.342605590820312 11.0623779296875 4.0
v -14.076004028320312 11.152587890625 4.0
v -14.076004028320312 11.152587890625 4.0
v -13.787918090820312 11.270263671875 4.0
v -13.478836059570312 11.4156494140625 4.0
v -4.617020130157471 21.0419921875 4.0
v -2.4793245792388916 23.704833984375 4.0
v -4.664627552032471 21.05865478515625 4.0
v -4.563065052032471 21.023193359375 4.0
v -2.4793245792388916 23.704833984375 4.0
v -4.617020130157471 21.0419921875 4.0
v -4.502274036407471 21.001953125 4.0
v -2.4793245792388916 23.704833984375 4.0
v -4.563065052032471 21.023193359375 4.0
v -4.433670520782471 20.97796630859375 4.0
v -2.4793245792388916 23.704833984375 4.0
v -4.502274036407471 21.001953125 4.0
v -4.355301380157471 20.95062255859375 4.0
v -2.4793245792388916 23.704833984375 4.0
v -4.433670520782471 20.97796630859375 4.0
v -4.265457630157471 20.9193115234375 4.0
v -2.4793245792388916 23.704833984375 4.0
v -4.355301380157471 20.95062255859375 4.0
v -4.163406848907471 20.88372802734375 4.0
v -2.4793245792388916 23.704833984375 4.0
v -4.265457630157471 20.9193115234375 4.0
v -4.047684192657471 20.84326171875 4.0
v -2.4793245792388916 23.704833984375 4.0
v -4.163406848907471 20.88372802734375 4.0
v -3.9165804386138916 20.7974853515625 4.0
v -2.4793245792388916 23.704833984375 4.0
v -4.047684192657471 20.84326171875 4.0
v -3.7681429386138916 20.74566650390625 4.0
v -2.4793245792388916 23.704833984375 4.0
v -3.9165804386138916 20.7974853515625 4.0
v -3.5996859073638916 20.68682861328125 4.0
v -2.4793245792388916 23.704833984375 4.0
v -3.7681429386138916 20.74566650390625 4.0
v -3.4060823917388916 20.6192626953125 4.0
v -2.4793245792388916 23.704833984375 4.0
v -3.5996859073638916 20.68682861328125 4.0
v -4.435379505157471 14.92242431640625 4.0
v -3.6839144229888916 18.29620361328125 4.0
v -4.131180286407471 17.9964599609375 4.0
v -4.131180286407471 17.9964599609375 4.0
v -4.155838489532471 18.1236572265625 4.0
v -5.163406848907471 14.76910400390625 4.0
v -4.435379505157471 14.92242431640625 4.0
v -4.131180286407471 17.9964599609375 4.0
v -5.163406848907471 14.76910400390625 4.0
v -3.6814730167388916 15.0477294921875 4.0
v -3.1839144229888916 18.63134765625 4.0
v -3.6839144229888916 18.29620361328125 4.0
v -3.6839144229888916 18.29620361328125 4.0
v -4.435379505157471 14.92242431640625 4.0
v -3.6814730167388916 15.0477294921875 4.0
v -2.9019320011138916 15.14508056640625 4.0
v -2.7141878604888916 18.9461669921875 4.0
v -3.1839144229888916 18.63134765625 4.0
v -3.1839144229888916 18.63134765625 4.0
v -3.6814730167388916 15.0477294921875 4.0
v -2.9019320011138916 15.14508056640625 4.0
v -2.0962679386138916 15.21453857421875 4.0
v -2.2779085636138916 19.23858642578125 4.0
v -2.7141878604888916 18.9461669921875 4.0
v -2.7141878604888916 18.9461669921875 4.0
v -2.9019320011138916 15.14508056640625 4.0
v -2.0962679386138916 15.21453857421875 4.0
v -1.2649691104888916 15.25616455078125 4.0
v -1.8760530948638916 19.50787353515625 4.0
v -2.2779085636138916 19.23858642578125 4.0
v -2.2779085636138916 19.23858642578125 4.0
v -2.0962679386138916 15.21453857421875 4.0
v -1.2649691104888916 15.25616455078125 4.0
v -0.408035546541214 15.27001953125 4.0
v -1.5091097354888916 19.75390625 4.0
v -1.8760530948638916 19.50787353515625 4.0
v -1.8760530948638916 19.50787353515625 4.0
v -1.2649691104888916 15.25616455078125 4.0
v -0.408035546541214 15.27001953125 4.0
v 0.241866797208786 15.26007080078125 4.0
v 0.8622280955314636 15.23004150390625 4.0
v -2.4793245792388916 23.704833984375 4.0
v 0.8622280955314636 15.23004150390625 4.0
v 1.4530484676361084 15.17987060546875 4.0
v -2.4793245792388916 23.704833984375 4.0
v 1.4530484676361084 15.17987060546875 4.0
v 2.0148160457611084 15.1094970703125 4.0
v -2.4793245792388916 23.704833984375 4.0
v 2.0148160457611084 15.1094970703125 4.0
v 2.5472867488861084 15.01873779296875 4.0
v -2.4793245792388916 23.704833984375 4.0
v 0.8341519236564636 18.248291015625 4.0
v 0.8492886424064636 18.40972900390625 4.0
v -2.4793245792388916 23.704833984375 4.0
v 0.8341519236564636 18.248291015625 4.0
v -2.4793245792388916 23.704833984375 4.0
v 2.5472867488861084 15.01873779296875 4.0
v 2.5472867488861084 15.01873779296875 4.0
v 3.0509488582611084 14.9073486328125 4.0
v 0.9313198924064636 18.2791748046875 4.0
v 0.8341519236564636 18.248291015625 4.0
v 2.5472867488861084 15.01873779296875 4.0
v 0.9313198924064636 18.2791748046875 4.0
v 3.5255582332611084 14.77508544921875 4.0
v 1.1273648738861084 18.34149169921875 4.0
v 0.9313198924064636 18.2791748046875 4.0
v 0.9313198924064636 18.2791748046875 4.0
v 3.0509488582611084 14.9073486328125 4.0
v 3.5255582332611084 14.77508544921875 4.0
v 3.9735562801361084 14.62078857421875 4.0
v 1.2931363582611084 18.3941650390625 4.0
v 1.1273648738861084 18.34149169921875 4.0
v 1.1273648738861084 18.34149169921875 4.0
v 3.5255582332611084 14.77508544921875 4.0
v 3.9735562801361084 14.62078857421875 4.0
v 4.396895885467529 14.443115234375 4.0
v 1.4310758113861084 18.43798828125 4.0
v 1.2931363582611084 18.3941650390625 4.0
v 1.2931363582611084 18.3941650390625 4.0
v 3.9735562801361084 14.62078857421875 4.0
v 4.396895885467529 14.443115234375 4.0
v 12.056076049804688 10.69427490234375 4.0
v 5.168624401092529 14.01739501953125 4.0
v 5.516280651092529 13.76910400390625 4.0
v 5.516280651092529 13.76910400390625 4.0
v 12.091964721679688 10.6273193359375 4.0
v 12.056076049804688 10.69427490234375 4.0
v 5.838057994842529 13.4971923828125 4.0
v 12.164718627929688 10.52996826171875 4.0
v 12.091964721679688 10.6273193359375 4.0
v 12.091964721679688 10.6273193359375 4.0
v 5.516280651092529 13.76910400390625 4.0
v 5.838057994842529 13.4971923828125 4.0
v 6.132979869842529 13.20233154296875 4.0
v 12.260910034179688 10.401123046875 4.0
v 12.164718627929688 10.52996826171875 4.0
v 12.164718627929688 10.52996826171875 4.0
v 5.838057994842529 13.4971923828125 4.0
v 6.132979869842529 13.20233154296875 4.0
v 6.402266979217529 12.88592529296875 4.0
v 12.378585815429688 10.24371337890625 4.0
v 12.260910034179688 10.401123046875 4.0
v 12.260910034179688 10.401123046875 4.0
v 6.132979869842529 13.20233154296875 4.0
v 6.402266979217529 12.88592529296875 4.0
v 6.648360729217529 12.548583984375 4.0
v 12.515304565429688 10.06072998046875 4.0
v 12.378585815429688 10.24371337890625 4.0
v 12.378585815429688 10.24371337890625 4.0
v 6.402266979217529 12.88592529296875 4.0
v 6.648360729217529 12.548583984375 4.0
v 6.871505260467529 12.190185546875 4.0
v 12.669113159179688 9.85479736328125 4.0
v 12.515304565429688 10.06072998046875 4.0
v 12.515304565429688 10.06072998046875 4.0
v 6.648360729217529 12.548583984375 4.0
v 6.871505260467529 12.190185546875 4.0
v 7.071700572967529 11.81097412109375 4.0
v 12.837570190429688 9.629150390625 4.0
v 12.669113159179688 9.85479736328125 4.0
v 12.669113159179688 9.85479736328125 4.0
v 6.871505260467529 12.190185546875 4.0
v 7.071700572967529 11.81097412109375 4.0
v 7.248946666717529 11.4112548828125 4.0
v 13.017990112304688 9.387451171875 4.0
v 12.837570190429688 9.629150390625 4.0
v 12.837570190429688 9.629150390625 4.0
v 7.071700572967529 11.81097412109375 4.0
v 7.248946666717529 11.4112548828125 4.0
v 7.403243541717529 10.9912109375 4.0
v 13.207687377929688 9.13360595703125 4.0
v 13.017990112304688 9.387451171875 4.0
v 13.017990112304688 9.387451171875 4.0
v 7.248946666717529 11.4112548828125 4.0
v 7.403243541717529 10.9912109375 4.0
v 7.534835338592529 10.5517578125 4.0
v 13.402999877929688 8.87188720703125 4.0
v 13.207687377929688 9.13360595703125 4.0
v 13.207687377929688 9.13360595703125 4.0
v 7.403243541717529 10.9912109375 4.0
v 7.534835338592529 10.5517578125 4.0
v 7.645675182342529 10.09368896484375 4.0
v 13.600997924804688 8.60675048828125 4.0
v 13.402999877929688 8.87188720703125 4.0
v 13.402999877929688 8.87188720703125 4.0
v 7.534835338592529 10.5517578125 4.0
v 7.645675182342529 10.09368896484375 4.0
v 7.739425182342529 9.61639404296875 4.0
v 13.799240112304688 8.34130859375 4.0
v 13.600997924804688 8.60675048828125 4.0
v 13.600997924804688 8.60675048828125 4.0
v 7.645675182342529 10.09368896484375 4.0
v 7.739425182342529 9.61639404296875 4.0
v 7.815597057342529 9.119140625 4.0
v 13.996261596679688 8.07763671875 4.0
v 13.799240112304688 8.34130859375 4.0
v 13.799240112304688 8.34130859375 4.0
v 7.739425182342529 9.61639404296875 4.0
v 7.815597057342529 9.119140625 4.0
v 7.874923229217529 8.6019287109375 4.0
v 7.917159557342529 8.064697265625 4.0
v 19.298751831054688 7.18414306640625 4.0
v 7.917159557342529 8.064697265625 4.0
v 7.942550182342529 7.50738525390625 4.0
v 19.298751831054688 7.18414306640625 4.0
v 7.942550182342529 7.50738525390625 4.0
v 7.950850963592529 6.93194580078125 4.0
v 19.298751831054688 7.18414306640625 4.0
v 12.423019409179688 5.76434326171875 4.0
v 13.458908081054688 5.74444580078125 4.0
v 19.298751831054688 7.18414306640625 4.0
v 12.423019409179688 5.76434326171875 4.0
v 19.298751831054688 7.18414306640625 4.0
v 7.950850963592529 6.93194580078125 4.0
v 12.423019409179688 5.76434326171875 4.0
v 7.950850963592529 6.93194580078125 4.0
v 7.943038463592529 4.3846435546875 4.0
v 12.423019409179688 5.76434326171875 4.0
v 7.943038463592529 4.3846435546875 4.0
v 12.542404174804688 5.51849365234375 4.0
v 18.972335815429688 -22.4266357421875 2.384185791015625e-07
v 18.833908081054688 -22.51214599609375 0.0
v 18.671310424804688 -22.58709716796875 0.0
v 18.486007690429688 -22.65301513671875 2.384185791015625e-07
v 18.277999877929688 -22.70989990234375 0.0
v 17.794113159179688 -22.796875 0.0
v 18.671310424804688 -22.58709716796875 0.0
v 18.486007690429688 -22.65301513671875 2.384185791015625e-07
v 17.794113159179688 -22.796875 0.0
v 18.972335815429688 -22.4266357421875 2.384185791015625e-07
v 18.671310424804688 -22.58709716796875 0.0
v 17.794113159179688 -22.796875 0.0
v 17.794113159179688 -22.796875 0.0
v 17.521652221679688 -22.84564208984375 0.0
v 17.216232299804688 -22.88873291015625 0.0
v 17.216232299804688 -22.88873291015625 0.0
v 16.868820190429688 -22.92547607421875 2.384185791015625e-07
v 16.479415893554688 -22.95574951171875 0.0
v 17.794113159179688 -22.796875 0.0
v 17.216232299804688 -22.88873291015625 0.0
v 16.479415893554688 -22.95574951171875 0.0
v 16.479415893554688 -22.95574951171875 0.0
v 16.048507690429688 -22.97943115234375 0.0
v 15.576583862304688 -22.99639892578125 2.384185791015625e-07
v 15.576583862304688 -22.99639892578125 2.384185791015625e-07
v 15.063400268554688 -23.006591796875 2.384185791015625e-07
v 14.509689331054688 -23.010009765625 0.0
v 16.479415893554688 -22.95574951171875 0.0
v 15.576583862304688 -22.99639892578125 2.384185791015625e-07
v 14.509689331054688 -23.010009765625 0.0
v 17.794113159179688 -22.796875 0.0
v 16.479415893554688 -22.95574951171875 0.0
v 14.509689331054688 -23.010009765625 0.0
v 18.972335815429688 -22.4266357421875 2.384185791015625e-07
v 17.794113159179688 -22.796875 0.0
v 14.509689331054688 -23.010009765625 0.0
v 14.509689331054688 -23.010009765625 0.0
v 13.918869018554688 -23.006591796875 0.0
v 13.376632690429688 -22.996337890625 2.384185791015625e-07
v 13.376632690429688 -22.996337890625 2.384185791015625e-07
v 12.883224487304688 -22.979248046875 2.384185791015625e-07
v 12.438888549804688 -22.9554443359375 0.0
v 14.509689331054688 -23.010009765625 0.0
v 13.376632690429688 -22.996337890625 2.384185791015625e-07
v 12.438888549804688 -22.9554443359375 0.0
v 12.438888549804688 -22.9554443359375 0.0
v 12.044113159179688 -22.92498779296875 2.384185791015625e-07
v 11.699386596679688 -22.88812255859375 2.384185791015625e-07
v 12.438888549804688 -22.9554443359375 0.0
v 11.699386596679688 -22.88812255859375 2.384185791015625e-07
v 11.404953002929688 -22.84503173828125 2.384185791015625e-07
v 14.509689331054688 -23.010009765625 0.0
v 12.438888549804688 -22.9554443359375 0.0
v 11.404953002929688 -22.84503173828125 2.384185791015625e-07
v 14.509689331054688 -23.010009765625 0.0
v 11.404953002929688 -22.84503173828125 2.384185791015625e-07
v 9.977218627929688 -22.3438720703125 0.0
v 18.972335815429688 -22.4266357421875 2.384185791015625e-07
v 14.509689331054688 -23.010009765625 0.0
v 9.977218627929688 -22.3438720703125 0.0
v 9.977218627929688 -22.3438720703125 0.0
v 9.897384643554688 -22.233154296875 0.0
v 9.832687377929688 -22.111328125 2.384185791015625e-07
v 9.832687377929688 -22.111328125 2.384185791015625e-07
v 9.784835815429688 -21.97747802734375 0.0
v 9.753829956054688 -21.83160400390625 0.0
v 9.977218627929688 -22.3438720703125 0.0
v 9.832687377929688 -22.111328125 2.384185791015625e-07
v 9.753829956054688 -21.83160400390625 0.0
v 9.753829956054688 -21.83160400390625 0.0
v 9.739425659179688 -21.673828125 0.0
v 9.741867065429688 -21.50018310546875 0.0
v 9.741867065429688 -21.50018310546875 0.0
v 9.821701049804688 -18.04852294921875 0.0
v 19.295089721679688 -16.37109375 0.0
v 9.753829956054688 -21.83160400390625 0.0
v 9.741867065429688 -21.50018310546875 0.0
v 19.295089721679688 -16.37109375 0.0
v 9.977218627929688 -22.3438720703125 0.0
v 9.753829956054688 -21.83160400390625 0.0
v 19.295089721679688 -16.37109375 0.0
v 18.972335815429688 -22.4266357421875 2.384185791015625e-07
v 9.977218627929688 -22.3438720703125 0.0
v 19.295089721679688 -16.37109375 0.0
v 19.295089721679688 -16.37109375 0.0
v 19.374679565429688 -21.5013427734375 0.0
v 19.375411987304688 -21.6727294921875 2.384185791015625e-07
v 19.375411987304688 -21.6727294921875 2.384185791015625e-07
v 19.356369018554688 -21.82757568359375 0.0
v 19.317550659179688 -21.9703369140625 0.0
v 19.295089721679688 -16.37109375 0.0
v 19.375411987304688 -21.6727294921875 2.384185791015625e-07
v 19.317550659179688 -21.9703369140625 0.0
v 18.972335815429688 -22.4266357421875 2.384185791015625e-07
v 19.295089721679688 -16.37109375 0.0
v 19.317550659179688 -21.9703369140625 0.0
v 19.317550659179688 -21.9703369140625 0.0
v 19.259201049804688 -22.10089111328125 2.384185791015625e-07
v 19.183029174804688 -22.22064208984375 0.0
v 18.972335815429688 -22.4266357421875 2.384185791015625e-07
v 19.317550659179688 -21.9703369140625 0.0
v 19.183029174804688 -22.22064208984375 0.0
v 18.972335815429688 -22.4266357421875 2.384185791015625e-07
v 19.183029174804688 -22.22064208984375 0.0
v 19.087814331054688 -22.32940673828125 0.0
v 10.190353393554688 -22.529541015625 0.0
v 10.072677612304688 -22.44329833984375 0.0
v 9.977218627929688 -22.3438720703125 0.0
v 11.404953002929688 -22.84503173828125 2.384185791015625e-07
v 11.144699096679688 -22.81072998046875 0.0
v 10.906417846679688 -22.77239990234375 2.384185791015625e-07
v 10.906417846679688 -22.77239990234375 2.384185791015625e-07
v 10.692062377929688 -22.72515869140625 0.0
v 10.501144409179688 -22.66900634765625 2.384185791015625e-07
v 11.404953002929688 -22.84503173828125 2.384185791015625e-07
v 10.906417846679688 -22.77239990234375 2.384185791015625e-07
v 10.501144409179688 -22.66900634765625 2.384185791015625e-07
v 9.977218627929688 -22.3438720703125 0.0
v 11.404953002929688 -22.84503173828125 2.384185791015625e-07
v 10.501144409179688 -22.66900634765625 2.384185791015625e-07
v 10.190353393554688 -22.529541015625 0.0
v 9.977218627929688 -22.3438720703125 0.0
v 10.501144409179688 -22.66900634765625 2.384185791015625e-07
v 10.190353393554688 -22.529541015625 0.0
v 10.501144409179688 -22.66900634765625 2.384185791015625e-07
v 10.333908081054688 -22.603759765625 0.0
v 3.0651090145111084 -2.969970703125 0.0
v 2.2404019832611084 -2.97882080078125 0.0
v 7.680831432342529 4.04998779296875 0.0
v 2.2404019832611084 -2.97882080078125 0.0
v 1.4488980770111084 -3.0054931640625 0.0
v 7.680831432342529 4.04998779296875 0.0
v 1.4488980770111084 -3.0054931640625 0.0
v 0.6923062205314636 -3.04986572265625 0.0
v 7.680831432342529 4.04998779296875 0.0
v 0.6923062205314636 -3.04986572265625 0.0
v -0.02961757779121399 -3.1121826171875 0.0
v 7.680831432342529 4.04998779296875 0.0
v -0.02961757779121399 -3.1121826171875 0.0
v -0.7171176075935364 -3.1923828125 0.0
v 7.680831432342529 4.04998779296875 0.0
v -0.7171176075935364 -3.1923828125 0.0
v -1.3699495792388916 -3.29058837890625 0.0
v 7.680831432342529 4.04998779296875 0.0
v -1.3699495792388916 -3.29058837890625 0.0
v -1.9883577823638916 -3.40692138671875 0.0
v 7.680831432342529 4.04998779296875 0.0
v -1.9883577823638916 -3.40692138671875 0.0
v -2.5740511417388916 -3.5413818359375 0.0
v 7.680831432342529 4.04998779296875 0.0
v -2.5740511417388916 -3.5413818359375 0.0
v -3.1294710636138916 -3.69427490234375 0.0
v 7.680831432342529 4.04998779296875 0.0
v -3.1294710636138916 -3.69427490234375 0.0
v -3.6541292667388916 -3.8656005859375 0.0
v 7.680831432342529 4.04998779296875 0.0
v -3.6541292667388916 -3.8656005859375 0.0
v -4.148514270782471 -4.05560302734375 0.0
v 7.680831432342529 4.04998779296875 0.0
v -4.148514270782471 -4.05560302734375 0.0
v -4.612381458282471 -4.26458740234375 0.0
v 7.680831432342529 4.04998779296875 0.0
v -4.612381458282471 -4.26458740234375 0.0
v -5.045731067657471 -4.49261474609375 0.0
v 7.680831432342529 4.04998779296875 0.0
v -5.045731067657471 -4.49261474609375 0.0
v -5.447830677032471 -4.73974609375 0.0
v 7.680831432342529 4.04998779296875 0.0
v -5.447830677032471 -4.73974609375 0.0
v 3.5104215145111084 4.04998779296875 0.0
v 7.680831432342529 4.04998779296875 0.0
v 0.373702734708786 3.97991943359375 2.384185791015625e-07
v 1.9127652645111084 4.032470703125 0.0
v 3.5104215145111084 4.04998779296875 0.0
v 3.5104215145111084 4.04998779296875 0.0
v -5.447830677032471 -4.73974609375 0.0
v -5.819412708282471 -5.00396728515625 0.0
v 0.373702734708786 3.97991943359375 2.384185791015625e-07
v 3.5104215145111084 4.04998779296875 0.0
v -5.819412708282471 -5.00396728515625 0.0
v 0.373702734708786 3.97991943359375 2.384185791015625e-07
v -5.819412708282471 -5.00396728515625 0.0
v -5.209549427032471 3.4205322265625 0.0
v -5.209549427032471 3.4205322265625 0.0
v -3.8997347354888916 3.6126708984375 2.384185791015625e-07
v -2.5325472354888916 3.77001953125 0.0
v 0.373702734708786 3.97991943359375 2.384185791015625e-07
v -5.209549427032471 3.4205322265625 0.0
v -2.5325472354888916 3.77001953125 0.0
v 0.373702734708786 3.97991943359375 2.384185791015625e-07
v -2.5325472354888916 3.77001953125 0.0
v -1.1079866886138916 3.8924560546875 0.0
v -5.819412708282471 -5.00396728515625 0.0
v -6.162186145782471 -5.28424072265625 0.0
v -5.209549427032471 3.4205322265625 0.0
v -6.162186145782471 -5.28424072265625 0.0
v -6.476395130157471 -5.58087158203125 0.0
v -5.209549427032471 3.4205322265625 0.0
v -6.476395130157471 -5.58087158203125 0.0
v -6.761551380157471 -5.8939208984375 0.0
v -5.209549427032471 3.4205322265625 0.0
v -7.655594348907471 2.93072509765625 0.0
v -6.461502552032471 3.19366455078125 2.384185791015625e-07
v -5.209549427032471 3.4205322265625 0.0
v -17.027664184570312 -18.17529296875 0.0
v -17.442459106445312 -17.5367431640625 2.384185791015625e-07
v -17.820388793945312 -16.8642578125 0.0
v -17.820388793945312 -16.8642578125 0.0
v -18.160720825195312 -16.158203125 0.0
v -18.459548950195312 -15.41864013671875 0.0
v -17.027664184570312 -18.17529296875 0.0
v -17.820388793945312 -16.8642578125 0.0
v -18.459548950195312 -15.41864013671875 0.0
v -18.459548950195312 -15.41864013671875 0.0
v -18.712234497070312 -14.644287109375 2.384185791015625e-07
v -18.919509887695312 -13.8343505859375 0.0
v -18.919509887695312 -13.8343505859375 0.0
v -19.080886840820312 -12.98858642578125 2.384185791015625e-07
v -19.196365356445312 -12.10693359375 0.0
v -18.459548950195312 -15.41864013671875 0.0
v -18.919509887695312 -13.8343505859375 0.0
v -19.196365356445312 -12.10693359375 0.0
v -17.027664184570312 -18.17529296875 0.0
v -18.459548950195312 -15.41864013671875 0.0
v -19.196365356445312 -12.10693359375 0.0
v -19.196365356445312 -12.10693359375 0.0
v -19.265945434570312 -11.189208984375 0.0
v -19.288894653320312 -10.2362060546875 0.0
v -19.288894653320312 -10.2362060546875 0.0
v -19.259597778320312 -9.204345703125 2.384185791015625e-07
v -19.171463012695312 -8.21405029296875 0.0
v -19.196365356445312 -12.10693359375 0.0
v -19.288894653320312 -10.2362060546875 0.0
v -19.171463012695312 -8.21405029296875 0.0
v -19.171463012695312 -8.21405029296875 0.0
v -19.024978637695312 -7.26483154296875 2.384185791015625e-07
v -18.820388793945312 -6.3564453125 0.0
v -18.820388793945312 -6.3564453125 0.0
v -18.557449340820312 -5.48876953125 2.384185791015625e-07
v -18.236648559570312 -4.661376953125 0.0
v -19.171463012695312 -8.21405029296875 0.0
v -18.820388793945312 -6.3564453125 0.0
v -18.236648559570312 -4.661376953125 0.0
v -19.196365356445312 -12.10693359375 0.0
v -19.171463012695312 -8.21405029296875 0.0
v -18.236648559570312 -4.661376953125 0.0
v -17.027664184570312 -18.17529296875 0.0
v -19.196365356445312 -12.10693359375 0.0
v -18.236648559570312 -4.661376953125 0.0
v -18.236648559570312 -4.661376953125 0.0
v -17.857986450195312 -3.8739013671875 0.0
v -17.421463012695312 -3.12530517578125 0.0
v -17.421463012695312 -3.12530517578125 0.0
v -16.927810668945312 -2.4149169921875 2.384185791015625e-07
v -16.376541137695312 -1.74237060546875 0.0
v -18.236648559570312 -4.661376953125 0.0
v -17.421463012695312 -3.12530517578125 0.0
v -16.376541137695312 -1.74237060546875 0.0
v -16.376541137695312 -1.74237060546875 0.0
v -15.767654418945312 -1.10760498046875 0.0
v -15.100418090820312 -0.51031494140625 0.0
v -15.100418090820312 -0.51031494140625 0.0
v -14.374588012695312 0.049560546875 0.0
v -13.590164184570312 0.57196044921875 2.384185791015625e-07
v -16.376541137695312 -1.74237060546875 0.0
v -15.100418090820312 -0.51031494140625 0.0
v -13.590164184570312 0.57196044921875 2.384185791015625e-07
v -18.236648559570312 -4.661376953125 0.0
v -16.376541137695312 -1.74237060546875 0.0
v -13.590164184570312 0.57196044921875 2.384185791015625e-07
v -5.209549427032471 3.4205322265625 0.0
v -18.236648559570312 -4.661376953125 0.0
v -13.590164184570312 0.57196044921875 2.384185791015625e-07
v -13.590164184570312 0.57196044921875 2.384185791015625e-07
v -12.746902465820312 1.057373046875 0.0
v -11.845535278320312 1.506103515625 0.0
v -11.845535278320312 1.506103515625 0.0
v -10.885818481445312 1.91796875 0.0
v -9.867507934570312 2.29278564453125 0.0
v -13.590164184570312 0.57196044921875 2.384185791015625e-07
v -11.845535278320312 1.506103515625 0.0
v -9.867507934570312 2.29278564453125 0.0
v -5.209549427032471 3.4205322265625 0.0
v -13.590164184570312 0.57196044921875 2.384185791015625e-07
v -9.867507934570312 2.29278564453125 0.0
v -7.655594348907471 2.93072509765625 0.0
v -5.209549427032471 3.4205322265625 0.0
v -9.867507934570312 2.29278564453125 0.0
v -7.655594348907471 2.93072509765625 0.0
v -9.867507934570312 2.29278564453125 0.0
v -8.790603637695312 2.63043212890625 0.0
v -7.742264270782471 -12.0257568359375 0.0
v -7.485672473907471 -12.6595458984375 0.0
v -17.027664184570312 -18.17529296875 0.0
v -7.485672473907471 -12.6595458984375 0.0
v -7.154861927032471 -13.24560546875 0.0
v -17.027664184570312 -18.17529296875 0.0
v -7.154861927032471 -13.24560546875 0.0
v -6.750565052032471 -13.78228759765625 0.0
v -17.027664184570312 -18.17529296875 0.0
v -6.750565052032471 -13.78228759765625 0.0
v -6.273758411407471 -14.2684326171875 0.0
v -17.027664184570312 -18.17529296875 0.0
v -6.273758411407471 -14.2684326171875 0.0
v -5.732498645782471 -14.69610595703125 0.0
v -17.027664184570312 -18.17529296875 0.0
v -5.732498645782471 -14.69610595703125 0.0
v -5.135818958282471 -15.05731201171875 0.0
v -17.027664184570312 -18.17529296875 0.0
v -5.135818958282471 -15.05731201171875 0.0
v -4.484695911407471 -15.35174560546875 0.0
v -17.027664184570312 -18.17529296875 0.0
v -4.484695911407471 -15.35174560546875 0.0
v -3.7805941104888916 -15.57958984375 0.0
v -17.027664184570312 -18.17529296875 0.0
v -3.7805941104888916 -15.57958984375 0.0
v -3.0242464542388916 -15.74151611328125 0.0
v -17.027664184570312 -18.17529296875 0.0
v -16.086502075195312 -19.3511962890625 2.384185791015625e-07
v -16.575759887695312 -18.780029296875 2.384185791015625e-07
v -17.027664184570312 -18.17529296875 0.0
v -3.0242464542388916 -15.74151611328125 0.0
v -2.2163851261138916 -15.838134765625 0.0
v 9.490890502929688 -17.83355712890625 0.0
v -17.027664184570312 -18.17529296875 0.0
v -3.0242464542388916 -15.74151611328125 0.0
v 9.490890502929688 -17.83355712890625 0.0
v 9.490890502929688 -17.83355712890625 0.0
v 8.599288940429688 -18.6851806640625 0.0
v 7.810470104217529 -19.40887451171875 0.0
v 7.810470104217529 -19.40887451171875 0.0
v 6.992110729217529 -20.08251953125 0.0
v 6.144210338592529 -20.706298828125 0.0
v 9.490890502929688 -17.83355712890625 0.0
v 7.810470104217529 -19.40887451171875 0.0
v 6.144210338592529 -20.706298828125 0.0
v 6.144210338592529 -20.706298828125 0.0
v 5.266280651092529 -21.2802734375 0.0
v 4.358565807342529 -21.8045654296875 2.384185791015625e-07
v 4.358565807342529 -21.8045654296875 2.384185791015625e-07
v 3.4215543270111084 -22.27880859375 0.0
v 2.4562222957611084 -22.695556640625 0.0
v 6.144210338592529 -20.706298828125 0.0
v 4.358565807342529 -21.8045654296875 2.384185791015625e-07
v 2.4562222957611084 -22.695556640625 0.0
v 9.490890502929688 -17.83355712890625 0.0
v 6.144210338592529 -20.706298828125 0.0
v 2.4562222957611084 -22.695556640625 0.0
v 2.4562222957611084 -22.695556640625 0.0
v 1.4613492488861084 -23.04791259765625 2.384185791015625e-07
v 0.436446875333786 -23.33642578125 0.0
v 0.436446875333786 -23.33642578125 0.0
v -0.6189730763435364 -23.5609130859375 0.0
v -1.7051546573638916 -23.72137451171875 0.0
v 2.4562222957611084 -22.695556640625 0.0
v 0.436446875333786 -23.33642578125 0.0
v -1.7051546573638916 -23.72137451171875 0.0
v -1.7051546573638916 -23.72137451171875 0.0
v -2.8223421573638916 -23.8177490234375 0.0
v -3.9715120792388916 -23.84991455078125 0.0
v -3.9715120792388916 -23.84991455078125 0.0
v -4.921707630157471 -23.83209228515625 0.0
v -5.849930286407471 -23.7784423828125 0.0
v -1.7051546573638916 -23.72137451171875 0.0
v -3.9715120792388916 -23.84991455078125 0.0
v -5.849930286407471 -23.7784423828125 0.0
v 2.4562222957611084 -22.695556640625 0.0
v -1.7051546573638916 -23.72137451171875 0.0
v -5.849930286407471 -23.7784423828125 0.0
v 9.490890502929688 -17.83355712890625 0.0
v 2.4562222957611084 -22.695556640625 0.0
v -5.849930286407471 -23.7784423828125 0.0
v -17.027664184570312 -18.17529296875 0.0
v 9.490890502929688 -17.83355712890625 0.0
v -5.849930286407471 -23.7784423828125 0.0
v -5.849930286407471 -23.7784423828125 0.0
v -6.755447864532471 -23.68914794921875 0.0
v -7.638016223907471 -23.564208984375 0.0
v -7.638016223907471 -23.564208984375 0.0
v -8.497879028320312 -23.4036865234375 0.0
v -9.334793090820312 -23.2076416015625 0.0
v -5.849930286407471 -23.7784423828125 0.0
v -7.638016223907471 -23.564208984375 0.0
v -9.334793090820312 -23.2076416015625 0.0
v -9.334793090820312 -23.2076416015625 0.0
v -10.148757934570312 -22.9761962890625 0.0
v -10.935623168945312 -22.70989990234375 0.0
v -10.935623168945312 -22.70989990234375 0.0
v -11.690505981445312 -22.40936279296875 2.384185791015625e-07
v -12.414138793945312 -22.0745849609375 0.0
v -9.334793090820312 -23.2076416015625 0.0
v -10.935623168945312 -22.70989990234375 0.0
v -12.414138793945312 -22.0745849609375 0.0
v -5.849930286407471 -23.7784423828125 0.0
v -9.334793090820312 -23.2076416015625 0.0
v -12.414138793945312 -22.0745849609375 0.0
v -17.027664184570312 -18.17529296875 0.0
v -5.849930286407471 -23.7784423828125 0.0
v -12.414138793945312 -22.0745849609375 0.0
v -12.414138793945312 -22.0745849609375 0.0
v -13.106277465820312 -21.70562744140625 0.0
v -13.767166137695312 -21.302490234375 0.0
v -13.767166137695312 -21.302490234375 0.0
v -14.397293090820312 -20.86517333984375 0.0
v -14.995925903320312 -20.39373779296875 0.0
v -12.414138793945312 -22.0745849609375 0.0
v -13.767166137695312 -21.302490234375 0.0
v -14.995925903320312 -20.39373779296875 0.0
v -17.027664184570312 -18.17529296875 0.0
v -12.414138793945312 -22.0745849609375 0.0
v -14.995925903320312 -20.39373779296875 0.0
v -16.086502075195312 -19.3511962890625 2.384185791015625e-07
v -17.027664184570312 -18.17529296875 0.0
v -14.995925903320312 -20.39373779296875 0.0
v -16.086502075195312 -19.3511962890625 2.384185791015625e-07
v -14.995925903320312 -20.39373779296875 0.0
v -15.560134887695312 -19.88897705078125 0.0
v -2.2163851261138916 -15.838134765625 0.0
v -1.3567659854888916 -15.87017822265625 0.0
v 9.490890502929688 -17.83355712890625 0.0
v -1.3567659854888916 -15.87017822265625 0.0
v -0.6167758107185364 -15.843017578125 0.0
v 9.490890502929688 -17.83355712890625 0.0
v -0.6167758107185364 -15.843017578125 0.0
v 0.10685703158378601 -15.76153564453125 0.0
v 9.490890502929688 -17.83355712890625 0.0
v 0.10685703158378601 -15.76153564453125 0.0
v 0.8138882517814636 -15.62548828125 0.0
v 9.490890502929688 -17.83355712890625 0.0
v 0.8138882517814636 -15.62548828125 0.0
v 1.5043179988861084 -15.4349365234375 0.0
v 9.490890502929688 -17.83355712890625 0.0
v 1.5043179988861084 -15.4349365234375 0.0
v 2.1774137020111084 -15.19000244140625 0.0
v 9.490890502929688 -17.83355712890625 0.0
v 2.1774137020111084 -15.19000244140625 0.0
v 2.8329312801361084 -14.8907470703125 0.0
v 9.490890502929688 -17.83355712890625 0.0
v 2.8329312801361084 -14.8907470703125 0.0
v 3.4694058895111084 -14.53814697265625 0.0
v 9.490890502929688 -17.83355712890625 0.0
v 3.4694058895111084 -14.53814697265625 0.0
v 4.095626354217529 -14.135498046875 0.0
v 9.490890502929688 -17.83355712890625 0.0
v 4.095626354217529 -14.135498046875 0.0
v 4.722091197967529 -13.6846923828125 0.0
v 9.490890502929688 -17.83355712890625 0.0
v 4.722091197967529 -13.6846923828125 0.0
v 5.350509166717529 -13.18524169921875 0.0
v 9.490890502929688 -17.83355712890625 0.0
v 5.350509166717529 -13.18524169921875 0.0
v 5.980391979217529 -12.63714599609375 0.0
v 9.490890502929688 -17.83355712890625 0.0
v 5.980391979217529 -12.63714599609375 0.0
v 6.612472057342529 -12.04058837890625 0.0
v 9.490890502929688 -17.83355712890625 0.0
v 6.612472057342529 -12.04058837890625 0.0
v 7.246505260467529 -11.39544677734375 0.0
v 9.490890502929688 -17.83355712890625 0.0
v 7.246505260467529 -11.39544677734375 0.0
v 7.745772838592529 -10.78460693359375 2.384185791015625e-07
v 9.490890502929688 -17.83355712890625 0.0
v -14.076004028320312 11.152587890625 2.384185791015625e-07
v -14.342605590820312 11.0623779296875 0.0
v -13.478836059570312 11.4156494140625 0.0
v -13.478836059570312 11.4156494140625 0.0
v -13.787918090820312 11.270263671875 0.0
v -14.076004028320312 11.152587890625 2.384185791015625e-07
v 7.950850963592529 6.93194580078125 0.0
v 7.942550182342529 7.50738525390625 0.0
v 19.298751831054688 7.18414306640625 2.384185791015625e-07
v 7.942550182342529 7.50738525390625 0.0
v 7.917159557342529 8.064697265625 0.0
v 19.298751831054688 7.18414306640625 2.384185791015625e-07
v 7.917159557342529 8.064697265625 0.0
v 7.874923229217529 8.6019287109375 0.0
v 19.298751831054688 7.18414306640625 2.384185791015625e-07
v 7.874923229217529 8.6019287109375 0.0
v 7.815597057342529 9.119140625 0.0
v 19.298751831054688 7.18414306640625 2.384185791015625e-07
v 7.815597057342529 9.119140625 0.0
v 7.739425182342529 9.61639404296875 0.0
v 19.298751831054688 7.18414306640625 2.384185791015625e-07
v 7.739425182342529 9.61639404296875 0.0
v 7.645675182342529 10.09368896484375 0.0
v 19.298751831054688 7.18414306640625 2.384185791015625e-07
v 7.645675182342529 10.09368896484375 0.0
v 7.534835338592529 10.5517578125 0.0
v 19.298751831054688 7.18414306640625 2.384185791015625e-07
v 7.534835338592529 10.5517578125 0.0
v 7.403243541717529 10.9912109375 0.0
v 19.298751831054688 7.18414306640625 2.384185791015625e-07
v 7.403243541717529 10.9912109375 0.0
v 7.248946666717529 11.4112548828125 0.0
v 19.298751831054688 7.18414306640625 2.384185791015625e-07
v 7.248946666717529 11.4112548828125 0.0
v 7.071700572967529 11.81097412109375 0.0
v 19.298751831054688 7.18414306640625 2.384185791015625e-07
v 7.071700572967529 11.81097412109375 0.0
v 6.871505260467529 12.190185546875 0.0
v 19.298751831054688 7.18414306640625 2.384185791015625e-07
v 6.871505260467529 12.190185546875 0.0
v 6.648360729217529 12.548583984375 0.0
v 19.298751831054688 7.18414306640625 2.384185791015625e-07
v 6.648360729217529 12.548583984375 0.0
v 6.402266979217529 12.88592529296875 0.0
v 19.298751831054688 7.18414306640625 2.384185791015625e-07
v 6.402266979217529 12.88592529296875 0.0
v 6.132979869842529 13.20233154296875 0.0
v 19.298751831054688 7.18414306640625 2.384185791015625e-07
v 6.132979869842529 13.20233154296875 0.0
v 5.838057994842529 13.4971923828125 0.0
v 19.298751831054688 7.18414306640625 2.384185791015625e-07
v 5.838057994842529 13.4971923828125 0.0
v 5.516280651092529 13.76910400390625 0.0
v 19.298751831054688 7.18414306640625 2.384185791015625e-07
v 5.516280651092529 13.76910400390625 0.0
v 5.168624401092529 14.01739501953125 0.0
v 19.298751831054688 7.18414306640625 2.384185791015625e-07
v 5.168624401092529 14.01739501953125 0.0
v 4.795333385467529 14.2420654296875 0.0
v 19.298751831054688 7.18414306640625 2.384185791015625e-07
v 19.205490112304688 9.65081787109375 0.0
v 19.269454956054688 8.474609375 0.0
v 19.298751831054688 7.18414306640625 2.384185791015625e-07
v 19.298751831054688 7.18414306640625 2.384185791015625e-07
v 4.795333385467529 14.2420654296875 0.0
v 4.396895885467529 14.443115234375 0.0
v -2.4793245792388916 23.704833984375 0.0
v -1.7014925479888916 23.768310546875 0.0
v -0.9165804982185364 23.81365966796875 2.384185791015625e-07
v -0.9165804982185364 23.81365966796875 2.384185791015625e-07
v -0.12483242154121399 23.84088134765625 0.0
v 0.6737515330314636 23.8499755859375 0.0
v -2.4793245792388916 23.704833984375 0.0
v -0.9165804982185364 23.81365966796875 2.384185791015625e-07
v 0.6737515330314636 23.8499755859375 0.0
v 0.6737515330314636 23.8499755859375 0.0
v 2.0741422176361084 23.83001708984375 0.0
v 3.4139859676361084 23.770263671875 0.0
v 3.4139859676361084 23.770263671875 0.0
v 4.693526744842529 23.67071533203125 0.0
v 5.912520885467529 23.53155517578125 0.0
v 0.6737515330314636 23.8499755859375 0.0
v 3.4139859676361084 23.770263671875 0.0
v 5.912520885467529 23.53155517578125 0.0
v -2.4793245792388916 23.704833984375 0.0
v 0.6737515330314636 23.8499755859375 0.0
v 5.912520885467529 23.53155517578125 0.0
v 5.912520885467529 23.53155517578125 0.0
v 7.071212291717529 23.352783203125 0.0
v 8.169113159179688 23.13458251953125 2.384185791015625e-07
v 8.169113159179688 23.13458251953125 2.384185791015625e-07
v 9.206466674804688 22.87713623046875 0.0
v 10.187179565429688 22.5791015625 2.384185791015625e-07
v 5.912520885467529 23.53155517578125 0.0
v 8.169113159179688 23.13458251953125 2.384185791015625e-07
v 10.187179565429688 22.5791015625 2.384185791015625e-07
v 10.187179565429688 22.5791015625 2.384185791015625e-07
v 11.115158081054688 22.2392578125 0.0
v 11.990646362304688 21.85760498046875 2.384185791015625e-07
v 11.990646362304688 21.85760498046875 2.384185791015625e-07
v 12.813888549804688 21.434326171875 0.0
v 13.584884643554688 20.96954345703125 0.0
v 10.187179565429688 22.5791015625 2.384185791015625e-07
v 11.990646362304688 21.85760498046875 2.384185791015625e-07
v 13.584884643554688 20.96954345703125 0.0
v 5.912520885467529 23.53155517578125 0.0
v 10.187179565429688 22.5791015625 2.384185791015625e-07
v 13.584884643554688 20.96954345703125 0.0
v -2.4793245792388916 23.704833984375 0.0
v 5.912520885467529 23.53155517578125 0.0
v 13.584884643554688 20.96954345703125 0.0
v 13.584884643554688 20.96954345703125 0.0
v 14.304122924804688 20.46331787109375 0.0
v 14.971603393554688 19.91571044921875 2.384185791015625e-07
v 14.971603393554688 19.91571044921875 2.384185791015625e-07
v 15.588058471679688 19.32440185546875 2.384185791015625e-07
v 16.154953002929688 18.68658447265625 2.384185791015625e-07
v 13.584884643554688 20.96954345703125 0.0
v 14.971603393554688 19.91571044921875 2.384185791015625e-07
v 16.154953002929688 18.68658447265625 2.384185791015625e-07
v 16.154953002929688 18.68658447265625 2.384185791015625e-07
v 16.672286987304688 18.00177001953125 0.0
v 17.140304565429688 17.26953125 2.384185791015625e-07
v 17.140304565429688 17.26953125 2.384185791015625e-07
v 17.559249877929688 16.4896240234375 0.0
v 17.929122924804688 15.66162109375 0.0
v 16.154953002929688 18.68658447265625 2.384185791015625e-07
v 17.140304565429688 17.26953125 2.384185791015625e-07
v 17.929122924804688 15.66162109375 0.0
v 13.584884643554688 20.96954345703125 0.0
v 16.154953002929688 18.68658447265625 2.384185791015625e-07
v 17.929122924804688 15.66162109375 0.0
v 19.298751831054688 7.18414306640625 2.384185791015625e-07
v 13.584884643554688 20.96954345703125 0.0
v 17.929122924804688 15.66162109375 0.0
v 17.929122924804688 15.66162109375 0.0
v 18.249679565429688 14.7847900390625 0.0
v 18.525070190429688 13.85791015625 0.0
v 18.525070190429688 13.85791015625 0.0
v 18.758712768554688 12.880859375 0.0
v 18.949874877929688 11.85394287109375 0.0
v 17.929122924804688 15.66162109375 0.0
v 18.525070190429688 13.85791015625 0.0
v 18.949874877929688 11.85394287109375 0.0
v 19.298751831054688 7.18414306640625 2.384185791015625e-07
v 17.929122924804688 15.66162109375 0.0
v 18.949874877929688 11.85394287109375 0.0
v 19.205490112304688 9.65081787109375 0.0
v 19.298751831054688 7.18414306640625 2.384185791015625e-07
v 18.949874877929688 11.85394287109375 0.0
v 19.205490112304688 9.65081787109375 0.0
v 18.949874877929688 11.85394287109375 0.0
v 19.099044799804688 10.77728271484375 0.0
v -2.9019320011138916 15.14508056640625 0.0
v -3.6814730167388916 15.0477294921875 0.0
v -2.4793245792388916 23.704833984375 0.0
v -3.6814730167388916 15.0477294921875 0.0
v -4.435379505157471 14.92242431640625 0.0
v -2.4793245792388916 23.704833984375 0.0
v -4.435379505157471 14.92242431640625 0.0
v -5.163406848907471 14.76910400390625 0.0
v -2.4793245792388916 23.704833984375 0.0
v -5.163406848907471 14.76910400390625 0.0
v -5.863602161407471 14.588134765625 0.0
v -2.4793245792388916 23.704833984375 0.0
v -5.863602161407471 14.588134765625 0.0
v -6.535721302032471 14.39129638671875 0.0
v -2.4793245792388916 23.704833984375 0.0
v -6.535721302032471 14.39129638671875 0.0
v -7.183670520782471 14.18896484375 0.0
v -2.4793245792388916 23.704833984375 0.0
v -7.183670520782471 14.18896484375 0.0
v -7.809402942657471 13.98065185546875 0.0
v -2.4793245792388916 23.704833984375 0.0
v -7.809402942657471 13.98065185546875 0.0
v -8.412918090820312 13.7662353515625 0.0
v -2.4793245792388916 23.704833984375 0.0
v -8.412918090820312 13.7662353515625 0.0
v -8.994216918945312 13.54571533203125 0.0
v -2.4793245792388916 23.704833984375 0.0
v -8.994216918945312 13.54571533203125 0.0
v -9.553298950195312 13.31915283203125 0.0
v -2.4793245792388916 23.704833984375 0.0
v -9.553298950195312 13.31915283203125 0.0
v -10.089187622070312 13.08685302734375 0.0
v -2.4793245792388916 23.704833984375 0.0
v -10.089187622070312 13.08685302734375 0.0
v -10.599685668945312 12.85528564453125 0.0
v -2.4793245792388916 23.704833984375 0.0
v -10.599685668945312 12.85528564453125 0.0
v -11.085037231445312 12.6300048828125 0.0
v -2.4793245792388916 23.704833984375 0.0
v -11.085037231445312 12.6300048828125 0.0
v -11.546218872070312 12.410400390625 0.0
v -2.4793245792388916 23.704833984375 0.0
v -11.546218872070312 12.410400390625 0.0
v -11.983230590820312 12.19647216796875 0.0
v -2.4793245792388916 23.704833984375 0.0
v -4.013992786407471 23.52349853515625 0.0
v -3.2500765323638916 23.62322998046875 0.0
v -2.4793245792388916 23.704833984375 0.0
v -11.983230590820312 12.19647216796875 0.0
v -12.396072387695312 11.98828125 0.0
v -15.268630981445312 10.8472900390625 2.384185791015625e-07
v -2.4793245792388916 23.704833984375 0.0
v -11.983230590820312 12.19647216796875 0.0
v -15.268630981445312 10.8472900390625 2.384185791015625e-07
v -15.268630981445312 10.8472900390625 2.384185791015625e-07
v -15.393142700195312 10.87750244140625 0.0
v -15.512771606445312 10.920654296875 2.384185791015625e-07
v -15.512771606445312 10.920654296875 2.384185791015625e-07
v -15.628005981445312 10.9769287109375 0.0
v -15.738357543945312 11.047119140625 0.0
v -15.268630981445312 10.8472900390625 2.384185791015625e-07
v -15.512771606445312 10.920654296875 2.384185791015625e-07
v -15.738357543945312 11.047119140625 0.0
v -15.738357543945312 11.047119140625 0.0
v -15.844070434570312 11.1312255859375 2.384185791015625e-07
v -15.945144653320312 11.22772216796875 2.384185791015625e-07
v -15.945144653320312 11.22772216796875 2.384185791015625e-07
v -16.041336059570312 11.3355712890625 0.0
v -16.131668090820312 11.455322265625 0.0
v -15.738357543945312 11.047119140625 0.0
v -15.945144653320312 11.22772216796875 2.384185791015625e-07
v -16.131668090820312 11.455322265625 0.0
v -15.268630981445312 10.8472900390625 2.384185791015625e-07
v -15.738357543945312 11.047119140625 0.0
v -16.131668090820312 11.455322265625 0.0
v -16.131668090820312 11.455322265625 0.0
v -16.215896606445312 11.5869140625 0.0
v -16.294509887695312 11.73046875 0.0
v -16.294509887695312 11.73046875 0.0
v -16.367019653320312 11.8858642578125 2.384185791015625e-07
v -16.433914184570312 12.05328369140625 0.0
v -16.131668090820312 11.455322265625 0.0
v -16.294509887695312 11.73046875 0.0
v -16.433914184570312 12.05328369140625 0.0
v -16.433914184570312 12.05328369140625 0.0
v -16.495193481445312 12.2330322265625 2.384185791015625e-07
v -16.551589965820312 12.4248046875 0.0
v -16.551589965820312 12.4248046875 0.0
v -16.603103637695312 12.62835693359375 0.0
v -16.649734497070312 12.8436279296875 2.384185791015625e-07
v -16.433914184570312 12.05328369140625 0.0
v -16.551589965820312 12.4248046875 0.0
v -16.649734497070312 12.8436279296875 2.384185791015625e-07
v -16.131668090820312 11.455322265625 0.0
v -16.433914184570312 12.05328369140625 0.0
v -16.649734497070312 12.8436279296875 2.384185791015625e-07
v -15.268630981445312 10.8472900390625 2.384185791015625e-07
v -16.131668090820312 11.455322265625 0.0
v -16.649734497070312 12.8436279296875 2.384185791015625e-07
v -16.649734497070312 12.8436279296875 2.384185791015625e-07
v -16.691238403320312 13.07061767578125 0.0
v -16.728103637695312 13.30938720703125 0.0
v -16.728103637695312 13.30938720703125 0.0
v -16.759841918945312 13.559814453125 2.384185791015625e-07
v -16.788162231445312 13.81951904296875 0.0
v -16.649734497070312 12.8436279296875 2.384185791015625e-07
v -16.728103637695312 13.30938720703125 0.0
v -16.788162231445312 13.81951904296875 0.0
v -16.788162231445312 13.81951904296875 0.0
v -16.817459106445312 14.08612060546875 2.384185791015625e-07
v -16.843093872070312 14.36065673828125 2.384185791015625e-07
v -16.843093872070312 14.36065673828125 2.384185791015625e-07
v -16.863113403320312 14.643310546875 2.384185791015625e-07
v -16.877517700195312 14.93408203125 0.0
v -16.788162231445312 13.81951904296875 0.0
v -16.843093872070312 14.36065673828125 2.384185791015625e-07
v -16.877517700195312 14.93408203125 0.0
v -16.649734497070312 12.8436279296875 2.384185791015625e-07
v -16.788162231445312 13.81951904296875 0.0
v -16.877517700195312 14.93408203125 0.0
v -16.877517700195312 14.93408203125 0.0
v -16.886306762695312 15.2330322265625 2.384185791015625e-07
v -16.888992309570312 15.5396728515625 0.0
v -16.888992309570312 15.5396728515625 0.0
v -16.884353637695312 15.94696044921875 0.0
v -16.869949340820312 16.3275146484375 0.0
v -16.877517700195312 14.93408203125 0.0
v -16.888992309570312 15.5396728515625 0.0
v -16.869949340820312 16.3275146484375 0.0
v -16.869949340820312 16.3275146484375 0.0
v -16.846023559570312 16.6815185546875 0.0
v -16.812576293945312 17.00860595703125 0.0
v -16.812576293945312 17.00860595703125 0.0
v -16.770095825195312 17.30865478515625 0.0
v -16.720779418945312 17.581787109375 0.0
v -16.869949340820312 16.3275146484375 0.0
v -16.812576293945312 17.00860595703125 0.0
v -16.720779418945312 17.581787109375 0.0
v -16.877517700195312 14.93408203125 0.0
v -16.869949340820312 16.3275146484375 0.0
v -16.720779418945312 17.581787109375 0.0
v -16.649734497070312 12.8436279296875 2.384185791015625e-07
v -16.877517700195312 14.93408203125 0.0
v -16.720779418945312 17.581787109375 0.0
v -15.268630981445312 10.8472900390625 2.384185791015625e-07
v -16.649734497070312 12.8436279296875 2.384185791015625e-07
v -16.720779418945312 17.581787109375 0.0
v -2.4793245792388916 23.704833984375 0.0
v -15.268630981445312 10.8472900390625 2.384185791015625e-07
v -16.720779418945312 17.581787109375 0.0
v -16.720779418945312 17.581787109375 0.0
v -16.672683715820312 17.82958984375 0.0
v -16.601150512695312 18.056640625 0.0
v -16.601150512695312 18.056640625 0.0
v -16.513259887695312 18.27630615234375 0.0
v -16.408035278320312 18.4893798828125 2.384185791015625e-07
v -16.720779418945312 17.581787109375 0.0
v -16.601150512695312 18.056640625 0.0
v -16.408035278320312 18.4893798828125 2.384185791015625e-07
v -16.408035278320312 18.4893798828125 2.384185791015625e-07
v -16.285476684570312 18.69561767578125 0.0
v -16.144851684570312 18.89495849609375 2.384185791015625e-07
v -16.144851684570312 18.89495849609375 2.384185791015625e-07
v -15.986892700195312 19.0875244140625 0.0
v -15.814285278320312 19.27392578125 2.384185791015625e-07
v -16.408035278320312 18.4893798828125 2.384185791015625e-07
v -16.144851684570312 18.89495849609375 2.384185791015625e-07
v -15.814285278320312 19.27392578125 2.384185791015625e-07
v -16.720779418945312 17.581787109375 0.0
v -16.408035278320312 18.4893798828125 2.384185791015625e-07
v -15.814285278320312 19.27392578125 2.384185791015625e-07
v -15.814285278320312 19.27392578125 2.384185791015625e-07
v -15.616775512695312 19.46173095703125 0.0
v -15.377517700195312 19.6572265625 0.0
v -15.377517700195312 19.6572265625 0.0
v -15.095291137695312 19.86083984375 0.0
v -14.770095825195312 20.07171630859375 0.0
v -15.814285278320312 19.27392578125 2.384185791015625e-07
v -15.377517700195312 19.6572265625 0.0
v -14.770095825195312 20.07171630859375 0.0
v -14.770095825195312 20.07171630859375 0.0
v -14.402175903320312 20.2891845703125 0.0
v -13.992263793945312 20.51300048828125 0.0
v -13.992263793945312 20.51300048828125 0.0
v -13.540359497070312 20.74267578125 0.0
v -13.055740356445312 20.97296142578125 0.0
v -14.770095825195312 20.07171630859375 0.0
v -13.992263793945312 20.51300048828125 0.0
v -13.055740356445312 20.97296142578125 0.0
v -15.814285278320312 19.27392578125 2.384185791015625e-07
v -14.770095825195312 20.07171630859375 0.0
v -13.055740356445312 20.97296142578125 0.0
v -16.720779418945312 17.581787109375 0.0
v -15.814285278320312 19.27392578125 2.384185791015625e-07
v -13.055740356445312 20.97296142578125 0.0
v -2.4793245792388916 23.704833984375 0.0
v -16.720779418945312 17.581787109375 0.0
v -13.055740356445312 20.97296142578125 0.0
v -13.055740356445312 20.97296142578125 0.0
v -12.547439575195312 21.19873046875 0.0
v -12.015213012695312 21.41998291015625 0.0
v -12.015213012695312 21.41998291015625 0.0
v -11.459304809570312 21.63671875 0.0
v -10.879470825195312 21.84881591796875 2.384185791015625e-07
v -13.055740356445312 20.97296142578125 0.0
v -12.015213012695312 21.41998291015625 0.0
v -10.879470825195312 21.84881591796875 2.384185791015625e-07
v -10.879470825195312 21.84881591796875 2.384185791015625e-07
v -10.275955200195312 22.05633544921875 0.0
v -9.648757934570312 22.2591552734375 0.0
v -9.648757934570312 22.2591552734375 0.0
v -9.002273559570312 22.4542236328125 0.0
v -8.339187622070312 22.63885498046875 0.0
v -10.879470825195312 21.84881591796875 2.384185791015625e-07
v -9.648757934570312 22.2591552734375 0.0
v -8.339187622070312 22.63885498046875 0.0
v -13.055740356445312 20.97296142578125 0.0
v -10.879470825195312 21.84881591796875 2.384185791015625e-07
v -8.339187622070312 22.63885498046875 0.0
v -2.4793245792388916 23.704833984375 0.0
v -13.055740356445312 20.97296142578125 0.0
v -8.339187622070312 22.63885498046875 0.0
v -8.339187622070312 22.63885498046875 0.0
v -7.659012317657471 22.81304931640625 2.384185791015625e-07
v -6.962234973907471 22.976806640625 0.0
v -6.962234973907471 22.976806640625 0.0
v -6.248856067657471 23.13018798828125 2.384185791015625e-07
v -5.518387317657471 23.27313232421875 0.0
v -8.339187622070312 22.63885498046875 0.0
v -6.962234973907471 22.976806640625 0.0
v -5.518387317657471 23.27313232421875 0.0
v -2.4793245792388916 23.704833984375 0.0
v -8.339187622070312 22.63885498046875 0.0
v -5.518387317657471 23.27313232421875 0.0
v -4.013992786407471 23.52349853515625 0.0
v -2.4793245792388916 23.704833984375 0.0
v -5.518387317657471 23.27313232421875 0.0
v -4.013992786407471 23.52349853515625 0.0
v -5.518387317657471 23.27313232421875 0.0
v -4.771561145782471 23.405517578125 0.0
v -12.396072387695312 11.98828125 0.0
v -12.784744262695312 11.78570556640625 0.0
v -15.268630981445312 10.8472900390625 2.384185791015625e-07
v -12.784744262695312 11.78570556640625 0.0
v -13.146072387695312 11.59051513671875 0.0
v -13.478836059570312 11.4156494140625 0.0
v -14.342605590820312 11.0623779296875 0.0
v -14.582351684570312 10.97930908203125 0.0
v -14.802566528320312 10.9205322265625 0.0
v -14.342605590820312 11.0623779296875 0.0
v -14.802566528320312 10.9205322265625 0.0
v -15.139236450195312 10.83087158203125 0.0
v -13.478836059570312 11.4156494140625 0.0
v -14.342605590820312 11.0623779296875 0.0
v -15.139236450195312 10.83087158203125 0.0
v -12.784744262695312 11.78570556640625 0.0
v -13.478836059570312 11.4156494140625 0.0
v -15.139236450195312 10.83087158203125 0.0
v -12.784744262695312 11.78570556640625 0.0
v -15.139236450195312 10.83087158203125 0.0
v -15.268630981445312 10.8472900390625 2.384185791015625e-07
v -14.802566528320312 10.9205322265625 0.0
v -15.005691528320312 10.8282470703125 0.0
v -15.139236450195312 10.83087158203125 0.0
v 19.375411987304688 -21.6727294921875 4.0
v 19.374679565429688 -21.5013427734375 4.0
v 19.295089721679688 -16.37109375 4.0
v 14.024337768554688 -19.188232421875 4.0
v 13.158615112304688 -17.4576416015625 4.0
v 9.821701049804688 -18.04852294921875 4.0
v 9.821701049804688 -18.04852294921875 4.0
v 9.741867065429688 -21.50018310546875 4.0
v 9.739425659179688 -21.673828125 4.0
v 9.739425659179688 -21.673828125 4.0
v 9.753829956054688 -21.83160400390625 4.0
v 9.784835815429688 -21.97747802734375 4.0
v 9.784835815429688 -21.97747802734375 4.0
v 9.832687377929688 -22.111328125 4.0
v 9.897384643554688 -22.233154296875 4.0
v 9.739425659179688 -21.673828125 4.0
v 9.784835815429688 -21.97747802734375 4.0
v 9.897384643554688 -22.233154296875 4.0
v 9.821701049804688 -18.04852294921875 4.0
v 9.739425659179688 -21.673828125 4.0
v 9.897384643554688 -22.233154296875 4.0
v 9.897384643554688 -22.233154296875 4.0
v 9.977218627929688 -22.3438720703125 4.0
v 10.072677612304688 -22.44329833984375 4.0
v 10.072677612304688 -22.44329833984375 4.0
v 10.190353393554688 -22.529541015625 4.0
v 10.333908081054688 -22.603759765625 4.0
v 9.897384643554688 -22.233154296875 4.0
v 10.072677612304688 -22.44329833984375 4.0
v 10.333908081054688 -22.603759765625 4.0
v 10.333908081054688 -22.603759765625 4.0
v 10.501144409179688 -22.66900634765625 4.0
v 10.692062377929688 -22.72515869140625 4.0
v 10.692062377929688 -22.72515869140625 4.0
v 10.906417846679688 -22.77239990234375 4.0
v 11.144699096679688 -22.81072998046875 4.0
v 10.333908081054688 -22.603759765625 4.0
v 10.692062377929688 -22.72515869140625 4.0
v 11.144699096679688 -22.81072998046875 4.0
v 9.897384643554688 -22.233154296875 4.0
v 10.333908081054688 -22.603759765625 4.0
v 11.144699096679688 -22.81072998046875 4.0
v 9.821701049804688 -18.04852294921875 4.0
v 9.897384643554688 -22.233154296875 4.0
v 11.144699096679688 -22.81072998046875 4.0
v 11.144699096679688 -22.81072998046875 4.0
v 11.404953002929688 -22.84503173828125 4.0
v 12.044113159179688 -22.92498779296875 4.0
v 12.044113159179688 -22.92498779296875 4.0
v 12.438888549804688 -22.9554443359375 4.0
v 12.883224487304688 -22.979248046875 4.0
v 11.144699096679688 -22.81072998046875 4.0
v 12.044113159179688 -22.92498779296875 4.0
v 12.883224487304688 -22.979248046875 4.0
v 12.883224487304688 -22.979248046875 4.0
v 13.376632690429688 -22.996337890625 4.0
v 13.918869018554688 -23.006591796875 4.0
v 13.918869018554688 -23.006591796875 4.0
v 14.509689331054688 -23.010009765625 4.0
v 15.063400268554688 -23.006591796875 4.0
v 12.883224487304688 -22.979248046875 4.0
v 13.918869018554688 -23.006591796875 4.0
v 15.063400268554688 -23.006591796875 4.0
v 11.144699096679688 -22.81072998046875 4.0
v 12.883224487304688 -22.979248046875 4.0
v 15.063400268554688 -23.006591796875 4.0
v 9.821701049804688 -18.04852294921875 4.0
v 11.144699096679688 -22.81072998046875 4.0
v 15.063400268554688 -23.006591796875 4.0
v 14.024337768554688 -19.188232421875 4.0
v 9.821701049804688 -18.04852294921875 4.0
v 15.063400268554688 -23.006591796875 4.0
v 14.024337768554688 -19.188232421875 4.0
v 15.063400268554688 -23.006591796875 4.0
v 15.576583862304688 -22.99639892578125 4.0
v 14.024337768554688 -19.188232421875 4.0
v 15.576583862304688 -22.99639892578125 4.0
v 16.048507690429688 -22.97943115234375 4.0
v 15.028976440429688 -17.12646484375 4.0
v 14.024337768554688 -19.188232421875 4.0
v 16.048507690429688 -22.97943115234375 4.0
v 19.295089721679688 -16.37109375 4.0
v 15.028976440429688 -17.12646484375 4.0
v 16.048507690429688 -22.97943115234375 4.0
v 19.375411987304688 -21.6727294921875 4.0
v 19.295089721679688 -16.37109375 4.0
v 16.048507690429688 -22.97943115234375 4.0
v 16.048507690429688 -22.97943115234375 4.0
v 16.479415893554688 -22.95574951171875 4.0
v 16.868820190429688 -22.92547607421875 4.0
v 16.868820190429688 -22.92547607421875 4.0
v 17.216232299804688 -22.88873291015625 4.0
v 17.521652221679688 -22.84564208984375 4.0
v 16.048507690429688 -22.97943115234375 4.0
v 16.868820190429688 -22.92547607421875 4.0
v 17.521652221679688 -22.84564208984375 4.0
v 17.521652221679688 -22.84564208984375 4.0
v 17.794113159179688 -22.796875 4.0
v 18.277999877929688 -22.70989990234375 4.0
v 18.277999877929688 -22.70989990234375 4.0
v 18.486007690429688 -22.65301513671875 4.0
v 18.671310424804688 -22.58709716796875 4.0
v 17.521652221679688 -22.84564208984375 4.0
v 18.277999877929688 -22.70989990234375 4.0
v 18.671310424804688 -22.58709716796875 4.0
v 16.048507690429688 -22.97943115234375 4.0
v 17.521652221679688 -22.84564208984375 4.0
v 18.671310424804688 -22.58709716796875 4.0
v 19.375411987304688 -21.6727294921875 4.0
v 16.048507690429688 -22.97943115234375 4.0
v 18.671310424804688 -22.58709716796875 4.0
v 18.671310424804688 -22.58709716796875 4.0
v 18.833908081054688 -22.51214599609375 4.0
v 18.972335815429688 -22.4266357421875 4.0
v 18.972335815429688 -22.4266357421875 4.0
v 19.087814331054688 -22.32940673828125 4.0
v 19.183029174804688 -22.22064208984375 4.0
v 18.671310424804688 -22.58709716796875 4.0
v 18.972335815429688 -22.4266357421875 4.0
v 19.183029174804688 -22.22064208984375 4.0
v 19.375411987304688 -21.6727294921875 4.0
v 18.671310424804688 -22.58709716796875 4.0
v 19.183029174804688 -22.22064208984375 4.0
v 19.183029174804688 -22.22064208984375 4.0
v 19.259201049804688 -22.10089111328125 4.0
v 19.317550659179688 -21.9703369140625 4.0
v 19.375411987304688 -21.6727294921875 4.0
v 19.183029174804688 -22.22064208984375 4.0
v 19.317550659179688 -21.9703369140625 4.0
v 19.375411987304688 -21.6727294921875 4.0
v 19.317550659179688 -21.9703369140625 4.0
v 19.356369018554688 -21.82757568359375 4.0
v 15.578536987304688 -15.998779296875 4.0
v 15.028976440429688 -17.12646484375 4.0
v 19.295089721679688 -16.37109375 4.0
v 15.578536987304688 -15.998779296875 4.0
v 19.295089721679688 -16.37109375 4.0
v 19.290939331054688 -10.58990478515625 4.0
v 19.290939331054688 -10.58990478515625 4.0
v 15.551437377929688 -10.5662841796875 4.0
v 13.996261596679688 -13.71307373046875 4.0
v 12.410812377929688 -10.5780029296875 4.0
v 15.174728393554688 -10.5660400390625 4.0
v 7.950850963592529 -10.5240478515625 4.0
v 7.848311901092529 -10.65435791015625 4.0
v 7.745772838592529 -10.78460693359375 4.0
v 9.490890502929688 -17.83355712890625 4.0
v 9.656417846679688 -17.9410400390625 4.0
v 9.821701049804688 -18.04852294921875 4.0
v 13.158615112304688 -17.4576416015625 4.0
v 9.656417846679688 -17.9410400390625 4.0
v 13.158615112304688 -17.4576416015625 4.0
v 12.436935424804688 -16.01470947265625 4.0
v 9.490890502929688 -17.83355712890625 4.0
v 9.656417846679688 -17.9410400390625 4.0
v 12.436935424804688 -16.01470947265625 4.0
v 7.848311901092529 -10.65435791015625 4.0
v 9.490890502929688 -17.83355712890625 4.0
v 12.436935424804688 -16.01470947265625 4.0
v 7.950850963592529 -10.5240478515625 4.0
v 7.848311901092529 -10.65435791015625 4.0
v 12.436935424804688 -16.01470947265625 4.0
v 12.410812377929688 -10.5780029296875 4.0
v 7.950850963592529 -10.5240478515625 4.0
v 12.436935424804688 -16.01470947265625 4.0
v 13.996261596679688 -13.71307373046875 4.0
v 12.410812377929688 -10.5780029296875 4.0
v 12.436935424804688 -16.01470947265625 4.0
v 19.290939331054688 -10.58990478515625 4.0
v 13.996261596679688 -13.71307373046875 4.0
v 12.436935424804688 -16.01470947265625 4.0
v 15.578536987304688 -15.998779296875 4.0
v 19.290939331054688 -10.58990478515625 4.0
v 12.436935424804688 -16.01470947265625 4.0
v 15.551437377929688 -10.5662841796875 4.0
v 19.290939331054688 -10.58990478515625 4.0
v 19.295578002929688 -1.05682373046875 4.0
v 19.295578002929688 -1.05682373046875 4.0
v 12.391036987304688 -5.14007568359375 4.0
v 15.532638549804688 -5.13153076171875 4.0
v 15.551437377929688 -10.5662841796875 4.0
v 19.295578002929688 -1.05682373046875 4.0
v 15.532638549804688 -5.13153076171875 4.0
v 19.295578002929688 -1.05682373046875 4.0
v 14.388839721679688 -1.9791259765625 4.0
v 13.956954956054688 -2.842529296875 4.0
v 12.391036987304688 -5.14007568359375 4.0
v 19.295578002929688 -1.05682373046875 4.0
v 13.956954956054688 -2.842529296875 4.0
v 12.391036987304688 -5.14007568359375 4.0
v 13.956954956054688 -2.842529296875 4.0
v 13.599288940429688 -2.1275634765625 4.0
v 12.391036987304688 -5.14007568359375 4.0
v 13.599288940429688 -2.1275634765625 4.0
v 7.946212291717529 -3.19012451171875 4.0
v 12.391036987304688 -5.14007568359375 4.0
v 7.946212291717529 -3.19012451171875 4.0
v 7.950850963592529 -10.5240478515625 4.0
v 13.972091674804688 -8.27960205078125 4.0
v 12.391036987304688 -5.14007568359375 4.0
v 7.950850963592529 -10.5240478515625 4.0
v 13.972091674804688 -8.27960205078125 4.0
v 7.950850963592529 -10.5240478515625 4.0
v 15.174728393554688 -10.5660400390625 4.0
v 15.532638549804688 -5.13153076171875 4.0
v 13.972091674804688 -8.27960205078125 4.0
v 15.174728393554688 -10.5660400390625 4.0
v 15.551437377929688 -10.5662841796875 4.0
v 15.532638549804688 -5.13153076171875 4.0
v 15.174728393554688 -10.5660400390625 4.0
v 14.452072143554688 9.4571533203125 4.0
v 19.298751831054688 7.18414306640625 4.0
v 14.467697143554688 9.51007080078125 4.0
v 14.437423706054688 9.40631103515625 4.0
v 19.298751831054688 7.18414306640625 4.0
v 14.452072143554688 9.4571533203125 4.0
v 14.418380737304688 9.341796875 4.0
v 19.298751831054688 7.18414306640625 4.0
v 14.437423706054688 9.40631103515625 4.0
v 14.395675659179688 9.26336669921875 4.0
v 19.298751831054688 7.18414306640625 4.0
v 14.418380737304688 9.341796875 4.0
v 14.368331909179688 9.17022705078125 4.0
v 19.298751831054688 7.18414306640625 4.0
v 14.395675659179688 9.26336669921875 4.0
v 14.336837768554688 9.06182861328125 4.0
v 19.298751831054688 7.18414306640625 4.0
v 14.368331909179688 9.17022705078125 4.0
v 14.300460815429688 8.93756103515625 4.0
v 19.298751831054688 7.18414306640625 4.0
v 14.336837768554688 9.06182861328125 4.0
v 14.259445190429688 8.79693603515625 4.0
v 19.298751831054688 7.18414306640625 4.0
v 14.300460815429688 8.93756103515625 4.0
v 14.213546752929688 8.63983154296875 4.0
v 19.298751831054688 7.18414306640625 4.0
v 14.259445190429688 8.79693603515625 4.0
v 14.163009643554688 8.4664306640625 4.0
v 19.298751831054688 7.18414306640625 4.0
v 14.213546752929688 8.63983154296875 4.0
v 14.107589721679688 8.27642822265625 4.0
v 19.298751831054688 7.18414306640625 4.0
v 14.163009643554688 8.4664306640625 4.0
v 14.047042846679688 8.069091796875 4.0
v 19.298751831054688 7.18414306640625 4.0
v 14.107589721679688 8.27642822265625 4.0
v 13.996261596679688 8.07763671875 4.0
v 7.815597057342529 9.119140625 4.0
v 7.874923229217529 8.6019287109375 4.0
v 19.298751831054688 7.18414306640625 4.0
v 14.047042846679688 8.069091796875 4.0
v 14.034591674804688 8.02630615234375 4.0
v 7.874923229217529 8.6019287109375 4.0
v 19.298751831054688 7.18414306640625 4.0
v 14.034591674804688 8.02630615234375 4.0
v 13.996261596679688 8.07763671875 4.0
v 7.874923229217529 8.6019287109375 4.0
v 14.034591674804688 8.02630615234375 4.0
v 4.795333385467529 14.2420654296875 4.0
v 5.168624401092529 14.01739501953125 4.0
v 12.056076049804688 10.69427490234375 4.0
v 0.8776089549064636 18.71282958984375 4.0
v -2.4793245792388916 23.704833984375 4.0
v 0.8492886424064636 18.40972900390625 4.0
v 0.8995816111564636 18.94805908203125 4.0
v -2.4793245792388916 23.704833984375 4.0
v 0.8776089549064636 18.71282958984375 4.0
v 0.9166714549064636 19.13067626953125 4.0
v -2.4793245792388916 23.704833984375 4.0
v 0.8995816111564636 18.94805908203125 4.0
v 0.6737515330314636 23.8499755859375 4.0
v -0.12483242154121399 23.84088134765625 4.0
v -0.9165804982185364 23.81365966796875 4.0
v -2.4793245792388916 23.704833984375 4.0
v 0.9166714549064636 19.13067626953125 4.0
v 1.1268765926361084 21.37628173828125 4.0
v -1.7014925479888916 23.768310546875 4.0
v -2.4793245792388916 23.704833984375 4.0
v 1.1268765926361084 21.37628173828125 4.0
v -0.9165804982185364 23.81365966796875 4.0
v -1.7014925479888916 23.768310546875 4.0
v 1.1268765926361084 21.37628173828125 4.0
v 0.6737515330314636 23.8499755859375 4.0
v -0.9165804982185364 23.81365966796875 4.0
v 1.1268765926361084 21.37628173828125 4.0
v 15.064865112304688 11.55596923828125 4.0
v 14.467697143554688 9.51007080078125 4.0
v 19.298751831054688 7.18414306640625 4.0
v 19.298751831054688 7.18414306640625 4.0
v 19.269454956054688 8.474609375 4.0
v 19.205490112304688 9.65081787109375 4.0
v 19.205490112304688 9.65081787109375 4.0
v 19.099044799804688 10.77728271484375 4.0
v 18.949874877929688 11.85394287109375 4.0
v 19.298751831054688 7.18414306640625 4.0
v 19.205490112304688 9.65081787109375 4.0
v 18.949874877929688 11.85394287109375 4.0
v 18.949874877929688 11.85394287109375 4.0
v 18.758712768554688 12.880859375 4.0
v 18.525070190429688 13.85791015625 4.0
v 18.525070190429688 13.85791015625 4.0
v 18.249679565429688 14.7847900390625 4.0
v 17.929122924804688 15.66162109375 4.0
v 18.949874877929688 11.85394287109375 4.0
v 18.525070190429688 13.85791015625 4.0
v 17.929122924804688 15.66162109375 4.0
v 17.929122924804688 15.66162109375 4.0
v 17.559249877929688 16.4896240234375 4.0
v 17.140304565429688 17.26953125 4.0
v 18.949874877929688 11.85394287109375 4.0
v 17.929122924804688 15.66162109375 4.0
v 17.140304565429688 17.26953125 4.0
v 19.298751831054688 7.18414306640625 4.0
v 18.949874877929688 11.85394287109375 4.0
v 17.140304565429688 17.26953125 4.0
v 15.064865112304688 11.55596923828125 4.0
v 19.298751831054688 7.18414306640625 4.0
v 17.140304565429688 17.26953125 4.0
v 15.064865112304688 11.55596923828125 4.0
v 17.140304565429688 17.26953125 4.0
v 16.672286987304688 18.00177001953125 4.0
v 16.672286987304688 18.00177001953125 4.0
v 16.154953002929688 18.68658447265625 4.0
v 15.588058471679688 19.32440185546875 4.0
v 15.588058471679688 19.32440185546875 4.0
v 14.971603393554688 19.91571044921875 4.0
v 14.304122924804688 20.46331787109375 4.0
v 16.672286987304688 18.00177001953125 4.0
v 15.588058471679688 19.32440185546875 4.0
v 14.304122924804688 20.46331787109375 4.0
v 14.304122924804688 20.46331787109375 4.0
v 13.584884643554688 20.96954345703125 4.0
v 12.813888549804688 21.434326171875 4.0
v 12.813888549804688 21.434326171875 4.0
v 11.990646362304688 21.85760498046875 4.0
v 11.115158081054688 22.2392578125 4.0
v 14.304122924804688 20.46331787109375 4.0
v 12.813888549804688 21.434326171875 4.0
v 11.115158081054688 22.2392578125 4.0
v 16.672286987304688 18.00177001953125 4.0
v 14.304122924804688 20.46331787109375 4.0
v 11.115158081054688 22.2392578125 4.0
v 11.115158081054688 22.2392578125 4.0
v 10.187179565429688 22.5791015625 4.0
v 11.961105346679688 16.88134765625 4.0
v 16.672286987304688 18.00177001953125 4.0
v 11.115158081054688 22.2392578125 4.0
v 11.961105346679688 16.88134765625 4.0
v 16.672286987304688 18.00177001953125 4.0
v 11.961105346679688 16.88134765625 4.0
v 12.706710815429688 13.2490234375 4.0
v 15.064865112304688 11.55596923828125 4.0
v 16.672286987304688 18.00177001953125 4.0
v 12.706710815429688 13.2490234375 4.0
v 12.056076049804688 10.69427490234375 4.0
v 15.064865112304688 11.55596923828125 4.0
v 12.706710815429688 13.2490234375 4.0
v 4.795333385467529 14.2420654296875 4.0
v 12.056076049804688 10.69427490234375 4.0
v 12.706710815429688 13.2490234375 4.0
v 4.396895885467529 14.443115234375 4.0
v 4.795333385467529 14.2420654296875 4.0
v 12.706710815429688 13.2490234375 4.0
v 4.396895885467529 14.443115234375 4.0
v 12.706710815429688 13.2490234375 4.0
v 9.739669799804688 14.65997314453125 4.0
v 10.187179565429688 22.5791015625 4.0
v 9.206466674804688 22.87713623046875 4.0
v 8.169113159179688 23.13458251953125 4.0
v 8.169113159179688 23.13458251953125 4.0
v 7.071212291717529 23.352783203125 4.0
v 5.912520885467529 23.53155517578125 4.0
v 4.693526744842529 23.67071533203125 4.0
v 3.4139859676361084 23.770263671875 4.0
v 6.812179088592529 20.08343505859375 4.0
v 5.912520885467529 23.53155517578125 4.0
v 4.693526744842529 23.67071533203125 4.0
v 6.812179088592529 20.08343505859375 4.0
v 8.169113159179688 23.13458251953125 4.0
v 5.912520885467529 23.53155517578125 4.0
v 6.812179088592529 20.08343505859375 4.0
v 10.187179565429688 22.5791015625 4.0
v 8.169113159179688 23.13458251953125 4.0
v 6.812179088592529 20.08343505859375 4.0
v 10.187179565429688 22.5791015625 4.0
v 6.812179088592529 20.08343505859375 4.0
v 9.071945190429688 17.21282958984375 4.0
v 11.961105346679688 16.88134765625 4.0
v 10.187179565429688 22.5791015625 4.0
v 9.071945190429688 17.21282958984375 4.0
v 9.739669799804688 14.65997314453125 4.0
v 11.961105346679688 16.88134765625 4.0
v 9.071945190429688 17.21282958984375 4.0
v 9.739669799804688 14.65997314453125 4.0
v 9.071945190429688 17.21282958984375 4.0
v 5.721602916717529 17.1370849609375 4.0
v 4.396895885467529 14.443115234375 4.0
v 9.739669799804688 14.65997314453125 4.0
v 5.721602916717529 17.1370849609375 4.0
v 1.4310758113861084 18.43798828125 4.0
v 4.396895885467529 14.443115234375 4.0
v 5.721602916717529 17.1370849609375 4.0
v 4.073165416717529 19.27789306640625 4.0
v 1.4310758113861084 18.43798828125 4.0
v 5.721602916717529 17.1370849609375 4.0
v 4.073165416717529 19.27789306640625 4.0
v 5.721602916717529 17.1370849609375 4.0
v 6.812179088592529 20.08343505859375 4.0
v 4.073165416717529 19.27789306640625 4.0
v 6.812179088592529 20.08343505859375 4.0
v 3.4139859676361084 23.770263671875 4.0
v 1.1268765926361084 21.37628173828125 4.0
v 4.073165416717529 19.27789306640625 4.0
v 3.4139859676361084 23.770263671875 4.0
v 0.6737515330314636 23.8499755859375 4.0
v 1.1268765926361084 21.37628173828125 4.0
v 3.4139859676361084 23.770263671875 4.0
v 0.6737515330314636 23.8499755859375 4.0
v 3.4139859676361084 23.770263671875 4.0
v 2.0741422176361084 23.83001708984375 4.0
v -3.1839144229888916 20.5416259765625 4.0
v -2.4793245792388916 23.704833984375 4.0
v -3.4060823917388916 20.6192626953125 4.0
v -2.9307405948638916 20.45330810546875 4.0
v -2.4793245792388916 23.704833984375 4.0
v -3.1839144229888916 20.5416259765625 4.0
v -2.6446077823638916 20.3533935546875 4.0
v -2.4793245792388916 23.704833984375 4.0
v -2.9307405948638916 20.45330810546875 4.0
v -2.3230745792388916 20.2410888671875 4.0
v -2.4793245792388916 23.704833984375 4.0
v -2.6446077823638916 20.3533935546875 4.0
v -1.9634554386138916 20.115478515625 4.0
v -2.4793245792388916 23.704833984375 4.0
v -2.3230745792388916 20.2410888671875 4.0
v -1.5635530948638916 19.97589111328125 4.0
v -2.4793245792388916 23.704833984375 4.0
v -1.9634554386138916 20.115478515625 4.0
v -1.5091097354888916 19.75390625 4.0
v -0.408035546541214 15.27001953125 4.0
v 0.241866797208786 15.26007080078125 4.0
v -2.4793245792388916 23.704833984375 4.0
v -1.5635530948638916 19.97589111328125 4.0
v -1.3098909854888916 19.8873291015625 4.0
v 0.241866797208786 15.26007080078125 4.0
v -2.4793245792388916 23.704833984375 4.0
v -1.3098909854888916 19.8873291015625 4.0
v -1.5091097354888916 19.75390625 4.0
v 0.241866797208786 15.26007080078125 4.0
v -1.3098909854888916 19.8873291015625 4.0
v -11.546218872070312 12.410400390625 4.0
v -4.700516223907471 20.9378662109375 4.0
v -4.712479114532471 21.00042724609375 4.0
v -4.712479114532471 21.00042724609375 4.0
v -11.983230590820312 12.19647216796875 4.0
v -11.546218872070312 12.410400390625 4.0
v -11.085037231445312 12.6300048828125 4.0
v -4.686356067657471 20.86456298828125 4.0
v -4.700516223907471 20.9378662109375 4.0
v -4.700516223907471 20.9378662109375 4.0
v -11.546218872070312 12.410400390625 4.0
v -11.085037231445312 12.6300048828125 4.0
v -10.599685668945312 12.85528564453125 4.0
v -4.669510364532471 20.77838134765625 4.0
v -4.686356067657471 20.86456298828125 4.0
v -4.686356067657471 20.86456298828125 4.0
v -11.085037231445312 12.6300048828125 4.0
v -10.599685668945312 12.85528564453125 4.0
v -10.089187622070312 13.08685302734375 4.0
v -4.649734973907471 20.67620849609375 4.0
v -4.669510364532471 20.77838134765625 4.0
v -4.669510364532471 20.77838134765625 4.0
v -10.599685668945312 12.85528564453125 4.0
v -10.089187622070312 13.08685302734375 4.0
v -9.553298950195312 13.31915283203125 4.0
v -4.626053333282471 20.55303955078125 4.0
v -4.649734973907471 20.67620849609375 4.0
v -4.649734973907471 20.67620849609375 4.0
v -10.089187622070312 13.08685302734375 4.0
v -9.553298950195312 13.31915283203125 4.0
v -8.994216918945312 13.54571533203125 4.0
v -4.597000598907471 20.40264892578125 4.0
v -4.626053333282471 20.55303955078125 4.0
v -4.626053333282471 20.55303955078125 4.0
v -9.553298950195312 13.31915283203125 4.0
v -8.994216918945312 13.54571533203125 4.0
v -8.412918090820312 13.7662353515625 4.0
v -4.561111927032471 20.2177734375 4.0
v -4.597000598907471 20.40264892578125 4.0
v -4.597000598907471 20.40264892578125 4.0
v -8.994216918945312 13.54571533203125 4.0
v -8.412918090820312 13.7662353515625 4.0
v -7.809402942657471 13.98065185546875 4.0
v -4.516678333282471 19.98785400390625 4.0
v -4.561111927032471 20.2177734375 4.0
v -4.561111927032471 20.2177734375 4.0
v -8.412918090820312 13.7662353515625 4.0
v -7.809402942657471 13.98065185546875 4.0
v -7.183670520782471 14.18896484375 4.0
v -4.460281848907471 19.69744873046875 4.0
v -4.516678333282471 19.98785400390625 4.0
v -4.516678333282471 19.98785400390625 4.0
v -7.809402942657471 13.98065185546875 4.0
v -7.183670520782471 14.18896484375 4.0
v -6.535721302032471 14.39129638671875 4.0
v -4.387772083282471 19.32269287109375 4.0
v -4.460281848907471 19.69744873046875 4.0
v -4.460281848907471 19.69744873046875 4.0
v -7.183670520782471 14.18896484375 4.0
v -6.535721302032471 14.39129638671875 4.0
v -4.291336536407471 18.82366943359375 4.0
v -4.387772083282471 19.32269287109375 4.0
v -6.535721302032471 14.39129638671875 4.0
v -6.535721302032471 14.39129638671875 4.0
v -5.863602161407471 14.588134765625 4.0
v -4.291336536407471 18.82366943359375 4.0
v -4.155838489532471 18.1236572265625 4.0
v -4.291336536407471 18.82366943359375 4.0
v -5.863602161407471 14.588134765625 4.0
v -5.863602161407471 14.588134765625 4.0
v -5.163406848907471 14.76910400390625 4.0
v -4.155838489532471 18.1236572265625 4.0
v -13.992263793945312 20.51300048828125 4.0
v -14.402175903320312 20.2891845703125 4.0
v -14.770095825195312 20.07171630859375 4.0
v -15.377517700195312 19.6572265625 4.0
v -15.226882934570312 17.10748291015625 4.0
v -10.205154418945312 19.376953125 4.0
v -15.095291137695312 19.86083984375 4.0
v -15.377517700195312 19.6572265625 4.0
v -10.205154418945312 19.376953125 4.0
v -14.770095825195312 20.07171630859375 4.0
v -15.095291137695312 19.86083984375 4.0
v -10.205154418945312 19.376953125 4.0
v -10.205154418945312 19.376953125 4.0
v -15.226882934570312 17.10748291015625 4.0
v -11.712234497070312 17.007568359375 4.0
v -9.013992309570312 16.46990966796875 4.0
v -10.205154418945312 19.376953125 4.0
v -11.712234497070312 17.007568359375 4.0
v -15.377517700195312 19.6572265625 4.0
v -15.616775512695312 19.46173095703125 4.0
v -15.814285278320312 19.27392578125 4.0
v -15.814285278320312 19.27392578125 4.0
v -15.986892700195312 19.0875244140625 4.0
v -16.144851684570312 18.89495849609375 4.0
v -15.377517700195312 19.6572265625 4.0
v -15.814285278320312 19.27392578125 4.0
v -16.144851684570312 18.89495849609375 4.0
v -15.226882934570312 17.10748291015625 4.0
v -15.377517700195312 19.6572265625 4.0
v -16.144851684570312 18.89495849609375 4.0
v -16.144851684570312 18.89495849609375 4.0
v -16.285476684570312 18.69561767578125 4.0
v -16.408035278320312 18.4893798828125 4.0
v -16.408035278320312 18.4893798828125 4.0
v -16.513259887695312 18.27630615234375 4.0
v -16.601150512695312 18.056640625 4.0
v -16.144851684570312 18.89495849609375 4.0
v -16.408035278320312 18.4893798828125 4.0
v -16.601150512695312 18.056640625 4.0
v -15.226882934570312 17.10748291015625 4.0
v -16.144851684570312 18.89495849609375 4.0
v -16.601150512695312 18.056640625 4.0
v -16.601150512695312 18.056640625 4.0
v -16.672683715820312 17.82958984375 4.0
v -16.720779418945312 17.581787109375 4.0
v -15.226882934570312 17.10748291015625 4.0
v -16.601150512695312 18.056640625 4.0
v -16.720779418945312 17.581787109375 4.0
v -15.226882934570312 17.10748291015625 4.0
v -16.720779418945312 17.581787109375 4.0
v -16.770095825195312 17.30865478515625 4.0
v -15.226882934570312 17.10748291015625 4.0
v -16.770095825195312 17.30865478515625 4.0
v -16.812576293945312 17.00860595703125 4.0
v -13.896560668945312 14.26141357421875 4.0
v -15.226882934570312 17.10748291015625 4.0
v -16.812576293945312 17.00860595703125 4.0
v -16.812576293945312 17.00860595703125 4.0
v -16.846023559570312 16.6815185546875 4.0
v -16.869949340820312 16.3275146484375 4.0
v -16.869949340820312 16.3275146484375 4.0
v -16.884353637695312 15.94696044921875 4.0
v -16.888992309570312 15.5396728515625 4.0
v -16.812576293945312 17.00860595703125 4.0
v -16.869949340820312 16.3275146484375 4.0
v -16.888992309570312 15.5396728515625 4.0
v -16.888992309570312 15.5396728515625 4.0
v -16.886306762695312 15.2330322265625 4.0
v -16.877517700195312 14.93408203125 4.0
v -16.877517700195312 14.93408203125 4.0
v -16.863113403320312 14.643310546875 4.0
v -16.843093872070312 14.36065673828125 4.0
v -16.888992309570312 15.5396728515625 4.0
v -16.877517700195312 14.93408203125 4.0
v -16.843093872070312 14.36065673828125 4.0
v -16.812576293945312 17.00860595703125 4.0
v -16.888992309570312 15.5396728515625 4.0
v -16.843093872070312 14.36065673828125 4.0
v -16.843093872070312 14.36065673828125 4.0
v -16.817459106445312 14.08612060546875 4.0
v -16.788162231445312 13.81951904296875 4.0
v -16.788162231445312 13.81951904296875 4.0
v -16.759841918945312 13.559814453125 4.0
v -16.728103637695312 13.30938720703125 4.0
v -16.843093872070312 14.36065673828125 4.0
v -16.788162231445312 13.81951904296875 4.0
v -16.728103637695312 13.30938720703125 4.0
v -16.728103637695312 13.30938720703125 4.0
v -16.691238403320312 13.07061767578125 4.0
v -16.649734497070312 12.8436279296875 4.0
v -16.649734497070312 12.8436279296875 4.0
v -16.603103637695312 12.62835693359375 4.0
v -16.551589965820312 12.4248046875 4.0
v -16.728103637695312 13.30938720703125 4.0
v -16.649734497070312 12.8436279296875 4.0
v -16.551589965820312 12.4248046875 4.0
v -16.843093872070312 14.36065673828125 4.0
v -16.728103637695312 13.30938720703125 4.0
v -16.551589965820312 12.4248046875 4.0
v -16.551589965820312 12.4248046875 4.0
v -16.495193481445312 12.2330322265625 4.0
v -16.433914184570312 12.05328369140625 4.0
v -16.433914184570312 12.05328369140625 4.0
v -16.367019653320312 11.8858642578125 4.0
v -16.294509887695312 11.73046875 4.0
v -16.551589965820312 12.4248046875 4.0
v -16.433914184570312 12.05328369140625 4.0
v -16.294509887695312 11.73046875 4.0
v -16.843093872070312 14.36065673828125 4.0
v -16.551589965820312 12.4248046875 4.0
v -16.294509887695312 11.73046875 4.0
v -16.812576293945312 17.00860595703125 4.0
v -16.843093872070312 14.36065673828125 4.0
v -16.294509887695312 11.73046875 4.0
v -16.294509887695312 11.73046875 4.0
v -16.215896606445312 11.5869140625 4.0
v -16.131668090820312 11.455322265625 4.0
v -16.812576293945312 17.00860595703125 4.0
v -16.294509887695312 11.73046875 4.0
v -16.131668090820312 11.455322265625 4.0
v -13.896560668945312 14.26141357421875 4.0
v -16.812576293945312 17.00860595703125 4.0
v -16.131668090820312 11.455322265625 4.0
v -13.896560668945312 14.26141357421875 4.0
v -16.131668090820312 11.455322265625 4.0
v -16.041336059570312 11.3355712890625 4.0
v -11.712234497070312 17.007568359375 4.0
v -13.896560668945312 14.26141357421875 4.0
v -16.041336059570312 11.3355712890625 4.0
v -9.013992309570312 16.46990966796875 4.0
v -11.712234497070312 17.007568359375 4.0
v -16.041336059570312 11.3355712890625 4.0
v -16.041336059570312 11.3355712890625 4.0
v -15.945144653320312 11.22772216796875 4.0
v -15.844070434570312 11.1312255859375 4.0
v -15.844070434570312 11.1312255859375 4.0
v -15.738357543945312 11.047119140625 4.0
v -15.628005981445312 10.9769287109375 4.0
v -16.041336059570312 11.3355712890625 4.0
v -15.844070434570312 11.1312255859375 4.0
v -15.628005981445312 10.9769287109375 4.0
v -15.628005981445312 10.9769287109375 4.0
v -15.512771606445312 10.920654296875 4.0
v -15.393142700195312 10.87750244140625 4.0
v -16.041336059570312 11.3355712890625 4.0
v -15.628005981445312 10.9769287109375 4.0
v -15.393142700195312 10.87750244140625 4.0
v -9.013992309570312 16.46990966796875 4.0
v -16.041336059570312 11.3355712890625 4.0
v -15.393142700195312 10.87750244140625 4.0
v -9.013992309570312 16.46990966796875 4.0
v -15.393142700195312 10.87750244140625 4.0
v -15.268630981445312 10.8472900390625 4.0
v -9.013992309570312 16.46990966796875 4.0
v -15.268630981445312 10.8472900390625 4.0
v -12.396072387695312 11.98828125 4.0
v -6.654617786407471 18.98614501953125 4.0
v -9.013992309570312 16.46990966796875 4.0
v -12.396072387695312 11.98828125 4.0
v -6.654617786407471 18.98614501953125 4.0
v -12.396072387695312 11.98828125 4.0
v -11.983230590820312 12.19647216796875 4.0
v -6.654617786407471 18.98614501953125 4.0
v -11.983230590820312 12.19647216796875 4.0
v -4.712479114532471 21.00042724609375 4.0
v -6.654617786407471 18.98614501953125 4.0
v -4.712479114532471 21.00042724609375 4.0
v -4.728104114532471 21.08087158203125 4.0
v -10.205154418945312 19.376953125 4.0
v -6.654617786407471 18.98614501953125 4.0
v -4.728104114532471 21.08087158203125 4.0
v -14.770095825195312 20.07171630859375 4.0
v -10.205154418945312 19.376953125 4.0
v -4.728104114532471 21.08087158203125 4.0
v -4.728104114532471 21.08087158203125 4.0
v -4.664627552032471 21.05865478515625 4.0
v -2.4793245792388916 23.704833984375 4.0
v -2.4793245792388916 23.704833984375 4.0
v -3.2500765323638916 23.62322998046875 4.0
v -4.013992786407471 23.52349853515625 4.0
v -4.013992786407471 23.52349853515625 4.0
v -4.771561145782471 23.405517578125 4.0
v -5.518387317657471 23.27313232421875 4.0
v -2.4793245792388916 23.704833984375 4.0
v -4.013992786407471 23.52349853515625 4.0
v -5.518387317657471 23.27313232421875 4.0
v -5.518387317657471 23.27313232421875 4.0
v -6.248856067657471 23.13018798828125 4.0
v -6.962234973907471 22.976806640625 4.0
v -6.962234973907471 22.976806640625 4.0
v -7.659012317657471 22.81304931640625 4.0
v -8.339187622070312 22.63885498046875 4.0
v -5.518387317657471 23.27313232421875 4.0
v -6.962234973907471 22.976806640625 4.0
v -8.339187622070312 22.63885498046875 4.0
v -2.4793245792388916 23.704833984375 4.0
v -5.518387317657471 23.27313232421875 4.0
v -8.339187622070312 22.63885498046875 4.0
v -4.728104114532471 21.08087158203125 4.0
v -2.4793245792388916 23.704833984375 4.0
v -8.339187622070312 22.63885498046875 4.0
v -4.728104114532471 21.08087158203125 4.0
v -8.339187622070312 22.63885498046875 4.0
v -9.002273559570312 22.4542236328125 4.0
v -4.728104114532471 21.08087158203125 4.0
v -9.002273559570312 22.4542236328125 4.0
v -9.648757934570312 22.2591552734375 4.0
v -9.648757934570312 22.2591552734375 4.0
v -10.275955200195312 22.05633544921875 4.0
v -10.879470825195312 21.84881591796875 4.0
v -4.728104114532471 21.08087158203125 4.0
v -9.648757934570312 22.2591552734375 4.0
v -10.879470825195312 21.84881591796875 4.0
v -14.770095825195312 20.07171630859375 4.0
v -4.728104114532471 21.08087158203125 4.0
v -10.879470825195312 21.84881591796875 4.0
v -10.879470825195312 21.84881591796875 4.0
v -11.459304809570312 21.63671875 4.0
v -12.015213012695312 21.41998291015625 4.0
v -12.015213012695312 21.41998291015625 4.0
v -12.547439575195312 21.19873046875 4.0
v -13.055740356445312 20.97296142578125 4.0
v -10.879470825195312 21.84881591796875 4.0
v -12.015213012695312 21.41998291015625 4.0
v -13.055740356445312 20.97296142578125 4.0
v -14.770095825195312 20.07171630859375 4.0
v -10.879470825195312 21.84881591796875 4.0
v -13.055740356445312 20.97296142578125 4.0
v -13.992263793945312 20.51300048828125 4.0
v -14.770095825195312 20.07171630859375 4.0
v -13.055740356445312 20.97296142578125 4.0
v -13.992263793945312 20.51300048828125 4.0
v -13.055740356445312 20.97296142578125 4.0
v -13.540359497070312 20.74267578125 4.0
v 7.810470104217529 -19.40887451171875 4.0
v 8.599288940429688 -18.6851806640625 4.0
v 9.490890502929688 -17.83355712890625 4.0
v 5.980391979217529 -12.63714599609375 4.0
v 6.048995494842529 -16.01580810546875 4.0
v 7.872237682342529 -15.65081787109375 4.0
v 6.612472057342529 -12.04058837890625 4.0
v 5.980391979217529 -12.63714599609375 4.0
v 7.872237682342529 -15.65081787109375 4.0
v 9.490890502929688 -17.83355712890625 4.0
v 6.612472057342529 -12.04058837890625 4.0
v 7.872237682342529 -15.65081787109375 4.0
v 7.810470104217529 -19.40887451171875 4.0
v 9.490890502929688 -17.83355712890625 4.0
v 7.872237682342529 -15.65081787109375 4.0
v 6.304366588592529 -18.9058837890625 4.0
v 6.101729869842529 -18.61322021484375 4.0
v 6.144210338592529 -20.706298828125 4.0
v 7.872237682342529 -15.65081787109375 4.0
v 6.304366588592529 -18.9058837890625 4.0
v 6.144210338592529 -20.706298828125 4.0
v 7.810470104217529 -19.40887451171875 4.0
v 7.872237682342529 -15.65081787109375 4.0
v 6.144210338592529 -20.706298828125 4.0
v 7.810470104217529 -19.40887451171875 4.0
v 6.144210338592529 -20.706298828125 4.0
v 6.992110729217529 -20.08251953125 4.0
v 5.891280651092529 -18.30902099609375 4.0
v 6.144210338592529 -20.706298828125 4.0
v 6.101729869842529 -18.61322021484375 4.0
v 5.562423229217529 -17.83416748046875 4.0
v 6.144210338592529 -20.706298828125 4.0
v 5.891280651092529 -18.30902099609375 4.0
v 4.991622447967529 -17.00921630859375 4.0
v 6.144210338592529 -20.706298828125 4.0
v 5.562423229217529 -17.83416748046875 4.0
v 4.762130260467529 -16.2734375 4.0
v 4.095626354217529 -14.135498046875 4.0
v 3.4694058895111084 -14.53814697265625 4.0
v 6.144210338592529 -20.706298828125 4.0
v 4.991622447967529 -17.00921630859375 4.0
v 4.516280651092529 -16.32269287109375 4.0
v 3.4694058895111084 -14.53814697265625 4.0
v 6.144210338592529 -20.706298828125 4.0
v 4.516280651092529 -16.32269287109375 4.0
v 4.762130260467529 -16.2734375 4.0
v 3.4694058895111084 -14.53814697265625 4.0
v 4.516280651092529 -16.32269287109375 4.0
v -0.6167758107185364 -15.843017578125 4.0
v -1.3567659854888916 -15.87017822265625 4.0
v 3.1693570613861084 -18.78839111328125 4.0
v -0.6167758107185364 -15.843017578125 4.0
v 3.1693570613861084 -18.78839111328125 4.0
v 3.4557340145111084 -18.81231689453125 4.0
v 3.4557340145111084 -18.81231689453125 4.0
v 3.3649137020111084 -18.91436767578125 4.0
v 6.144210338592529 -20.706298828125 4.0
v -0.6167758107185364 -15.843017578125 4.0
v 3.4557340145111084 -18.81231689453125 4.0
v 6.144210338592529 -20.706298828125 4.0
v 2.7967984676361084 -18.7572021484375 4.0
v 3.1693570613861084 -18.78839111328125 4.0
v -1.3567659854888916 -15.87017822265625 4.0
v -1.3567659854888916 -15.87017822265625 4.0
v -2.2163851261138916 -15.838134765625 4.0
v 2.7967984676361084 -18.7572021484375 4.0
v 2.4987027645111084 -18.73223876953125 4.0
v 2.7967984676361084 -18.7572021484375 4.0
v -2.2163851261138916 -15.838134765625 4.0
v -2.2163851261138916 -15.838134765625 4.0
v -3.0242464542388916 -15.74151611328125 4.0
v 2.4987027645111084 -18.73223876953125 4.0
v -17.820388793945312 -16.8642578125 4.0
v -17.442459106445312 -17.5367431640625 4.0
v -11.697586059570312 -17.40576171875 4.0
v -12.221267700195312 -14.183837890625 4.0
v -11.697586059570312 -17.40576171875 4.0
v -9.048904418945312 -17.48419189453125 4.0
v -10.730789184570312 -20.13775634765625 4.0
v -9.048904418945312 -17.48419189453125 4.0
v -11.697586059570312 -17.40576171875 4.0
v -11.697586059570312 -17.40576171875 4.0
v -17.442459106445312 -17.5367431640625 4.0
v -17.027664184570312 -18.17529296875 4.0
v -17.027664184570312 -18.17529296875 4.0
v -16.575759887695312 -18.780029296875 4.0
v -16.086502075195312 -19.3511962890625 4.0
v -11.697586059570312 -17.40576171875 4.0
v -17.027664184570312 -18.17529296875 4.0
v -16.086502075195312 -19.3511962890625 4.0
v -10.730789184570312 -20.13775634765625 4.0
v -11.697586059570312 -17.40576171875 4.0
v -16.086502075195312 -19.3511962890625 4.0
v -10.730789184570312 -20.13775634765625 4.0
v -16.086502075195312 -19.3511962890625 4.0
v -15.560134887695312 -19.88897705078125 4.0
v -10.730789184570312 -20.13775634765625 4.0
v -15.560134887695312 -19.88897705078125 4.0
v -14.995925903320312 -20.39373779296875 4.0
v -7.046219348907471 -20.12274169921875 4.0
v -10.730789184570312 -20.13775634765625 4.0
v -14.995925903320312 -20.39373779296875 4.0
v -14.995925903320312 -20.39373779296875 4.0
v -14.397293090820312 -20.86517333984375 4.0
v -13.767166137695312 -21.302490234375 4.0
v -13.767166137695312 -21.302490234375 4.0
v -13.106277465820312 -21.70562744140625 4.0
v -12.414138793945312 -22.0745849609375 4.0
v -14.995925903320312 -20.39373779296875 4.0
v -13.767166137695312 -21.302490234375 4.0
v -12.414138793945312 -22.0745849609375 4.0
v -12.414138793945312 -22.0745849609375 4.0
v -11.690505981445312 -22.40936279296875 4.0
v -10.935623168945312 -22.70989990234375 4.0
v -10.935623168945312 -22.70989990234375 4.0
v -10.148757934570312 -22.9761962890625 4.0
v -9.334793090820312 -23.2076416015625 4.0
v -12.414138793945312 -22.0745849609375 4.0
v -10.935623168945312 -22.70989990234375 4.0
v -9.334793090820312 -23.2076416015625 4.0
v -14.995925903320312 -20.39373779296875 4.0
v -12.414138793945312 -22.0745849609375 4.0
v -9.334793090820312 -23.2076416015625 4.0
v -7.638016223907471 -23.564208984375 4.0
v -6.755447864532471 -23.68914794921875 4.0
v -5.849930286407471 -23.7784423828125 4.0
v -5.849930286407471 -23.7784423828125 4.0
v -4.921707630157471 -23.83209228515625 4.0
v -3.9715120792388916 -23.84991455078125 4.0
v -3.9715120792388916 -23.84991455078125 4.0
v -2.8223421573638916 -23.8177490234375 4.0
v -1.7051546573638916 -23.72137451171875 4.0
v 0.436446875333786 -23.33642578125 4.0
v 1.4613492488861084 -23.04791259765625 4.0
v 2.4562222957611084 -22.695556640625 4.0
v 2.4562222957611084 -22.695556640625 4.0
v 3.4215543270111084 -22.27880859375 4.0
v 4.358565807342529 -21.8045654296875 4.0
v 5.266280651092529 -21.2802734375 4.0
v 6.144210338592529 -20.706298828125 4.0
v 3.1923062801361084 -19.10784912109375 4.0
v 5.266280651092529 -21.2802734375 4.0
v 3.1923062801361084 -19.10784912109375 4.0
v 1.0314176082611084 -21.5316162109375 4.0
v 4.358565807342529 -21.8045654296875 4.0
v 5.266280651092529 -21.2802734375 4.0
v 1.0314176082611084 -21.5316162109375 4.0
v 2.4562222957611084 -22.695556640625 4.0
v 4.358565807342529 -21.8045654296875 4.0
v 1.0314176082611084 -21.5316162109375 4.0
v 0.436446875333786 -23.33642578125 4.0
v 2.4562222957611084 -22.695556640625 4.0
v 1.0314176082611084 -21.5316162109375 4.0
v -0.6189730763435364 -23.5609130859375 4.0
v 0.436446875333786 -23.33642578125 4.0
v 1.0314176082611084 -21.5316162109375 4.0
v -1.7051546573638916 -23.72137451171875 4.0
v -0.6189730763435364 -23.5609130859375 4.0
v 1.0314176082611084 -21.5316162109375 4.0
v 0.09928867220878601 -18.53143310546875 4.0
v -3.0242464542388916 -15.74151611328125 4.0
v -4.631912708282471 -19.0262451171875 4.0
v 0.09928867220878601 -18.53143310546875 4.0
v -4.631912708282471 -19.0262451171875 4.0
v -1.6697542667388916 -20.53485107421875 4.0
v 1.0314176082611084 -21.5316162109375 4.0
v 0.09928867220878601 -18.53143310546875 4.0
v -1.6697542667388916 -20.53485107421875 4.0
v -1.7051546573638916 -23.72137451171875 4.0
v 1.0314176082611084 -21.5316162109375 4.0
v -1.6697542667388916 -20.53485107421875 4.0
v -3.9715120792388916 -23.84991455078125 4.0
v -1.7051546573638916 -23.72137451171875 4.0
v -1.6697542667388916 -20.53485107421875 4.0
v -5.849930286407471 -23.7784423828125 4.0
v -3.9715120792388916 -23.84991455078125 4.0
v -1.6697542667388916 -20.53485107421875 4.0
v -7.638016223907471 -23.564208984375 4.0
v -5.849930286407471 -23.7784423828125 4.0
v -1.6697542667388916 -20.53485107421875 4.0
v -7.638016223907471 -23.564208984375 4.0
v -1.6697542667388916 -20.53485107421875 4.0
v -4.975174427032471 -22.14910888671875 4.0
v -8.497879028320312 -23.4036865234375 4.0
v -7.638016223907471 -23.564208984375 4.0
v -4.975174427032471 -22.14910888671875 4.0
v -9.334793090820312 -23.2076416015625 4.0
v -8.497879028320312 -23.4036865234375 4.0
v -4.975174427032471 -22.14910888671875 4.0
v -14.995925903320312 -20.39373779296875 4.0
v -9.334793090820312 -23.2076416015625 4.0
v -4.975174427032471 -22.14910888671875 4.0
v -7.046219348907471 -20.12274169921875 4.0
v -14.995925903320312 -20.39373779296875 4.0
v -4.975174427032471 -22.14910888671875 4.0
v -7.046219348907471 -20.12274169921875 4.0
v -4.975174427032471 -22.14910888671875 4.0
v -4.631912708282471 -19.0262451171875 4.0
v -7.046219348907471 -20.12274169921875 4.0
v -4.631912708282471 -19.0262451171875 4.0
v -3.0242464542388916 -15.74151611328125 4.0
v -7.046219348907471 -20.12274169921875 4.0
v -3.0242464542388916 -15.74151611328125 4.0
v -3.7805941104888916 -15.57958984375 4.0
v -9.048904418945312 -17.48419189453125 4.0
v -7.046219348907471 -20.12274169921875 4.0
v -3.7805941104888916 -15.57958984375 4.0
v -12.221267700195312 -14.183837890625 4.0
v -9.048904418945312 -17.48419189453125 4.0
v -3.7805941104888916 -15.57958984375 4.0
v -12.221267700195312 -14.183837890625 4.0
v -3.7805941104888916 -15.57958984375 4.0
v -19.080886840820312 -12.98858642578125 4.0
v -14.989578247070312 -15.66912841796875 4.0
v -12.221267700195312 -14.183837890625 4.0
v -19.080886840820312 -12.98858642578125 4.0
v -14.989578247070312 -15.66912841796875 4.0
v -19.080886840820312 -12.98858642578125 4.0
v -18.919509887695312 -13.8343505859375 4.0
v -11.697586059570312 -17.40576171875 4.0
v -14.989578247070312 -15.66912841796875 4.0
v -18.919509887695312 -13.8343505859375 4.0
v -17.820388793945312 -16.8642578125 4.0
v -11.697586059570312 -17.40576171875 4.0
v -18.919509887695312 -13.8343505859375 4.0
v -18.919509887695312 -13.8343505859375 4.0
v -18.712234497070312 -14.644287109375 4.0
v -18.459548950195312 -15.41864013671875 4.0
v -17.820388793945312 -16.8642578125 4.0
v -18.919509887695312 -13.8343505859375 4.0
v -18.459548950195312 -15.41864013671875 4.0
v -17.820388793945312 -16.8642578125 4.0
v -18.459548950195312 -15.41864013671875 4.0
v -18.160720825195312 -16.158203125 4.0
v -14.436111450195312 -12.793701171875 4.0
v -14.543045043945312 -12.603271484375 4.0
v -19.080886840820312 -12.98858642578125 4.0
v -14.436111450195312 -12.793701171875 4.0
v -19.080886840820312 -12.98858642578125 4.0
v -7.485672473907471 -12.6595458984375 4.0
v -14.436111450195312 -12.793701171875 4.0
v -7.485672473907471 -12.6595458984375 4.0
v -7.742264270782471 -12.0257568359375 4.0
v -14.436111450195312 -12.793701171875 4.0
v -7.742264270782471 -12.0257568359375 4.0
v -14.345291137695312 -12.58648681640625 4.0
v -14.207107543945312 -12.2708740234375 4.0
v -14.345291137695312 -12.58648681640625 4.0
v -7.742264270782471 -12.0257568359375 4.0
v -7.742264270782471 -12.0257568359375 4.0
v -7.924637317657471 -11.34576416015625 4.0
v -14.207107543945312 -12.2708740234375 4.0
v -14.048904418945312 -11.91009521484375 4.0
v -14.207107543945312 -12.2708740234375 4.0
v -7.924637317657471 -11.34576416015625 4.0
v -7.924637317657471 -11.34576416015625 4.0
v -8.033279418945312 -10.62078857421875 4.0
v -14.048904418945312 -11.91009521484375 4.0
v -13.871658325195312 -11.505615234375 4.0
v -14.048904418945312 -11.91009521484375 4.0
v -8.033279418945312 -10.62078857421875 4.0
v -8.033279418945312 -10.62078857421875 4.0
v -8.069168090820312 -9.85382080078125 4.0
v -13.871658325195312 -11.505615234375 4.0
v -13.760818481445312 -11.2528076171875 4.0
v -13.871658325195312 -11.505615234375 4.0
v -8.069168090820312 -9.85382080078125 4.0
v -8.069168090820312 -9.85382080078125 4.0
v -8.056472778320312 -9.3917236328125 4.0
v -13.760818481445312 -11.2528076171875 4.0
v -13.652175903320312 -11.0047607421875 4.0
v -13.760818481445312 -11.2528076171875 4.0
v -8.056472778320312 -9.3917236328125 4.0
v -8.056472778320312 -9.3917236328125 4.0
v -8.018386840820312 -8.946044921875 4.0
v -13.652175903320312 -11.0047607421875 4.0
v -13.545974731445312 -10.7628173828125 4.0
v -13.652175903320312 -11.0047607421875 4.0
v -8.018386840820312 -8.946044921875 4.0
v -8.018386840820312 -8.946044921875 4.0
v -7.954666614532471 -8.5142822265625 4.0
v -13.545974731445312 -10.7628173828125 4.0
v -13.443923950195312 -10.5299072265625 4.0
v -13.545974731445312 -10.7628173828125 4.0
v -7.954666614532471 -8.5142822265625 4.0
v -7.954666614532471 -8.5142822265625 4.0
v -7.865067005157471 -8.0965576171875 4.0
v -13.443923950195312 -10.5299072265625 4.0
v -13.347244262695312 -10.30902099609375 4.0
v -13.443923950195312 -10.5299072265625 4.0
v -7.865067005157471 -8.0965576171875 4.0
v -7.865067005157471 -8.0965576171875 4.0
v -7.749588489532471 -7.69305419921875 4.0
v -13.347244262695312 -10.30902099609375 4.0
v -13.256912231445312 -10.10284423828125 4.0
v -13.347244262695312 -10.30902099609375 4.0
v -7.749588489532471 -7.69305419921875 4.0
v -7.749588489532471 -7.69305419921875 4.0
v -7.607986927032471 -7.30401611328125 4.0
v -13.256912231445312 -10.10284423828125 4.0
v -13.173904418945312 -9.91375732421875 4.0
v -13.256912231445312 -10.10284423828125 4.0
v -7.607986927032471 -7.30401611328125 4.0
v -7.607986927032471 -7.30401611328125 4.0
v -7.440262317657471 -6.92919921875 4.0
v -13.173904418945312 -9.91375732421875 4.0
v -7.244217395782471 -6.568603515625 4.0
v -13.214920043945312 -9.80694580078125 4.0
v -13.130203247070312 -9.8143310546875 4.0
v -13.130203247070312 -9.8143310546875 4.0
v -13.173904418945312 -9.91375732421875 4.0
v -7.440262317657471 -6.92919921875 4.0
v -7.244217395782471 -6.568603515625 4.0
v -13.130203247070312 -9.8143310546875 4.0
v -7.440262317657471 -6.92919921875 4.0
v -13.381912231445312 -9.79241943359375 4.0
v -13.214920043945312 -9.80694580078125 4.0
v -7.244217395782471 -6.568603515625 4.0
v -7.244217395782471 -6.568603515625 4.0
v -7.017654895782471 -6.22320556640625 4.0
v -13.381912231445312 -9.79241943359375 4.0
v -13.511550903320312 -9.78118896484375 4.0
v -13.381912231445312 -9.79241943359375 4.0
v -7.017654895782471 -6.22320556640625 4.0
v -7.017654895782471 -6.22320556640625 4.0
v -6.761551380157471 -5.8939208984375 4.0
v -13.511550903320312 -9.78118896484375 4.0
v -13.608963012695312 -9.772705078125 4.0
v -13.511550903320312 -9.78118896484375 4.0
v -6.761551380157471 -5.8939208984375 4.0
v -6.761551380157471 -5.8939208984375 4.0
v -6.476395130157471 -5.58087158203125 4.0
v -13.608963012695312 -9.772705078125 4.0
v -13.678298950195312 -9.76666259765625 4.0
v -13.608963012695312 -9.772705078125 4.0
v -6.476395130157471 -5.58087158203125 4.0
v -6.476395130157471 -5.58087158203125 4.0
v -6.162186145782471 -5.28424072265625 4.0
v -13.678298950195312 -9.76666259765625 4.0
v -13.723220825195312 -9.76275634765625 4.0
v -13.678298950195312 -9.76666259765625 4.0
v -6.162186145782471 -5.28424072265625 4.0
v -6.162186145782471 -5.28424072265625 4.0
v -5.819412708282471 -5.00396728515625 4.0
v -13.723220825195312 -9.76275634765625 4.0
v -19.196365356445312 -12.10693359375 4.0
v -19.080886840820312 -12.98858642578125 4.0
v -15.523025512695312 -10.85650634765625 4.0
v -19.196365356445312 -12.10693359375 4.0
v -15.523025512695312 -10.85650634765625 4.0
v -16.260086059570312 -9.5423583984375 4.0
v -13.723220825195312 -9.76275634765625 4.0
v -11.453933715820312 -5.73388671875 4.0
v -14.210525512695312 -7.44329833984375 4.0
v -16.260086059570312 -9.5423583984375 4.0
v -13.723220825195312 -9.76275634765625 4.0
v -14.210525512695312 -7.44329833984375 4.0
v -11.453933715820312 -5.73388671875 4.0
v -7.605789661407471 -3.06439208984375 4.0
v -10.993728637695312 -3.16351318359375 4.0
v -13.868240356445312 -3.7236328125 4.0
v -11.453933715820312 -5.73388671875 4.0
v -10.993728637695312 -3.16351318359375 4.0
v -11.453933715820312 -5.73388671875 4.0
v -13.723220825195312 -9.76275634765625 4.0
v -5.819412708282471 -5.00396728515625 4.0
v -11.453933715820312 -5.73388671875 4.0
v -5.819412708282471 -5.00396728515625 4.0
v -5.447830677032471 -4.73974609375 4.0
v -7.605789661407471 -3.06439208984375 4.0
v -11.453933715820312 -5.73388671875 4.0
v -5.447830677032471 -4.73974609375 4.0
v -7.605789661407471 -3.06439208984375 4.0
v -5.447830677032471 -4.73974609375 4.0
v -3.2232210636138916 -1.40765380859375 4.0
v -7.605789661407471 -3.06439208984375 4.0
v -3.2232210636138916 -1.40765380859375 4.0
v -6.122147083282471 -0.789794921875 4.0
v -8.902420043945312 -0.20281982421875 4.0
v -7.605789661407471 -3.06439208984375 4.0
v -6.122147083282471 -0.789794921875 4.0
v -3.4136507511138916 1.57171630859375 4.0
v -2.8948519229888916 -0.915771484375 4.0
v 0.373702734708786 3.97991943359375 4.0
v -3.4136507511138916 1.57171630859375 4.0
v 0.373702734708786 3.97991943359375 4.0
v -1.1079866886138916 3.8924560546875 4.0
v -6.122147083282471 -0.789794921875 4.0
v -3.4136507511138916 1.57171630859375 4.0
v -1.1079866886138916 3.8924560546875 4.0
v -1.1079866886138916 3.8924560546875 4.0
v -2.5325472354888916 3.77001953125 4.0
v -3.8997347354888916 3.6126708984375 4.0
v -6.122147083282471 -0.789794921875 4.0
v -1.1079866886138916 3.8924560546875 4.0
v -3.8997347354888916 3.6126708984375 4.0
v -3.8997347354888916 3.6126708984375 4.0
v -5.209549427032471 3.4205322265625 4.0
v -6.461502552032471 3.19366455078125 4.0
v -6.122147083282471 -0.789794921875 4.0
v -3.8997347354888916 3.6126708984375 4.0
v -6.461502552032471 3.19366455078125 4.0
v -8.902420043945312 -0.20281982421875 4.0
v -6.122147083282471 -0.789794921875 4.0
v -6.461502552032471 3.19366455078125 4.0
v -8.902420043945312 -0.20281982421875 4.0
v -6.461502552032471 3.19366455078125 4.0
v -7.655594348907471 2.93072509765625 4.0
v -10.993728637695312 -3.16351318359375 4.0
v -8.902420043945312 -0.20281982421875 4.0
v -7.655594348907471 2.93072509765625 4.0
v -13.868240356445312 -3.7236328125 4.0
v -10.993728637695312 -3.16351318359375 4.0
v -7.655594348907471 2.93072509765625 4.0
v -7.655594348907471 2.93072509765625 4.0
v -8.790603637695312 2.63043212890625 4.0
v -9.867507934570312 2.29278564453125 4.0
v -9.867507934570312 2.29278564453125 4.0
v -10.885818481445312 1.91796875 4.0
v -11.845535278320312 1.506103515625 4.0
v -7.655594348907471 2.93072509765625 4.0
v -9.867507934570312 2.29278564453125 4.0
v -11.845535278320312 1.506103515625 4.0
v -13.868240356445312 -3.7236328125 4.0
v -7.655594348907471 2.93072509765625 4.0
v -11.845535278320312 1.506103515625 4.0
v -13.868240356445312 -3.7236328125 4.0
v -11.845535278320312 1.506103515625 4.0
v -12.746902465820312 1.057373046875 4.0
v -13.868240356445312 -3.7236328125 4.0
v -12.746902465820312 1.057373046875 4.0
v -13.590164184570312 0.57196044921875 4.0
v -14.210525512695312 -7.44329833984375 4.0
v -13.868240356445312 -3.7236328125 4.0
v -13.590164184570312 0.57196044921875 4.0
v -13.590164184570312 0.57196044921875 4.0
v -14.374588012695312 0.049560546875 4.0
v -15.100418090820312 -0.51031494140625 4.0
v -14.210525512695312 -7.44329833984375 4.0
v -13.590164184570312 0.57196044921875 4.0
v -15.100418090820312 -0.51031494140625 4.0
v -15.100418090820312 -0.51031494140625 4.0
v -15.767654418945312 -1.10760498046875 4.0
v -16.376541137695312 -1.74237060546875 4.0
v -16.376541137695312 -1.74237060546875 4.0
v -16.927810668945312 -2.4149169921875 4.0
v -17.421463012695312 -3.12530517578125 4.0
v -15.100418090820312 -0.51031494140625 4.0
v -16.376541137695312 -1.74237060546875 4.0
v -17.421463012695312 -3.12530517578125 4.0
v -17.421463012695312 -3.12530517578125 4.0
v -17.857986450195312 -3.8739013671875 4.0
v -18.236648559570312 -4.661376953125 4.0
v -15.100418090820312 -0.51031494140625 4.0
v -17.421463012695312 -3.12530517578125 4.0
v -18.236648559570312 -4.661376953125 4.0
v -14.210525512695312 -7.44329833984375 4.0
v -15.100418090820312 -0.51031494140625 4.0
v -18.236648559570312 -4.661376953125 4.0
v -16.260086059570312 -9.5423583984375 4.0
v -14.210525512695312 -7.44329833984375 4.0
v -18.236648559570312 -4.661376953125 4.0
v -16.260086059570312 -9.5423583984375 4.0
v -18.236648559570312 -4.661376953125 4.0
v -18.557449340820312 -5.48876953125 4.0
v -16.260086059570312 -9.5423583984375 4.0
v -18.557449340820312 -5.48876953125 4.0
v -18.820388793945312 -6.3564453125 4.0
v -19.196365356445312 -12.10693359375 4.0
v -16.260086059570312 -9.5423583984375 4.0
v -18.820388793945312 -6.3564453125 4.0
v -18.820388793945312 -6.3564453125 4.0
v -19.024978637695312 -7.26483154296875 4.0
v -19.171463012695312 -8.21405029296875 4.0
v -19.196365356445312 -12.10693359375 4.0
v -18.820388793945312 -6.3564453125 4.0
v -19.171463012695312 -8.21405029296875 4.0
v -19.171463012695312 -8.21405029296875 4.0
v -19.259597778320312 -9.204345703125 4.0
v -19.288894653320312 -10.2362060546875 4.0
v -19.196365356445312 -12.10693359375 4.0
v -19.171463012695312 -8.21405029296875 4.0
v -19.288894653320312 -10.2362060546875 4.0
v -19.196365356445312 -12.10693359375 4.0
v -19.288894653320312 -10.2362060546875 4.0
v -19.265945434570312 -11.189208984375 4.0
v 2.3129117488861084 0.37188720703125 4.0
v 7.680831432342529 4.04998779296875 4.0
v 2.3099820613861084 0.4334716796875 4.0
v 2.3163297176361084 0.3038330078125 4.0
v 7.680831432342529 4.04998779296875 4.0
v 2.3129117488861084 0.37188720703125 4.0
v 2.3209683895111084 0.21026611328125 4.0
v 7.680831432342529 4.04998779296875 4.0
v 2.3163297176361084 0.3038330078125 4.0
v 2.3270719051361084 0.0867919921875 4.0
v 7.680831432342529 4.04998779296875 4.0
v 2.3209683895111084 0.21026611328125 4.0
v 2.3348844051361084 -0.07281494140625 4.0
v 7.680831432342529 4.04998779296875 4.0
v 2.3270719051361084 0.0867919921875 4.0
v 2.3448941707611084 -0.277587890625 4.0
v 7.680831432342529 4.04998779296875 4.0
v 2.3348844051361084 -0.07281494140625 4.0
v 2.3578336238861084 -0.54052734375 4.0
v 7.680831432342529 4.04998779296875 4.0
v 2.3448941707611084 -0.277587890625 4.0
v 2.3727262020111084 -0.88238525390625 4.0
v -0.02961757779121399 -3.1121826171875 4.0
v 0.6923062205314636 -3.04986572265625 4.0
v 2.3727262020111084 -0.88238525390625 4.0
v 0.6923062205314636 -3.04986572265625 4.0
v 7.680831432342529 4.04998779296875 4.0
v 2.3727262020111084 -0.88238525390625 4.0
v 7.680831432342529 4.04998779296875 4.0
v 2.3578336238861084 -0.54052734375 4.0
v 7.680831432342529 2.283935546875 4.0
v 7.680831432342529 4.04998779296875 4.0
v 5.957198619842529 1.4285888671875 4.0
v 4.590255260467529 0.75018310546875 4.0
v 4.903731822967529 0.90576171875 4.0
v 7.680831432342529 4.04998779296875 4.0
v 4.590255260467529 0.75018310546875 4.0
v 7.680831432342529 4.04998779296875 4.0
v 0.6923062205314636 -3.04986572265625 4.0
v 4.590255260467529 0.75018310546875 4.0
v 0.6923062205314636 -3.04986572265625 4.0
v 1.4488980770111084 -3.0054931640625 4.0
v 4.590255260467529 0.75018310546875 4.0
v 1.4488980770111084 -3.0054931640625 4.0
v 4.712081432342529 0.68878173828125 4.0
v 2.2404019832611084 -2.97882080078125 4.0
v 4.976241588592529 0.5556640625 4.0
v 4.712081432342529 0.68878173828125 4.0
v 4.712081432342529 0.68878173828125 4.0
v 1.4488980770111084 -3.0054931640625 4.0
v 2.2404019832611084 -2.97882080078125 4.0
v 3.0651090145111084 -2.969970703125 4.0
v 5.281905651092529 0.401611328125 4.0
v 4.976241588592529 0.5556640625 4.0
v 4.976241588592529 0.5556640625 4.0
v 2.2404019832611084 -2.97882080078125 4.0
v 3.0651090145111084 -2.969970703125 4.0
v 12.436935424804688 -16.01470947265625 5.5
v 14.024337768554688 -19.188232421875 5.5
v 15.578536987304688 -15.998779296875 5.5
v 12.410812377929688 -10.5780029296875 5.5
v 13.996261596679688 -13.71307373046875 5.5
v 15.552413940429688 -10.56439208984375 5.5
v 12.391036987304688 -5.14007568359375 5.5
v 13.972091674804688 -8.27960205078125 5.5
v 15.532638549804688 -5.13153076171875 5.5
v 12.385177612304688 0.29962158203125 5.5
v 13.956954956054688 -2.842529296875 5.5
v 15.526779174804688 0.29595947265625 5.5
v 12.423019409179688 5.76434326171875 5.5
v 13.962326049804688 2.59173583984375 5.5
v 15.564132690429688 5.70404052734375 5.5
v 12.044601440429688 10.69091796875 5.5
v 14.034591674804688 8.02630615234375 5.5
v 15.064865112304688 11.55596923828125 5.5
v 9.739669799804688 14.65997314453125 5.5
v 12.706710815429688 13.2490234375 5.5
v 11.961105346679688 16.88134765625 5.5
v 5.721602916717529 17.1370849609375 5.5
v 9.071945190429688 17.21282958984375 5.5
v 6.812179088592529 20.08343505859375 5.5
v 0.8341519236564636 18.248291015625 5.5
v 4.073165416717529 19.27789306640625 5.5
v 1.1268765926361084 21.37628173828125 5.5
v -4.131180286407471 17.9964599609375 5.5
v -1.3098909854888916 19.8873291015625 5.5
v -4.728104114532471 21.08087158203125 5.5
v -9.013992309570312 16.46990966796875 5.5
v -6.654617786407471 18.98614501953125 5.5
v -10.205154418945312 19.376953125 5.5
v -13.896560668945312 14.26141357421875 5.5
v -11.712234497070312 17.007568359375 5.5
v -15.226882934570312 17.10748291015625 5.5
v 12.436935424804688 -16.01470947265625 5.5
v 12.436935424804688 -16.01470947265625 4.0
v 13.158615112304688 -17.4576416015625 4.0
v 13.158615112304688 -17.4576416015625 4.0
v 14.024337768554688 -19.188232421875 4.0
v 14.024337768554688 -19.188232421875 5.5
v 12.436935424804688 -16.01470947265625 5.5
v 13.158615112304688 -17.4576416015625 4.0
v 14.024337768554688 -19.188232421875 5.5
v 14.024337768554688 -19.188232421875 5.5
v 14.024337768554688 -19.188232421875 4.0
v 15.028976440429688 -17.12646484375 4.0
v 15.028976440429688 -17.12646484375 4.0
v 15.578536987304688 -15.998779296875 4.0
v 15.578536987304688 -15.998779296875 5.5
v 14.024337768554688 -19.188232421875 5.5
v 15.028976440429688 -17.12646484375 4.0
v 15.578536987304688 -15.998779296875 5.5
v 12.436935424804688 -16.01470947265625 4.0
v 12.436935424804688 -16.01470947265625 5.5
v 15.578536987304688 -15.998779296875 5.5
v 15.578536987304688 -15.998779296875 5.5
v 15.578536987304688 -15.998779296875 4.0
v 12.436935424804688 -16.01470947265625 4.0
v 13.996261596679688 -13.71307373046875 4.0
v 13.996261596679688 -13.71307373046875 5.5
v 12.410812377929688 -10.5780029296875 5.5
v 12.410812377929688 -10.5780029296875 5.5
v 12.410812377929688 -10.5780029296875 4.0
v 13.996261596679688 -13.71307373046875 4.0
v 15.551437377929688 -10.5662841796875 4.0
v 15.552413940429688 -10.56439208984375 5.5
v 13.996261596679688 -13.71307373046875 5.5
v 13.996261596679688 -13.71307373046875 5.5
v 13.996261596679688 -13.71307373046875 4.0
v 15.551437377929688 -10.5662841796875 4.0
v 15.552413940429688 -10.56439208984375 5.5
v 15.551437377929688 -10.5662841796875 4.0
v 15.174728393554688 -10.5660400390625 4.0
v 15.174728393554688 -10.5660400390625 4.0
v 12.410812377929688 -10.5780029296875 4.0
v 12.410812377929688 -10.5780029296875 5.5
v 15.552413940429688 -10.56439208984375 5.5
v 15.174728393554688 -10.5660400390625 4.0
v 12.410812377929688 -10.5780029296875 5.5
v 13.972091674804688 -8.27960205078125 4.0
v 13.972091674804688 -8.27960205078125 5.5
v 12.391036987304688 -5.14007568359375 5.5
v 12.391036987304688 -5.14007568359375 5.5
v 12.391036987304688 -5.14007568359375 4.0
v 13.972091674804688 -8.27960205078125 4.0
v 15.532638549804688 -5.13153076171875 4.0
v 15.532638549804688 -5.13153076171875 5.5
v 13.972091674804688 -8.27960205078125 5.5
v 13.972091674804688 -8.27960205078125 5.5
v 13.972091674804688 -8.27960205078125 4.0
v 15.532638549804688 -5.13153076171875 4.0
v 12.385177612304688 0.29962158203125 5.5
v 12.385177612304688 0.29962158203125 4.0
v 13.599288940429688 -2.1275634765625 4.0
v 13.599288940429688 -2.1275634765625 4.0
v 13.956954956054688 -2.842529296875 4.0
v 13.956954956054688 -2.842529296875 5.5
v 12.385177612304688 0.29962158203125 5.5
v 13.599288940429688 -2.1275634765625 4.0
v 13.956954956054688 -2.842529296875 5.5
v 13.956954956054688 -2.842529296875 5.5
v 13.956954956054688 -2.842529296875 4.0
v 14.388839721679688 -1.9791259765625 4.0
v 14.388839721679688 -1.9791259765625 4.0
v 15.526779174804688 0.29595947265625 4.0
v 15.526779174804688 0.29595947265625 5.5
v 13.956954956054688 -2.842529296875 5.5
v 14.388839721679688 -1.9791259765625 4.0
v 15.526779174804688 0.29595947265625 5.5
v 12.385177612304688 0.29962158203125 4.0
v 12.385177612304688 0.29962158203125 5.5
v 15.526779174804688 0.29595947265625 5.5
v 15.526779174804688 0.29595947265625 5.5
v 15.526779174804688 0.29595947265625 4.0
v 12.385177612304688 0.29962158203125 4.0
v 12.423019409179688 5.76434326171875 5.5
v 12.423019409179688 5.76434326171875 4.0
v 12.542404174804688 5.51849365234375 4.0
v 12.542404174804688 5.51849365234375 4.0
v 13.962326049804688 2.59173583984375 4.0
v 13.962326049804688 2.59173583984375 5.5
v 12.423019409179688 5.76434326171875 5.5
v 12.542404174804688 5.51849365234375 4.0
v 13.962326049804688 2.59173583984375 5.5
v 15.564132690429688 5.70404052734375 4.0
v 15.564132690429688 5.70404052734375 5.5
v 13.962326049804688 2.59173583984375 5.5
v 13.962326049804688 2.59173583984375 5.5
v 13.962326049804688 2.59173583984375 4.0
v 15.564132690429688 5.70404052734375 4.0
v 15.564132690429688 5.70404052734375 5.5
v 15.564132690429688 5.70404052734375 4.0
v 13.458908081054688 5.74444580078125 4.0
v 13.458908081054688 5.74444580078125 4.0
v 12.423019409179688 5.76434326171875 4.0
v 12.423019409179688 5.76434326171875 5.5
v 15.564132690429688 5.70404052734375 5.5
v 13.458908081054688 5.74444580078125 4.0
v 12.423019409179688 5.76434326171875 5.5
v 12.044601440429688 10.69091796875 5.5
v 12.056076049804688 10.69427490234375 4.0
v 12.091964721679688 10.6273193359375 4.0
v 13.996261596679688 8.07763671875 4.0
v 14.034591674804688 8.02630615234375 4.0
v 14.034591674804688 8.02630615234375 5.5
v 13.799240112304688 8.34130859375 4.0
v 13.996261596679688 8.07763671875 4.0
v 14.034591674804688 8.02630615234375 5.5
v 13.600997924804688 8.60675048828125 4.0
v 13.799240112304688 8.34130859375 4.0
v 14.034591674804688 8.02630615234375 5.5
v 13.402999877929688 8.87188720703125 4.0
v 13.600997924804688 8.60675048828125 4.0
v 14.034591674804688 8.02630615234375 5.5
v 13.207687377929688 9.13360595703125 4.0
v 13.402999877929688 8.87188720703125 4.0
v 14.034591674804688 8.02630615234375 5.5
v 13.017990112304688 9.387451171875 4.0
v 13.207687377929688 9.13360595703125 4.0
v 14.034591674804688 8.02630615234375 5.5
v 12.837570190429688 9.629150390625 4.0
v 13.017990112304688 9.387451171875 4.0
v 14.034591674804688 8.02630615234375 5.5
v 12.669113159179688 9.85479736328125 4.0
v 12.837570190429688 9.629150390625 4.0
v 14.034591674804688 8.02630615234375 5.5
v 12.515304565429688 10.06072998046875 4.0
v 12.669113159179688 9.85479736328125 4.0
v 14.034591674804688 8.02630615234375 5.5
v 12.378585815429688 10.24371337890625 4.0
v 12.515304565429688 10.06072998046875 4.0
v 14.034591674804688 8.02630615234375 5.5
v 12.260910034179688 10.401123046875 4.0
v 12.378585815429688 10.24371337890625 4.0
v 14.034591674804688 8.02630615234375 5.5
v 12.164718627929688 10.52996826171875 4.0
v 12.260910034179688 10.401123046875 4.0
v 14.034591674804688 8.02630615234375 5.5
v 12.091964721679688 10.6273193359375 4.0
v 12.164718627929688 10.52996826171875 4.0
v 14.034591674804688 8.02630615234375 5.5
v 12.044601440429688 10.69091796875 5.5
v 12.091964721679688 10.6273193359375 4.0
v 14.034591674804688 8.02630615234375 5.5
v 14.034591674804688 8.02630615234375 5.5
v 14.034591674804688 8.02630615234375 4.0
v 14.047042846679688 8.069091796875 4.0
v 14.034591674804688 8.02630615234375 5.5
v 14.047042846679688 8.069091796875 4.0
v 14.107589721679688 8.27642822265625 4.0
v 14.034591674804688 8.02630615234375 5.5
v 14.107589721679688 8.27642822265625 4.0
v 14.163009643554688 8.4664306640625 4.0
v 14.034591674804688 8.02630615234375 5.5
v 14.163009643554688 8.4664306640625 4.0
v 14.213546752929688 8.63983154296875 4.0
v 14.034591674804688 8.02630615234375 5.5
v 14.213546752929688 8.63983154296875 4.0
v 14.259445190429688 8.79693603515625 4.0
v 14.034591674804688 8.02630615234375 5.5
v 14.259445190429688 8.79693603515625 4.0
v 14.300460815429688 8.93756103515625 4.0
v 14.034591674804688 8.02630615234375 5.5
v 14.300460815429688 8.93756103515625 4.0
v 14.336837768554688 9.06182861328125 4.0
v 14.034591674804688 8.02630615234375 5.5
v 14.336837768554688 9.06182861328125 4.0
v 14.368331909179688 9.17022705078125 4.0
v 14.034591674804688 8.02630615234375 5.5
v 14.368331909179688 9.17022705078125 4.0
v 14.395675659179688 9.26336669921875 4.0
v 14.034591674804688 8.02630615234375 5.5
v 14.395675659179688 9.26336669921875 4.0
v 14.418380737304688 9.341796875 4.0
v 14.034591674804688 8.02630615234375 5.5
v 14.418380737304688 9.341796875 4.0
v 14.437423706054688 9.40631103515625 4.0
v 14.034591674804688 8.02630615234375 5.5
v 14.437423706054688 9.40631103515625 4.0
v 14.452072143554688 9.4571533203125 4.0
v 14.034591674804688 8.02630615234375 5.5
v 14.452072143554688 9.4571533203125 4.0
v 14.467697143554688 9.51007080078125 4.0
v 14.467697143554688 9.51007080078125 4.0
v 15.064865112304688 11.55596923828125 4.0
v 15.064865112304688 11.55596923828125 5.5
v 14.034591674804688 8.02630615234375 5.5
v 14.467697143554688 9.51007080078125 4.0
v 15.064865112304688 11.55596923828125 5.5
v 12.056076049804688 10.69427490234375 4.0
v 12.044601440429688 10.69091796875 5.5
v 15.064865112304688 11.55596923828125 5.5
v 15.064865112304688 11.55596923828125 5.5
v 15.064865112304688 11.55596923828125 4.0
v 12.056076049804688 10.69427490234375 4.0
v 12.706710815429688 13.2490234375 4.0
v 12.706710815429688 13.2490234375 5.5
v 9.739669799804688 14.65997314453125 5.5
v 9.739669799804688 14.65997314453125 5.5
v 9.739669799804688 14.65997314453125 4.0
v 12.706710815429688 13.2490234375 4.0
v 11.961105346679688 16.88134765625 4.0
v 11.961105346679688 16.88134765625 5.5
v 12.706710815429688 13.2490234375 5.5
v 12.706710815429688 13.2490234375 5.5
v 12.706710815429688 13.2490234375 4.0
v 11.961105346679688 16.88134765625 4.0
v 9.071945190429688 17.21282958984375 4.0
v 9.071945190429688 17.21282958984375 5.5
v 5.721602916717529 17.1370849609375 5.5
v 5.721602916717529 17.1370849609375 5.5
v 5.721602916717529 17.1370849609375 4.0
v 9.071945190429688 17.21282958984375 4.0
v 6.812179088592529 20.08343505859375 4.0
v 6.812179088592529 20.08343505859375 5.5
v 9.071945190429688 17.21282958984375 5.5
v 9.071945190429688 17.21282958984375 5.5
v 9.071945190429688 17.21282958984375 4.0
v 6.812179088592529 20.08343505859375 4.0
v 0.8341519236564636 18.248291015625 5.5
v 0.8341519236564636 18.248291015625 4.0
v 0.9313198924064636 18.2791748046875 4.0
v 1.4310758113861084 18.43798828125 4.0
v 4.073165416717529 19.27789306640625 4.0
v 4.073165416717529 19.27789306640625 5.5
v 1.2931363582611084 18.3941650390625 4.0
v 1.4310758113861084 18.43798828125 4.0
v 4.073165416717529 19.27789306640625 5.5
v 1.1273648738861084 18.34149169921875 4.0
v 1.2931363582611084 18.3941650390625 4.0
v 4.073165416717529 19.27789306640625 5.5
v 0.9313198924064636 18.2791748046875 4.0
v 1.1273648738861084 18.34149169921875 4.0
v 4.073165416717529 19.27789306640625 5.5
v 0.8341519236564636 18.248291015625 5.5
v 0.9313198924064636 18.2791748046875 4.0
v 4.073165416717529 19.27789306640625 5.5
v 1.1268765926361084 21.37628173828125 4.0
v 1.1268765926361084 21.37628173828125 5.5
v 4.073165416717529 19.27789306640625 5.5
v 4.073165416717529 19.27789306640625 5.5
v 4.073165416717529 19.27789306640625 4.0
v 1.1268765926361084 21.37628173828125 4.0
v -4.131180286407471 17.9964599609375 5.5
v -4.131180286407471 17.9964599609375 4.0
v -3.6839144229888916 18.29620361328125 4.0
v -1.5091097354888916 19.75390625 4.0
v -1.3098909854888916 19.8873291015625 4.0
v -1.3098909854888916 19.8873291015625 5.5
v -1.8760530948638916 19.50787353515625 4.0
v -1.5091097354888916 19.75390625 4.0
v -1.3098909854888916 19.8873291015625 5.5
v -2.2779085636138916 19.23858642578125 4.0
v -1.8760530948638916 19.50787353515625 4.0
v -1.3098909854888916 19.8873291015625 5.5
v -2.7141878604888916 18.9461669921875 4.0
v -2.2779085636138916 19.23858642578125 4.0
v -1.3098909854888916 19.8873291015625 5.5
v -3.1839144229888916 18.63134765625 4.0
v -2.7141878604888916 18.9461669921875 4.0
v -1.3098909854888916 19.8873291015625 5.5
v -3.6839144229888916 18.29620361328125 4.0
v -3.1839144229888916 18.63134765625 4.0
v -1.3098909854888916 19.8873291015625 5.5
v -4.131180286407471 17.9964599609375 5.5
v -3.6839144229888916 18.29620361328125 4.0
v -1.3098909854888916 19.8873291015625 5.5
v -1.3098909854888916 19.8873291015625 5.5
v -1.3098909854888916 19.8873291015625 4.0
v -1.5635530948638916 19.97589111328125 4.0
v -1.3098909854888916 19.8873291015625 5.5
v -1.5635530948638916 19.97589111328125 4.0
v -1.9634554386138916 20.115478515625 4.0
v -1.3098909854888916 19.8873291015625 5.5
v -1.9634554386138916 20.115478515625 4.0
v -2.3230745792388916 20.2410888671875 4.0
v -1.3098909854888916 19.8873291015625 5.5
v -2.3230745792388916 20.2410888671875 4.0
v -2.6446077823638916 20.3533935546875 4.0
v -1.3098909854888916 19.8873291015625 5.5
v -2.6446077823638916 20.3533935546875 4.0
v -2.9307405948638916 20.45330810546875 4.0
v -1.3098909854888916 19.8873291015625 5.5
v -2.9307405948638916 20.45330810546875 4.0
v -3.1839144229888916 20.5416259765625 4.0
v -1.3098909854888916 19.8873291015625 5.5
v -3.1839144229888916 20.5416259765625 4.0
v -3.4060823917388916 20.6192626953125 4.0
v -1.3098909854888916 19.8873291015625 5.5
v -3.4060823917388916 20.6192626953125 4.0
v -3.5996859073638916 20.68682861328125 4.0
v -1.3098909854888916 19.8873291015625 5.5
v -3.5996859073638916 20.68682861328125 4.0
v -3.7681429386138916 20.74566650390625 4.0
v -1.3098909854888916 19.8873291015625 5.5
v -3.7681429386138916 20.74566650390625 4.0
v -3.9165804386138916 20.7974853515625 4.0
v -1.3098909854888916 19.8873291015625 5.5
v -3.9165804386138916 20.7974853515625 4.0
v -4.047684192657471 20.84326171875 4.0
v -1.3098909854888916 19.8873291015625 5.5
v -4.047684192657471 20.84326171875 4.0
v -4.163406848907471 20.88372802734375 4.0
v -1.3098909854888916 19.8873291015625 5.5
v -4.163406848907471 20.88372802734375 4.0
v -4.265457630157471 20.9193115234375 4.0
v -1.3098909854888916 19.8873291015625 5.5
v -4.265457630157471 20.9193115234375 4.0
v -4.355301380157471 20.95062255859375 4.0
v -1.3098909854888916 19.8873291015625 5.5
v -4.355301380157471 20.95062255859375 4.0
v -4.433670520782471 20.97796630859375 4.0
v -1.3098909854888916 19.8873291015625 5.5
v -4.433670520782471 20.97796630859375 4.0
v -4.502274036407471 21.001953125 4.0
v -1.3098909854888916 19.8873291015625 5.5
v -4.502274036407471 21.001953125 4.0
v -4.563065052032471 21.023193359375 4.0
v -1.3098909854888916 19.8873291015625 5.5
v -4.563065052032471 21.023193359375 4.0
v -4.617020130157471 21.0419921875 4.0
v -1.3098909854888916 19.8873291015625 5.5
v -4.617020130157471 21.0419921875 4.0
v -4.664627552032471 21.05865478515625 4.0
v -4.664627552032471 21.05865478515625 4.0
v -4.728104114532471 21.08087158203125 4.0
v -4.728104114532471 21.08087158203125 5.5
v -1.3098909854888916 19.8873291015625 5.5
v -4.664627552032471 21.05865478515625 4.0
v -4.728104114532471 21.08087158203125 5.5
v -4.728104114532471 21.08087158203125 5.5
v -4.728104114532471 21.08087158203125 4.0
v -4.712479114532471 21.00042724609375 4.0
v -4.155838489532471 18.1236572265625 4.0
v -4.131180286407471 17.9964599609375 4.0
v -4.131180286407471 17.9964599609375 5.5
v -4.291336536407471 18.82366943359375 4.0
v -4.155838489532471 18.1236572265625 4.0
v -4.131180286407471 17.9964599609375 5.5
v -4.387772083282471 19.32269287109375 4.0
v -4.291336536407471 18.82366943359375 4.0
v -4.131180286407471 17.9964599609375 5.5
v -4.460281848907471 19.69744873046875 4.0
v -4.387772083282471 19.32269287109375 4.0
v -4.131180286407471 17.9964599609375 5.5
v -4.516678333282471 19.98785400390625 4.0
v -4.460281848907471 19.69744873046875 4.0
v -4.131180286407471 17.9964599609375 5.5
v -4.561111927032471 20.2177734375 4.0
v -4.516678333282471 19.98785400390625 4.0
v -4.131180286407471 17.9964599609375 5.5
v -4.597000598907471 20.40264892578125 4.0
v -4.561111927032471 20.2177734375 4.0
v -4.131180286407471 17.9964599609375 5.5
v -4.626053333282471 20.55303955078125 4.0
v -4.597000598907471 20.40264892578125 4.0
v -4.131180286407471 17.9964599609375 5.5
v -4.649734973907471 20.67620849609375 4.0
v -4.626053333282471 20.55303955078125 4.0
v -4.131180286407471 17.9964599609375 5.5
v -4.669510364532471 20.77838134765625 4.0
v -4.649734973907471 20.67620849609375 4.0
v -4.131180286407471 17.9964599609375 5.5
v -4.686356067657471 20.86456298828125 4.0
v -4.669510364532471 20.77838134765625 4.0
v -4.131180286407471 17.9964599609375 5.5
v -4.700516223907471 20.9378662109375 4.0
v -4.686356067657471 20.86456298828125 4.0
v -4.131180286407471 17.9964599609375 5.5
v -4.712479114532471 21.00042724609375 4.0
v -4.700516223907471 20.9378662109375 4.0
v -4.131180286407471 17.9964599609375 5.5
v -4.728104114532471 21.08087158203125 5.5
v -4.712479114532471 21.00042724609375 4.0
v -4.131180286407471 17.9964599609375 5.5
v -6.654617786407471 18.98614501953125 4.0
v -6.654617786407471 18.98614501953125 5.5
v -9.013992309570312 16.46990966796875 5.5
v -9.013992309570312 16.46990966796875 5.5
v -9.013992309570312 16.46990966796875 4.0
v -6.654617786407471 18.98614501953125 4.0
v -10.205154418945312 19.376953125 4.0
v -10.205154418945312 19.376953125 5.5
v -6.654617786407471 18.98614501953125 5.5
v -6.654617786407471 18.98614501953125 5.5
v -6.654617786407471 18.98614501953125 4.0
v -10.205154418945312 19.376953125 4.0
v -11.712234497070312 17.007568359375 4.0
v -11.712234497070312 17.007568359375 5.5
v -13.896560668945312 14.26141357421875 5.5
v -13.896560668945312 14.26141357421875 5.5
v -13.896560668945312 14.26141357421875 4.0
v -11.712234497070312 17.007568359375 4.0
v -15.226882934570312 17.10748291015625 4.0
v -15.226882934570312 17.10748291015625 5.5
v -11.712234497070312 17.007568359375 5.5
v -11.712234497070312 17.007568359375 5.5
v -11.712234497070312 17.007568359375 4.0
v -15.226882934570312 17.10748291015625 4.0
v 6.304366588592529 -18.9058837890625 5.5
v 7.872237682342529 -15.65081787109375 5.5
v 4.516280651092529 -16.32269287109375 5.5
v 1.0314176082611084 -21.5316162109375 5.5
v 3.4557340145111084 -18.81231689453125 5.5
v 0.09928867220878601 -18.53143310546875 5.5
v -4.975174427032471 -22.14910888671875 5.5
v -1.6697542667388916 -20.53485107421875 5.5
v -4.631912708282471 -19.0262451171875 5.5
v -10.730789184570312 -20.13775634765625 5.5
v -7.046219348907471 -20.12274169921875 5.5
v -9.048904418945312 -17.48419189453125 5.5
v -14.989578247070312 -15.66912841796875 5.5
v -11.697586059570312 -17.40576171875 5.5
v -12.221267700195312 -14.183837890625 5.5
v -16.260086059570312 -9.5423583984375 5.5
v -14.436111450195312 -12.793701171875 5.5
v -13.130203247070312 -9.8143310546875 5.5
v -13.868240356445312 -3.7236328125 5.5
v -14.210525512695312 -7.44329833984375 5.5
v -11.453933715820312 -5.73388671875 5.5
v -8.902420043945312 -0.20281982421875 5.5
v -10.993728637695312 -3.16351318359375 5.5
v -7.605789661407471 -3.06439208984375 5.5
v -3.4136507511138916 1.57171630859375 5.5
v -6.122147083282471 -0.789794921875 5.5
v -2.7722933292388916 -1.5037841796875 5.5
v 2.2203824520111084 2.25213623046875 5.5
v -0.8316195607185364 0.412353515625 5.5
v 2.3749234676361084 -0.8857421875 5.5
v 7.746505260467529 2.3165283203125 5.5
v 4.590255260467529 0.75018310546875 5.5
v 7.716964244842529 -0.82501220703125 5.5
v 7.872237682342529 -15.65081787109375 4.0
v 7.872237682342529 -15.65081787109375 5.5
v 6.304366588592529 -18.9058837890625 5.5
v 6.304366588592529 -18.9058837890625 5.5
v 6.304366588592529 -18.9058837890625 4.0
v 7.872237682342529 -15.65081787109375 4.0
v 7.872237682342529 -15.65081787109375 5.5
v 7.872237682342529 -15.65081787109375 4.0
v 6.048995494842529 -16.01580810546875 4.0
v 4.762130260467529 -16.2734375 4.0
v 4.516280651092529 -16.32269287109375 4.0
v 4.516280651092529 -16.32269287109375 5.5
v 5.227462291717529 -16.1802978515625 4.0
v 4.762130260467529 -16.2734375 4.0
v 4.516280651092529 -16.32269287109375 5.5
v 5.657393932342529 -16.09423828125 4.0
v 5.227462291717529 -16.1802978515625 4.0
v 4.516280651092529 -16.32269287109375 5.5
v 6.048995494842529 -16.01580810546875 4.0
v 5.657393932342529 -16.09423828125 4.0
v 4.516280651092529 -16.32269287109375 5.5
v 7.872237682342529 -15.65081787109375 5.5
v 6.048995494842529 -16.01580810546875 4.0
v 4.516280651092529 -16.32269287109375 5.5
v 1.0314176082611084 -21.5316162109375 5.5
v 1.0314176082611084 -21.5316162109375 4.0
v 3.1923062801361084 -19.10784912109375 4.0
v 1.0314176082611084 -21.5316162109375 5.5
v 3.1923062801361084 -19.10784912109375 4.0
v 3.2628629207611084 -19.02862548828125 4.0
v 1.0314176082611084 -21.5316162109375 5.5
v 3.2628629207611084 -19.02862548828125 4.0
v 3.3649137020111084 -18.91436767578125 4.0
v 3.3649137020111084 -18.91436767578125 4.0
v 3.4557340145111084 -18.81231689453125 4.0
v 3.4557340145111084 -18.81231689453125 5.5
v 1.0314176082611084 -21.5316162109375 5.5
v 3.3649137020111084 -18.91436767578125 4.0
v 3.4557340145111084 -18.81231689453125 5.5
v 3.4557340145111084 -18.81231689453125 5.5
v 3.4557340145111084 -18.81231689453125 4.0
v 3.1693570613861084 -18.78839111328125 4.0
v 2.4987027645111084 -18.73223876953125 4.0
v 0.09928867220878601 -18.53143310546875 4.0
v 0.09928867220878601 -18.53143310546875 5.5
v 2.7967984676361084 -18.7572021484375 4.0
v 2.4987027645111084 -18.73223876953125 4.0
v 0.09928867220878601 -18.53143310546875 5.5
v 3.1693570613861084 -18.78839111328125 4.0
v 2.7967984676361084 -18.7572021484375 4.0
v 0.09928867220878601 -18.53143310546875 5.5
v 3.4557340145111084 -18.81231689453125 5.5
v 3.1693570613861084 -18.78839111328125 4.0
v 0.09928867220878601 -18.53143310546875 5.5
v 1.0314176082611084 -21.5316162109375 4.0
v 1.0314176082611084 -21.5316162109375 5.5
v 0.09928867220878601 -18.53143310546875 5.5
v 0.09928867220878601 -18.53143310546875 5.5
v 0.09928867220878601 -18.53143310546875 4.0
v 1.0314176082611084 -21.5316162109375 4.0
v -1.6697542667388916 -20.53485107421875 4.0
v -1.6697542667388916 -20.53485107421875 5.5
v -4.975174427032471 -22.14910888671875 5.5
v -4.975174427032471 -22.14910888671875 5.5
v -4.975174427032471 -22.14910888671875 4.0
v -1.6697542667388916 -20.53485107421875 4.0
v -4.631912708282471 -19.0262451171875 4.0
v -4.631912708282471 -19.0262451171875 5.5
v -1.6697542667388916 -20.53485107421875 5.5
v -1.6697542667388916 -20.53485107421875 5.5
v -1.6697542667388916 -20.53485107421875 4.0
v -4.631912708282471 -19.0262451171875 4.0
v -7.046219348907471 -20.12274169921875 4.0
v -7.046219348907471 -20.12274169921875 5.5
v -10.730789184570312 -20.13775634765625 5.5
v -10.730789184570312 -20.13775634765625 5.5
v -10.730789184570312 -20.13775634765625 4.0
v -7.046219348907471 -20.12274169921875 4.0
v -9.048904418945312 -17.48419189453125 4.0
v -9.048904418945312 -17.48419189453125 5.5
v -7.046219348907471 -20.12274169921875 5.5
v -7.046219348907471 -20.12274169921875 5.5
v -7.046219348907471 -20.12274169921875 4.0
v -9.048904418945312 -17.48419189453125 4.0
v -11.697586059570312 -17.40576171875 4.0
v -11.697586059570312 -17.40576171875 5.5
v -14.989578247070312 -15.66912841796875 5.5
v -14.989578247070312 -15.66912841796875 5.5
v -14.989578247070312 -15.66912841796875 4.0
v -11.697586059570312 -17.40576171875 4.0
v -12.221267700195312 -14.183837890625 4.0
v -12.221267700195312 -14.183837890625 5.5
v -11.697586059570312 -17.40576171875 5.5
v -11.697586059570312 -17.40576171875 5.5
v -11.697586059570312 -17.40576171875 4.0
v -12.221267700195312 -14.183837890625 4.0
v -16.260086059570312 -9.5423583984375 5.5
v -16.260086059570312 -9.5423583984375 4.0
v -15.523025512695312 -10.85650634765625 4.0
v -16.260086059570312 -9.5423583984375 5.5
v -15.523025512695312 -10.85650634765625 4.0
v -15.496658325195312 -10.9033203125 4.0
v -16.260086059570312 -9.5423583984375 5.5
v -15.496658325195312 -10.9033203125 4.0
v -15.464675903320312 -10.96044921875 4.0
v -16.260086059570312 -9.5423583984375 5.5
v -15.464675903320312 -10.96044921875 4.0
v -15.435867309570312 -11.0115966796875 4.0
v -16.260086059570312 -9.5423583984375 5.5
v -15.435867309570312 -11.0115966796875 4.0
v -15.401443481445312 -11.0732421875 4.0
v -16.260086059570312 -9.5423583984375 5.5
v -15.401443481445312 -11.0732421875 4.0
v -15.360916137695312 -11.1453857421875 4.0
v -16.260086059570312 -9.5423583984375 5.5
v -15.360916137695312 -11.1453857421875 4.0
v -15.314285278320312 -11.22833251953125 4.0
v -16.260086059570312 -9.5423583984375 5.5
v -15.314285278320312 -11.22833251953125 4.0
v -15.261550903320312 -11.3226318359375 4.0
v -16.260086059570312 -9.5423583984375 5.5
v -15.261550903320312 -11.3226318359375 4.0
v -15.201980590820312 -11.4287109375 4.0
v -16.260086059570312 -9.5423583984375 5.5
v -15.201980590820312 -11.4287109375 4.0
v -15.135574340820312 -11.546875 4.0
v -16.260086059570312 -9.5423583984375 5.5
v -15.135574340820312 -11.546875 4.0
v -15.062332153320312 -11.677490234375 4.0
v -16.260086059570312 -9.5423583984375 5.5
v -15.062332153320312 -11.677490234375 4.0
v -14.981521606445312 -11.82159423828125 4.0
v -16.260086059570312 -9.5423583984375 5.5
v -14.981521606445312 -11.82159423828125 4.0
v -14.836990356445312 -12.07904052734375 4.0
v -16.260086059570312 -9.5423583984375 5.5
v -14.836990356445312 -12.07904052734375 4.0
v -14.689529418945312 -12.3419189453125 4.0
v -16.260086059570312 -9.5423583984375 5.5
v -14.689529418945312 -12.3419189453125 4.0
v -14.543045043945312 -12.603271484375 4.0
v -14.543045043945312 -12.603271484375 4.0
v -14.436111450195312 -12.793701171875 4.0
v -14.436111450195312 -12.793701171875 5.5
v -16.260086059570312 -9.5423583984375 5.5
v -14.543045043945312 -12.603271484375 4.0
v -14.436111450195312 -12.793701171875 5.5
v -14.436111450195312 -12.793701171875 5.5
v -14.436111450195312 -12.793701171875 4.0
v -14.345291137695312 -12.58648681640625 4.0
v -13.173904418945312 -9.91375732421875 4.0
v -13.130203247070312 -9.8143310546875 4.0
v -13.130203247070312 -9.8143310546875 5.5
v -13.256912231445312 -10.10284423828125 4.0
v -13.173904418945312 -9.91375732421875 4.0
v -13.130203247070312 -9.8143310546875 5.5
v -13.347244262695312 -10.30902099609375 4.0
v -13.256912231445312 -10.10284423828125 4.0
v -13.130203247070312 -9.8143310546875 5.5
v -13.443923950195312 -10.5299072265625 4.0
v -13.347244262695312 -10.30902099609375 4.0
v -13.130203247070312 -9.8143310546875 5.5
v -13.545974731445312 -10.7628173828125 4.0
v -13.443923950195312 -10.5299072265625 4.0
v -13.130203247070312 -9.8143310546875 5.5
v -13.652175903320312 -11.0047607421875 4.0
v -13.545974731445312 -10.7628173828125 4.0
v -13.130203247070312 -9.8143310546875 5.5
v -13.760818481445312 -11.2528076171875 4.0
v -13.652175903320312 -11.0047607421875 4.0
v -13.130203247070312 -9.8143310546875 5.5
v -13.871658325195312 -11.505615234375 4.0
v -13.760818481445312 -11.2528076171875 4.0
v -13.130203247070312 -9.8143310546875 5.5
v -14.048904418945312 -11.91009521484375 4.0
v -13.871658325195312 -11.505615234375 4.0
v -13.130203247070312 -9.8143310546875 5.5
v -14.207107543945312 -12.2708740234375 4.0
v -14.048904418945312 -11.91009521484375 4.0
v -13.130203247070312 -9.8143310546875 5.5
v -14.345291137695312 -12.58648681640625 4.0
v -14.207107543945312 -12.2708740234375 4.0
v -13.130203247070312 -9.8143310546875 5.5
v -14.436111450195312 -12.793701171875 5.5
v -14.345291137695312 -12.58648681640625 4.0
v -13.130203247070312 -9.8143310546875 5.5
v -13.130203247070312 -9.8143310546875 5.5
v -13.130203247070312 -9.8143310546875 4.0
v -13.214920043945312 -9.80694580078125 4.0
v -13.723220825195312 -9.76275634765625 4.0
v -16.260086059570312 -9.5423583984375 4.0
v -16.260086059570312 -9.5423583984375 5.5
v -13.678298950195312 -9.76666259765625 4.0
v -13.723220825195312 -9.76275634765625 4.0
v -16.260086059570312 -9.5423583984375 5.5
v -13.608963012695312 -9.772705078125 4.0
v -13.678298950195312 -9.76666259765625 4.0
v -16.260086059570312 -9.5423583984375 5.5
v -13.511550903320312 -9.78118896484375 4.0
v -13.608963012695312 -9.772705078125 4.0
v -16.260086059570312 -9.5423583984375 5.5
v -13.381912231445312 -9.79241943359375 4.0
v -13.511550903320312 -9.78118896484375 4.0
v -16.260086059570312 -9.5423583984375 5.5
v -13.214920043945312 -9.80694580078125 4.0
v -13.381912231445312 -9.79241943359375 4.0
v -16.260086059570312 -9.5423583984375 5.5
v -13.130203247070312 -9.8143310546875 5.5
v -13.214920043945312 -9.80694580078125 4.0
v -16.260086059570312 -9.5423583984375 5.5
v -14.210525512695312 -7.44329833984375 4.0
v -14.210525512695312 -7.44329833984375 5.5
v -13.868240356445312 -3.7236328125 5.5
v -13.868240356445312 -3.7236328125 5.5
v -13.868240356445312 -3.7236328125 4.0
v -14.210525512695312 -7.44329833984375 4.0
v -11.453933715820312 -5.73388671875 4.0
v -11.453933715820312 -5.73388671875 5.5
v -14.210525512695312 -7.44329833984375 5.5
v -14.210525512695312 -7.44329833984375 5.5
v -14.210525512695312 -7.44329833984375 4.0
v -11.453933715820312 -5.73388671875 4.0
v -10.993728637695312 -3.16351318359375 4.0
v -10.993728637695312 -3.16351318359375 5.5
v -8.902420043945312 -0.20281982421875 5.5
v -8.902420043945312 -0.20281982421875 5.5
v -8.902420043945312 -0.20281982421875 4.0
v -10.993728637695312 -3.16351318359375 4.0
v -7.605789661407471 -3.06439208984375 4.0
v -7.605789661407471 -3.06439208984375 5.5
v -10.993728637695312 -3.16351318359375 5.5
v -10.993728637695312 -3.16351318359375 5.5
v -10.993728637695312 -3.16351318359375 4.0
v -7.605789661407471 -3.06439208984375 4.0
v -6.122147083282471 -0.789794921875 4.0
v -6.122147083282471 -0.789794921875 5.5
v -3.4136507511138916 1.57171630859375 5.5
v -3.4136507511138916 1.57171630859375 5.5
v -3.4136507511138916 1.57171630859375 4.0
v -6.122147083282471 -0.789794921875 4.0
v -6.122147083282471 -0.789794921875 5.5
v -6.122147083282471 -0.789794921875 4.0
v -3.2232210636138916 -1.40765380859375 4.0
v -3.2232210636138916 -1.40765380859375 4.0
v -2.7722933292388916 -1.5037841796875 4.0
v -2.7722933292388916 -1.5037841796875 5.5
v -6.122147083282471 -0.789794921875 5.5
v -3.2232210636138916 -1.40765380859375 4.0
v -2.7722933292388916 -1.5037841796875 5.5
v -0.8316195607185364 0.412353515625 4.0
v -0.8316195607185364 0.412353515625 5.5
v 2.2203824520111084 2.25213623046875 5.5
v 2.2203824520111084 2.25213623046875 5.5
v 2.2203824520111084 2.25213623046875 4.0
v -0.8316195607185364 0.412353515625 4.0
v -0.8316195607185364 0.412353515625 5.5
v -0.8316195607185364 0.412353515625 4.0
v 1.1107633113861084 -0.37396240234375 4.0
v 2.3099820613861084 0.4334716796875 4.0
v 2.2203824520111084 2.25213623046875 4.0
v 2.2203824520111084 2.25213623046875 5.5
v 2.3099820613861084 0.4334716796875 4.0
v 2.2203824520111084 2.25213623046875 5.5
v 2.3749234676361084 -0.8857421875 5.5
v 2.3129117488861084 0.37188720703125 4.0
v 2.3099820613861084 0.4334716796875 4.0
v 2.3749234676361084 -0.8857421875 5.5
v 2.3163297176361084 0.3038330078125 4.0
v 2.3129117488861084 0.37188720703125 4.0
v 2.3749234676361084 -0.8857421875 5.5
v 2.3209683895111084 0.21026611328125 4.0
v 2.3163297176361084 0.3038330078125 4.0
v 2.3749234676361084 -0.8857421875 5.5
v 2.3270719051361084 0.0867919921875 4.0
v 2.3209683895111084 0.21026611328125 4.0
v 2.3749234676361084 -0.8857421875 5.5
v 2.3348844051361084 -0.07281494140625 4.0
v 2.3270719051361084 0.0867919921875 4.0
v 2.3749234676361084 -0.8857421875 5.5
v 2.3448941707611084 -0.277587890625 4.0
v 2.3348844051361084 -0.07281494140625 4.0
v 2.3749234676361084 -0.8857421875 5.5
v 2.3578336238861084 -0.54052734375 4.0
v 2.3448941707611084 -0.277587890625 4.0
v 2.3749234676361084 -0.8857421875 5.5
v 2.3727262020111084 -0.88238525390625 4.0
v 2.3578336238861084 -0.54052734375 4.0
v 2.3749234676361084 -0.8857421875 5.5
v 2.0909879207611084 -0.770751953125 4.0
v 2.3727262020111084 -0.88238525390625 4.0
v 2.3749234676361084 -0.8857421875 5.5
v 1.8549039363861084 -0.6751708984375 4.0
v 2.0909879207611084 -0.770751953125 4.0
v 2.3749234676361084 -0.8857421875 5.5
v 1.6573941707611084 -0.59527587890625 4.0
v 1.8549039363861084 -0.6751708984375 4.0
v 2.3749234676361084 -0.8857421875 5.5
v 1.4947965145111084 -0.52935791015625 4.0
v 1.6573941707611084 -0.59527587890625 4.0
v 2.3749234676361084 -0.8857421875 5.5
v 1.3629605770111084 -0.47601318359375 4.0
v 1.4947965145111084 -0.52935791015625 4.0
v 2.3749234676361084 -0.8857421875 5.5
v 1.2594449520111084 -0.4342041015625 4.0
v 1.3629605770111084 -0.47601318359375 4.0
v 2.3749234676361084 -0.8857421875 5.5
v 1.1822965145111084 -0.40289306640625 4.0
v 1.2594449520111084 -0.4342041015625 4.0
v 2.3749234676361084 -0.8857421875 5.5
v 1.1107633113861084 -0.37396240234375 4.0
v 1.1822965145111084 -0.40289306640625 4.0
v 2.3749234676361084 -0.8857421875 5.5
v -0.8316195607185364 0.412353515625 5.5
v 1.1107633113861084 -0.37396240234375 4.0
v 2.3749234676361084 -0.8857421875 5.5
v 7.746505260467529 2.3165283203125 5.5
v 7.746505260467529 2.3165283203125 4.0
v 7.680831432342529 2.283935546875 4.0
v 4.903731822967529 0.90576171875 4.0
v 4.590255260467529 0.75018310546875 4.0
v 4.590255260467529 0.75018310546875 5.5
v 5.461349010467529 1.1824951171875 4.0
v 4.903731822967529 0.90576171875 4.0
v 4.590255260467529 0.75018310546875 5.5
v 5.957198619842529 1.4285888671875 4.0
v 5.461349010467529 1.1824951171875 4.0
v 4.590255260467529 0.75018310546875 5.5
v 7.680831432342529 2.283935546875 4.0
v 5.957198619842529 1.4285888671875 4.0
v 4.590255260467529 0.75018310546875 5.5
v 7.746505260467529 2.3165283203125 5.5
v 7.680831432342529 2.283935546875 4.0
v 4.590255260467529 0.75018310546875 5.5
v 15.532638549804688 -5.13153076171875 4.0
v 12.391036987304688 -5.14007568359375 4.0
v 12.391036987304688 -5.14007568359375 5.5
v 12.391036987304688 -5.14007568359375 5.5
v 15.532638549804688 -5.13153076171875 5.5
v 15.532638549804688 -5.13153076171875 4.0
v 7.716964244842529 -0.82501220703125 4.0
v 7.746505260467529 2.3165283203125 4.0
v 7.746505260467529 2.3165283203125 5.5
v 7.746505260467529 2.3165283203125 5.5
v 7.716964244842529 -0.82501220703125 5.5
v 7.716964244842529 -0.82501220703125 4.0
v 7.680831432342529 -0.806884765625 4.0
v 7.716964244842529 -0.82501220703125 4.0
v 7.716964244842529 -0.82501220703125 5.5
v 7.680831432342529 -0.806884765625 4.0
v 7.716964244842529 -0.82501220703125 5.5
v 4.590255260467529 0.75018310546875 5.5
v 4.590255260467529 0.75018310546875 5.5
v 4.590255260467529 0.75018310546875 4.0
v 4.712081432342529 0.68878173828125 4.0
v 4.590255260467529 0.75018310546875 5.5
v 4.712081432342529 0.68878173828125 4.0
v 4.976241588592529 0.5556640625 4.0
v 4.590255260467529 0.75018310546875 5.5
v 4.976241588592529 0.5556640625 4.0
v 5.281905651092529 0.401611328125 4.0
v 7.680831432342529 -0.806884765625 4.0
v 4.590255260467529 0.75018310546875 5.5
v 5.281905651092529 0.401611328125 4.0
v 4.516280651092529 -16.32269287109375 5.5
v 4.516280651092529 -16.32269287109375 4.0
v 4.991622447967529 -17.00921630859375 4.0
v 4.516280651092529 -16.32269287109375 5.5
v 4.991622447967529 -17.00921630859375 4.0
v 5.562423229217529 -17.83416748046875 4.0
v 4.516280651092529 -16.32269287109375 5.5
v 5.562423229217529 -17.83416748046875 4.0
v 5.891280651092529 -18.30902099609375 4.0
v 4.516280651092529 -16.32269287109375 5.5
v 5.891280651092529 -18.30902099609375 4.0
v 6.101729869842529 -18.61322021484375 4.0
v 6.101729869842529 -18.61322021484375 4.0
v 6.304366588592529 -18.9058837890625 4.0
v 6.304366588592529 -18.9058837890625 5.5
v 4.516280651092529 -16.32269287109375 5.5
v 6.101729869842529 -18.61322021484375 4.0
v 6.304366588592529 -18.9058837890625 5.5
v -4.631912708282471 -19.0262451171875 4.0
v -4.975174427032471 -22.14910888671875 4.0
v -4.975174427032471 -22.14910888671875 5.5
v -4.975174427032471 -22.14910888671875 5.5
v -4.631912708282471 -19.0262451171875 5.5
v -4.631912708282471 -19.0262451171875 4.0
v -9.048904418945312 -17.48419189453125 4.0
v -10.730789184570312 -20.13775634765625 4.0
v -10.730789184570312 -20.13775634765625 5.5
v -10.730789184570312 -20.13775634765625 5.5
v -9.048904418945312 -17.48419189453125 5.5
v -9.048904418945312 -17.48419189453125 4.0
v -12.221267700195312 -14.183837890625 4.0
v -14.989578247070312 -15.66912841796875 4.0
v -14.989578247070312 -15.66912841796875 5.5
v -14.989578247070312 -15.66912841796875 5.5
v -12.221267700195312 -14.183837890625 5.5
v -12.221267700195312 -14.183837890625 4.0
v -11.453933715820312 -5.73388671875 4.0
v -13.868240356445312 -3.7236328125 4.0
v -13.868240356445312 -3.7236328125 5.5
v -13.868240356445312 -3.7236328125 5.5
v -11.453933715820312 -5.73388671875 5.5
v -11.453933715820312 -5.73388671875 4.0
v -7.605789661407471 -3.06439208984375 4.0
v -8.902420043945312 -0.20281982421875 4.0
v -8.902420043945312 -0.20281982421875 5.5
v -8.902420043945312 -0.20281982421875 5.5
v -7.605789661407471 -3.06439208984375 5.5
v -7.605789661407471 -3.06439208984375 4.0
v -2.7722933292388916 -1.5037841796875 5.5
v -2.7722933292388916 -1.5037841796875 4.0
v -2.8948519229888916 -0.915771484375 4.0
v -2.8948519229888916 -0.915771484375 4.0
v -3.4136507511138916 1.57171630859375 4.0
v -3.4136507511138916 1.57171630859375 5.5
v -2.7722933292388916 -1.5037841796875 5.5
v -2.8948519229888916 -0.915771484375 4.0
v -3.4136507511138916 1.57171630859375 5.5
v -10.205154418945312 19.376953125 4.0
v -9.013992309570312 16.46990966796875 4.0
v -9.013992309570312 16.46990966796875 5.5
v -9.013992309570312 16.46990966796875 5.5
v -10.205154418945312 19.376953125 5.5
v -10.205154418945312 19.376953125 4.0
v -15.226882934570312 17.10748291015625 4.0
v -13.896560668945312 14.26141357421875 4.0
v -13.896560668945312 14.26141357421875 5.5
v -13.896560668945312 14.26141357421875 5.5
v -15.226882934570312 17.10748291015625 5.5
v -15.226882934570312 17.10748291015625 4.0
v 1.1268765926361084 21.37628173828125 5.5
v 1.1268765926361084 21.37628173828125 4.0
v 0.9166714549064636 19.13067626953125 4.0
v 1.1268765926361084 21.37628173828125 5.5
v 0.9166714549064636 19.13067626953125 4.0
v 0.8995816111564636 18.94805908203125 4.0
v 1.1268765926361084 21.37628173828125 5.5
v 0.8995816111564636 18.94805908203125 4.0
v 0.8776089549064636 18.71282958984375 4.0
v 1.1268765926361084 21.37628173828125 5.5
v 0.8776089549064636 18.71282958984375 4.0
v 0.8492886424064636 18.40972900390625 4.0
v 0.8492886424064636 18.40972900390625 4.0
v 0.8341519236564636 18.248291015625 4.0
v 0.8341519236564636 18.248291015625 5.5
v 1.1268765926361084 21.37628173828125 5.5
v 0.8492886424064636 18.40972900390625 4.0
v 0.8341519236564636 18.248291015625 5.5
v 11.961105346679688 16.88134765625 4.0
v 9.739669799804688 14.65997314453125 4.0
v 9.739669799804688 14.65997314453125 5.5
v 9.739669799804688 14.65997314453125 5.5
v 11.961105346679688 16.88134765625 5.5
v 11.961105346679688 16.88134765625 4.0
v 6.812179088592529 20.08343505859375 4.0
v 5.721602916717529 17.1370849609375 4.0
v 5.721602916717529 17.1370849609375 5.5
v 5.721602916717529 17.1370849609375 5.5
v 6.812179088592529 20.08343505859375 5.5
v 6.812179088592529 20.08343505859375 4.0
v 0.09928867220878601 -18.53143310546875 4.0
v 2.4987027645111084 -18.73223876953125 4.0
v -3.0242464542388916 -15.74151611328125 4.0
v -12.423171997070312 -13.6671142578125 0.0
v -12.174392700195312 -13.6671142578125 0.0
v -17.027664184570312 -18.17529296875 0.0
v -12.626785278320312 -13.6671142578125 0.0
v -12.423171997070312 -13.6671142578125 0.0
v -17.027664184570312 -18.17529296875 0.0
v -12.793777465820312 -13.6671142578125 0.0
v -12.626785278320312 -13.6671142578125 0.0
v -17.027664184570312 -18.17529296875 0.0
v -12.929275512695312 -13.6671142578125 0.0
v -12.793777465820312 -13.6671142578125 0.0
v -17.027664184570312 -18.17529296875 0.0
v -13.037185668945312 -13.6671142578125 0.0
v -12.929275512695312 -13.6671142578125 0.0
v -17.027664184570312 -18.17529296875 0.0
v -13.121414184570312 -13.6671142578125 0.0
v -13.037185668945312 -13.6671142578125 0.0
v -17.027664184570312 -18.17529296875 0.0
v -13.184402465820312 -13.6671142578125 0.0
v -13.121414184570312 -13.6671142578125 0.0
v -17.027664184570312 -18.17529296875 0.0
v -13.227615356445312 -13.6671142578125 0.0
v -13.184402465820312 -13.6671142578125 0.0
v -17.027664184570312 -18.17529296875 0.0
v -13.252029418945312 -13.6671142578125 0.0
v -13.227615356445312 -13.6671142578125 0.0
v -17.027664184570312 -18.17529296875 0.0
v -13.259353637695312 -13.6671142578125 0.0
v -13.252029418945312 -13.6671142578125 0.0
v -17.027664184570312 -18.17529296875 0.0
v -11.660232543945312 -13.6671142578125 0.0
v -11.018630981445312 -13.6671142578125 0.0
v -17.027664184570312 -18.17529296875 0.0
v -12.174392700195312 -13.6671142578125 0.0
v -11.660232543945312 -13.6671142578125 0.0
v -17.027664184570312 -18.17529296875 0.0
v -14.252273559570312 -13.6671142578125 0.0
v -17.027664184570312 -18.17529296875 0.0
v -14.560623168945312 -13.6671142578125 0.0
v -10.605056762695312 -11.88690185546875 0.0
v -8.069168090820312 -9.85382080078125 0.0
v -10.605056762695312 -12.209228515625 0.0
v -10.605056762695312 -11.5958251953125 0.0
v -8.056472778320312 -9.3917236328125 0.0
v -10.605056762695312 -11.88690185546875 0.0
v -10.605056762695312 -11.33642578125 0.0
v -8.018386840820312 -8.946044921875 0.0
v -10.605056762695312 -11.5958251953125 0.0
v -10.605056762695312 -11.1104736328125 0.0
v -7.954666614532471 -8.5142822265625 0.0
v -10.605056762695312 -11.33642578125 0.0
v -10.605056762695312 -10.9190673828125 0.0
v -7.865067005157471 -8.0965576171875 0.0
v -10.605056762695312 -11.1104736328125 0.0
v -10.605056762695312 -10.7628173828125 0.0
v -7.749588489532471 -7.69305419921875 0.0
v -10.605056762695312 -10.9190673828125 0.0
v -10.605056762695312 -10.641357421875 0.0
v -7.607986927032471 -7.30401611328125 0.0
v -10.605056762695312 -10.7628173828125 0.0
v -10.605056762695312 -10.55572509765625 0.0
v -7.440262317657471 -6.92919921875 0.0
v -10.605056762695312 -10.641357421875 0.0
v -10.605056762695312 -10.5064697265625 0.0
v -7.244217395782471 -6.568603515625 0.0
v -10.605056762695312 -10.55572509765625 0.0
v -10.605056762695312 -10.49176025390625 0.0
v -7.017654895782471 -6.22320556640625 0.0
v -10.605056762695312 -10.5064697265625 0.0
v -10.605056762695312 -13.6671142578125 0.0
v -17.027664184570312 -18.17529296875 0.0
v -11.018630981445312 -13.6671142578125 0.0
v -10.605056762695312 -12.78076171875 0.0
v -7.924637317657471 -11.34576416015625 0.0
v -10.605056762695312 -13.356689453125 0.0
v -8.033279418945312 -10.62078857421875 0.0
v -10.605056762695312 -12.2642822265625 0.0
v -10.605056762695312 -12.209228515625 0.0
v -10.605056762695312 -8.6170654296875 0.0
v -6.761551380157471 -5.8939208984375 0.0
v -10.605056762695312 -10.49176025390625 0.0
v -17.027664184570312 -18.17529296875 0.0
v -15.654861450195312 -13.6671142578125 0.0
v -14.560623168945312 -13.6671142578125 0.0
v -10.605056762695312 -10.49176025390625 0.0
v -10.605056762695312 -8.6170654296875 2.5999999046325684
v -10.605056762695312 -8.6170654296875 0.0
v -10.605056762695312 -13.6671142578125 2.5999999046325684
v -10.605056762695312 -13.356689453125 0.0
v -10.605056762695312 -13.6671142578125 0.0
v -11.018630981445312 -13.6671142578125 0.0
v -10.605056762695312 -13.6671142578125 2.5999999046325684
v -10.605056762695312 -13.6671142578125 0.0
v -15.654861450195312 -13.6671142578125 2.5999999046325684
v -14.560623168945312 -13.6671142578125 0.0
v -15.654861450195312 -13.6671142578125 0.0
v -15.654861450195312 -13.6671142578125 0.0
v -15.654861450195312 -10.0198974609375 0.0
v -15.654861450195312 -13.6671142578125 2.5999999046325684
v -15.654861450195312 -10.0198974609375 0.0
v -15.654861450195312 -8.6170654296875 2.5999999046325684
v -15.654861450195312 -13.6671142578125 2.5999999046325684
v -15.654861450195312 -8.6170654296875 0.0
v -12.007644653320312 -8.6170654296875 0.0
v -15.654861450195312 -8.6170654296875 2.5999999046325684
v -15.654861450195312 -8.6170654296875 2.5999999046325684
v -10.605056762695312 -8.6170654296875 2.5999999046325684
v -15.654861450195312 -13.6671142578125 2.5999999046325684
v -10.605056762695312 -13.6671142578125 2.5999999046325684
v -15.654861450195312 -13.6671142578125 2.5999999046325684
v -10.605056762695312 -8.6170654296875 2.5999999046325684
v -10.605056762695312 -8.6170654296875 2.5999999046325684
v -11.796951293945312 -8.6170654296875 0.0
v -10.605056762695312 -8.6170654296875 0.0
v 7.950850963592529 -10.5240478515625 2.384185791015625e-07
v 11.512130737304688 -6.021240234375 0.0
v 11.512130737304688 -9.66845703125 2.384185791015625e-07
v 16.561935424804688 -8.265625 0.0
v 19.290939331054688 -10.58990478515625 0.0
v 16.561935424804688 -8.8099365234375 0.0
v 11.512130737304688 -4.618408203125 2.5999999046325684
v 11.512130737304688 -5.5159912109375 0.0
v 11.512130737304688 -4.618408203125 0.0
v 11.512130737304688 -4.618408203125 0.0
v 15.159347534179688 -4.618408203125 0.0
v 11.512130737304688 -4.618408203125 2.5999999046325684
v 15.159347534179688 -4.618408203125 0.0
v 16.561935424804688 -4.618408203125 2.5999999046325684
v 11.512130737304688 -4.618408203125 2.5999999046325684
v 16.561935424804688 -4.618408203125 0.0
v 16.561935424804688 -8.265625 0.0
v 16.561935424804688 -4.618408203125 2.5999999046325684
v 16.561935424804688 -9.66845703125 2.5999999046325684
v 16.561935424804688 -8.8099365234375 0.0
v 16.561935424804688 -9.66845703125 0.0
v 16.561935424804688 -9.66845703125 0.0
v 12.914718627929688 -9.66845703125 0.0
v 16.561935424804688 -9.66845703125 2.5999999046325684
v 12.914718627929688 -9.66845703125 0.0
v 11.512130737304688 -9.66845703125 2.5999999046325684
v 16.561935424804688 -9.66845703125 2.5999999046325684
v 16.561935424804688 -9.66845703125 2.5999999046325684
v 11.512130737304688 -9.66845703125 2.5999999046325684
v 16.561935424804688 -4.618408203125 2.5999999046325684
v 11.512130737304688 -4.618408203125 2.5999999046325684
v 16.561935424804688 -4.618408203125 2.5999999046325684
v 11.512130737304688 -9.66845703125 2.5999999046325684
v 11.512130737304688 -9.66845703125 2.384185791015625e-07
v 11.512130737304688 -6.021240234375 0.0
v 11.512130737304688 -9.66845703125 2.5999999046325684
v 1.0753629207611084 16.9061279296875 0.0
v 1.4530484676361084 15.17987060546875 0.0
v 0.6569058299064636 16.9061279296875 0.0
v 1.4552457332611084 16.9061279296875 0.0
v 2.0148160457611084 15.1094970703125 0.0
v 1.0753629207611084 16.9061279296875 0.0
v 1.7943570613861084 16.9061279296875 0.0
v 2.5472867488861084 15.01873779296875 0.0
v 1.4552457332611084 16.9061279296875 0.0
v 2.0924527645111084 16.9061279296875 0.0
v 3.0509488582611084 14.9073486328125 0.0
v 1.7943570613861084 16.9061279296875 0.0
v 2.3500211238861084 16.9061279296875 0.0
v 3.5255582332611084 14.77508544921875 0.0
v 2.0924527645111084 16.9061279296875 0.0
v 2.5682828426361084 16.9061279296875 0.0
v 3.9735562801361084 14.62078857421875 0.0
v 2.3500211238861084 16.9061279296875 0.0
v -0.288650780916214 16.9061279296875 0.0
v -0.408035546541214 15.27001953125 0.0
v -0.8096469044685364 16.9061279296875 0.0
v 0.201339453458786 16.9061279296875 0.0
v 0.241866797208786 15.26007080078125 0.0
v -0.288650780916214 16.9061279296875 0.0
v 0.6569058299064636 16.9061279296875 0.0
v 0.8622280955314636 15.23004150390625 0.0
v 0.201339453458786 16.9061279296875 0.0
v -1.5022737979888916 16.9061279296875 0.0
v -2.0962679386138916 15.21453857421875 0.0
v -2.1726839542388916 16.9061279296875 0.0
v -0.9104769825935364 16.9061279296875 0.0
v -1.2649691104888916 15.25616455078125 0.0
v -1.5022737979888916 16.9061279296875 0.0
v 2.7367398738861084 16.9061279296875 0.0
v 4.396895885467529 14.443115234375 0.0
v 2.5682828426361084 16.9061279296875 0.0
v -1.5650179386138916 21.9561767578125 0.0
v -1.6726839542388916 21.9561767578125 0.0
v -2.4793245792388916 23.704833984375 0.0
v -1.4673616886138916 21.9561767578125 0.0
v -1.5650179386138916 21.9561767578125 0.0
v -2.4793245792388916 23.704833984375 0.0
v -1.3799593448638916 21.9561767578125 0.0
v -1.4673616886138916 21.9561767578125 0.0
v -2.4793245792388916 23.704833984375 0.0
v -1.3032991886138916 21.9561767578125 0.0
v -1.3799593448638916 21.9561767578125 0.0
v -2.4793245792388916 23.704833984375 0.0
v -1.2371370792388916 21.9561767578125 0.0
v -1.3032991886138916 21.9561767578125 0.0
v -2.4793245792388916 23.704833984375 0.0
v -1.1809847354888916 21.9561767578125 0.0
v -1.2371370792388916 21.9561767578125 0.0
v -2.4793245792388916 23.704833984375 0.0
v -0.174148827791214 21.9561767578125 0.0
v -1.1809847354888916 21.9561767578125 0.0
v -2.4793245792388916 23.704833984375 0.0
v -2.0498812198638916 21.9561767578125 0.0
v -2.2278597354888916 21.9561767578125 0.0
v -2.4793245792388916 23.704833984375 0.0
v -1.9158480167388916 21.9561767578125 0.0
v -2.0498812198638916 21.9561767578125 0.0
v -2.4793245792388916 23.704833984375 0.0
v -1.7898714542388916 21.9561767578125 0.0
v -1.9158480167388916 21.9561767578125 0.0
v -2.4793245792388916 23.704833984375 0.0
v -1.6726839542388916 21.9561767578125 0.0
v -1.7898714542388916 21.9561767578125 0.0
v -2.4793245792388916 23.704833984375 0.0
v -2.4793245792388916 23.704833984375 0.0
v 1.3341519832611084 21.9561767578125 0.0
v -0.174148827791214 21.9561767578125 0.0
v -2.3130648136138916 16.9061279296875 0.0
v -2.0962679386138916 15.21453857421875 0.0
v -2.9019320011138916 15.14508056640625 0.0
v -2.3130648136138916 21.9561767578125 0.0
v -2.4793245792388916 23.704833984375 0.0
v -2.2278597354888916 21.9561767578125 0.0
v -2.2278597354888916 21.9561767578125 0.0
v -2.3130648136138916 21.9561767578125 2.5999999046325684
v -2.3130648136138916 21.9561767578125 0.0
v 1.3341519832611084 21.9561767578125 0.0
v 2.7367398738861084 21.9561767578125 2.5999999046325684
v -2.3130648136138916 21.9561767578125 2.5999999046325684
v 2.7367398738861084 19.7479248046875 0.0
v 2.7367398738861084 21.9561767578125 2.5999999046325684
v 2.7367398738861084 21.9561767578125 0.0
v 2.7367398738861084 18.30889892578125 0.0
v 2.7367398738861084 16.9061279296875 2.5999999046325684
v 2.7367398738861084 21.9561767578125 2.5999999046325684
v 2.5682828426361084 16.9061279296875 0.0
v 2.7367398738861084 16.9061279296875 2.5999999046325684
v 2.7367398738861084 16.9061279296875 0.0
v -2.3130648136138916 16.9061279296875 2.5999999046325684
v -2.1726839542388916 16.9061279296875 0.0
v -2.3130648136138916 16.9061279296875 0.0
v -2.3130648136138916 20.02227783203125 0.0
v -2.3130648136138916 16.9061279296875 2.5999999046325684
v -2.3130648136138916 16.9061279296875 0.0
v 2.7367398738861084 16.9061279296875 2.5999999046325684
v -2.3130648136138916 16.9061279296875 2.5999999046325684
v 2.7367398738861084 21.9561767578125 2.5999999046325684
v -2.3130648136138916 21.9561767578125 2.5999999046325684
v 2.7367398738861084 21.9561767578125 2.5999999046325684
v -2.3130648136138916 16.9061279296875 2.5999999046325684
v -2.3130648136138916 20.55340576171875 0.0
v -2.3130648136138916 21.9561767578125 2.5999999046325684
v -2.3130648136138916 16.9061279296875 2.5999999046325684
v -17.027664184570312 -18.17529296875 0.0
v -14.252273559570312 -13.6671142578125 0.0
v -13.259353637695312 -13.6671142578125 0.0
v -8.069168090820312 -9.85382080078125 0.0
v -10.605056762695312 -11.88690185546875 0.0
v -8.056472778320312 -9.3917236328125 0.0
v -8.056472778320312 -9.3917236328125 0.0
v -10.605056762695312 -11.5958251953125 0.0
v -8.018386840820312 -8.946044921875 0.0
v -8.018386840820312 -8.946044921875 0.0
v -10.605056762695312 -11.33642578125 0.0
v -7.954666614532471 -8.5142822265625 0.0
v -7.954666614532471 -8.5142822265625 0.0
v -10.605056762695312 -11.1104736328125 0.0
v -7.865067005157471 -8.0965576171875 0.0
v -7.865067005157471 -8.0965576171875 0.0
v -10.605056762695312 -10.9190673828125 0.0
v -7.749588489532471 -7.69305419921875 0.0
v -7.749588489532471 -7.69305419921875 0.0
v -10.605056762695312 -10.7628173828125 0.0
v -7.607986927032471 -7.30401611328125 0.0
v -7.607986927032471 -7.30401611328125 0.0
v -10.605056762695312 -10.641357421875 0.0
v -7.440262317657471 -6.92919921875 0.0
v -7.440262317657471 -6.92919921875 0.0
v -10.605056762695312 -10.55572509765625 0.0
v -7.244217395782471 -6.568603515625 0.0
v -7.244217395782471 -6.568603515625 0.0
v -10.605056762695312 -10.5064697265625 0.0
v -7.017654895782471 -6.22320556640625 0.0
v -7.017654895782471 -6.22320556640625 0.0
v -10.605056762695312 -10.49176025390625 0.0
v -6.761551380157471 -5.8939208984375 0.0
v -7.742264270782471 -12.0257568359375 0.0
v -10.605056762695312 -13.356689453125 0.0
v -7.924637317657471 -11.34576416015625 0.0
v -7.742264270782471 -12.0257568359375 0.0
v -10.605056762695312 -13.6671142578125 0.0
v -10.605056762695312 -13.356689453125 0.0
v -17.027664184570312 -18.17529296875 0.0
v -10.605056762695312 -13.6671142578125 0.0
v -7.742264270782471 -12.0257568359375 0.0
v -7.924637317657471 -11.34576416015625 0.0
v -10.605056762695312 -12.78076171875 0.0
v -8.033279418945312 -10.62078857421875 0.0
v -8.033279418945312 -10.62078857421875 0.0
v -10.605056762695312 -12.209228515625 0.0
v -8.069168090820312 -9.85382080078125 0.0
v -10.605056762695312 -12.2642822265625 0.0
v -8.033279418945312 -10.62078857421875 0.0
v -10.605056762695312 -12.78076171875 0.0
v -6.761551380157471 -5.8939208984375 0.0
v -11.796951293945312 -8.6170654296875 0.0
v -5.209549427032471 3.4205322265625 0.0
v -6.761551380157471 -5.8939208984375 0.0
v -10.605056762695312 -8.6170654296875 0.0
v -11.796951293945312 -8.6170654296875 0.0
v -11.796951293945312 -8.6170654296875 0.0
v -18.236648559570312 -4.661376953125 0.0
v -5.209549427032471 3.4205322265625 0.0
v -12.007644653320312 -8.6170654296875 0.0
v -18.236648559570312 -4.661376953125 0.0
v -11.796951293945312 -8.6170654296875 0.0
v -15.654861450195312 -8.6170654296875 0.0
v -18.236648559570312 -4.661376953125 0.0
v -12.007644653320312 -8.6170654296875 0.0
v -15.654861450195312 -8.6170654296875 0.0
v -17.027664184570312 -18.17529296875 0.0
v -18.236648559570312 -4.661376953125 0.0
v -15.654861450195312 -10.0198974609375 0.0
v -17.027664184570312 -18.17529296875 0.0
v -15.654861450195312 -8.6170654296875 0.0
v -15.654861450195312 -13.6671142578125 0.0
v -17.027664184570312 -18.17529296875 0.0
v -15.654861450195312 -10.0198974609375 0.0
v -10.605056762695312 -8.6170654296875 2.5999999046325684
v -10.605056762695312 -12.209228515625 0.0
v -10.605056762695312 -12.2642822265625 0.0
v -10.605056762695312 -8.6170654296875 2.5999999046325684
v -10.605056762695312 -11.88690185546875 0.0
v -10.605056762695312 -12.209228515625 0.0
v -10.605056762695312 -8.6170654296875 2.5999999046325684
v -10.605056762695312 -11.5958251953125 0.0
v -10.605056762695312 -11.88690185546875 0.0
v -10.605056762695312 -8.6170654296875 2.5999999046325684
v -10.605056762695312 -11.33642578125 0.0
v -10.605056762695312 -11.5958251953125 0.0
v -10.605056762695312 -8.6170654296875 2.5999999046325684
v -10.605056762695312 -11.1104736328125 0.0
v -10.605056762695312 -11.33642578125 0.0
v -10.605056762695312 -8.6170654296875 2.5999999046325684
v -10.605056762695312 -10.9190673828125 0.0
v -10.605056762695312 -11.1104736328125 0.0
v -10.605056762695312 -8.6170654296875 2.5999999046325684
v -10.605056762695312 -10.7628173828125 0.0
v -10.605056762695312 -10.9190673828125 0.0
v -10.605056762695312 -8.6170654296875 2.5999999046325684
v -10.605056762695312 -10.641357421875 0.0
v -10.605056762695312 -10.7628173828125 0.0
v -10.605056762695312 -8.6170654296875 2.5999999046325684
v -10.605056762695312 -10.55572509765625 0.0
v -10.605056762695312 -10.641357421875 0.0
v -10.605056762695312 -8.6170654296875 2.5999999046325684
v -10.605056762695312 -10.5064697265625 0.0
v -10.605056762695312 -10.55572509765625 0.0
v -10.605056762695312 -8.6170654296875 2.5999999046325684
v -10.605056762695312 -10.49176025390625 0.0
v -10.605056762695312 -10.5064697265625 0.0
v -10.605056762695312 -12.2642822265625 0.0
v -10.605056762695312 -13.6671142578125 2.5999999046325684
v -10.605056762695312 -8.6170654296875 2.5999999046325684
v -10.605056762695312 -12.78076171875 0.0
v -10.605056762695312 -13.6671142578125 2.5999999046325684
v -10.605056762695312 -12.2642822265625 0.0
v -10.605056762695312 -13.356689453125 0.0
v -10.605056762695312 -13.6671142578125 2.5999999046325684
v -10.605056762695312 -12.78076171875 0.0
v -10.605056762695312 -13.6671142578125 2.5999999046325684
v -13.259353637695312 -13.6671142578125 0.0
v -14.252273559570312 -13.6671142578125 0.0
v -10.605056762695312 -13.6671142578125 2.5999999046325684
v -13.252029418945312 -13.6671142578125 0.0
v -13.259353637695312 -13.6671142578125 0.0
v -10.605056762695312 -13.6671142578125 2.5999999046325684
v -13.227615356445312 -13.6671142578125 0.0
v -13.252029418945312 -13.6671142578125 0.0
v -10.605056762695312 -13.6671142578125 2.5999999046325684
v -13.184402465820312 -13.6671142578125 0.0
v -13.227615356445312 -13.6671142578125 0.0
v -10.605056762695312 -13.6671142578125 2.5999999046325684
v -13.121414184570312 -13.6671142578125 0.0
v -13.184402465820312 -13.6671142578125 0.0
v -10.605056762695312 -13.6671142578125 2.5999999046325684
v -13.037185668945312 -13.6671142578125 0.0
v -13.121414184570312 -13.6671142578125 0.0
v -10.605056762695312 -13.6671142578125 2.5999999046325684
v -12.929275512695312 -13.6671142578125 0.0
v -13.037185668945312 -13.6671142578125 0.0
v -10.605056762695312 -13.6671142578125 2.5999999046325684
v -12.793777465820312 -13.6671142578125 0.0
v -12.929275512695312 -13.6671142578125 0.0
v -10.605056762695312 -13.6671142578125 2.5999999046325684
v -12.626785278320312 -13.6671142578125 0.0
v -12.793777465820312 -13.6671142578125 0.0
v -10.605056762695312 -13.6671142578125 2.5999999046325684
v -12.423171997070312 -13.6671142578125 0.0
v -12.626785278320312 -13.6671142578125 0.0
v -10.605056762695312 -13.6671142578125 2.5999999046325684
v -12.174392700195312 -13.6671142578125 0.0
v -12.423171997070312 -13.6671142578125 0.0
v -10.605056762695312 -13.6671142578125 2.5999999046325684
v -11.660232543945312 -13.6671142578125 0.0
v -12.174392700195312 -13.6671142578125 0.0
v -10.605056762695312 -13.6671142578125 2.5999999046325684
v -11.018630981445312 -13.6671142578125 0.0
v -11.660232543945312 -13.6671142578125 0.0
v -14.252273559570312 -13.6671142578125 0.0
v -15.654861450195312 -13.6671142578125 2.5999999046325684
v -10.605056762695312 -13.6671142578125 2.5999999046325684
v -14.560623168945312 -13.6671142578125 0.0
v -15.654861450195312 -13.6671142578125 2.5999999046325684
v -14.252273559570312 -13.6671142578125 0.0
v -15.654861450195312 -8.6170654296875 2.5999999046325684
v -15.654861450195312 -10.0198974609375 0.0
v -15.654861450195312 -8.6170654296875 0.0
v -12.007644653320312 -8.6170654296875 0.0
v -10.605056762695312 -8.6170654296875 2.5999999046325684
v -15.654861450195312 -8.6170654296875 2.5999999046325684
v -11.796951293945312 -8.6170654296875 0.0
v -10.605056762695312 -8.6170654296875 2.5999999046325684
v -12.007644653320312 -8.6170654296875 0.0
v 19.290939331054688 -10.58990478515625 0.0
v 16.561935424804688 -9.66845703125 0.0
v 16.561935424804688 -8.8099365234375 0.0
v 7.950850963592529 -10.5240478515625 2.384185791015625e-07
v 16.561935424804688 -9.66845703125 0.0
v 19.290939331054688 -10.58990478515625 0.0
v 7.950850963592529 -10.5240478515625 2.384185791015625e-07
v 12.914718627929688 -9.66845703125 0.0
v 16.561935424804688 -9.66845703125 0.0
v 7.950850963592529 -10.5240478515625 2.384185791015625e-07
v 11.512130737304688 -9.66845703125 2.384185791015625e-07
v 12.914718627929688 -9.66845703125 0.0
v 11.512130737304688 -5.5159912109375 0.0
v 7.950850963592529 -10.5240478515625 2.384185791015625e-07
v 7.946212291717529 -3.19012451171875 0.0
v 11.512130737304688 -6.021240234375 0.0
v 7.950850963592529 -10.5240478515625 2.384185791015625e-07
v 11.512130737304688 -5.5159912109375 0.0
v 7.946212291717529 -3.19012451171875 0.0
v 11.512130737304688 -4.618408203125 0.0
v 11.512130737304688 -5.5159912109375 0.0
v 19.295578002929688 -1.05682373046875 0.0
v 11.512130737304688 -4.618408203125 0.0
v 7.946212291717529 -3.19012451171875 0.0
v 19.295578002929688 -1.05682373046875 0.0
v 15.159347534179688 -4.618408203125 0.0
v 11.512130737304688 -4.618408203125 0.0
v 19.295578002929688 -1.05682373046875 0.0
v 16.561935424804688 -4.618408203125 0.0
v 15.159347534179688 -4.618408203125 0.0
v 19.290939331054688 -10.58990478515625 0.0
v 16.561935424804688 -4.618408203125 0.0
v 19.295578002929688 -1.05682373046875 0.0
v 19.290939331054688 -10.58990478515625 0.0
v 16.561935424804688 -8.265625 0.0
v 16.561935424804688 -4.618408203125 0.0
v 11.512130737304688 -6.021240234375 0.0
v 11.512130737304688 -4.618408203125 2.5999999046325684
v 11.512130737304688 -9.66845703125 2.5999999046325684
v 11.512130737304688 -5.5159912109375 0.0
v 11.512130737304688 -4.618408203125 2.5999999046325684
v 11.512130737304688 -6.021240234375 0.0
v 16.561935424804688 -4.618408203125 2.5999999046325684
v 15.159347534179688 -4.618408203125 0.0
v 16.561935424804688 -4.618408203125 0.0
v 16.561935424804688 -8.265625 0.0
v 16.561935424804688 -9.66845703125 2.5999999046325684
v 16.561935424804688 -4.618408203125 2.5999999046325684
v 16.561935424804688 -8.8099365234375 0.0
v 16.561935424804688 -9.66845703125 2.5999999046325684
v 16.561935424804688 -8.265625 0.0
v 11.512130737304688 -9.66845703125 2.5999999046325684
v 12.914718627929688 -9.66845703125 0.0
v 11.512130737304688 -9.66845703125 2.384185791015625e-07
v 1.4530484676361084 15.17987060546875 0.0
v 1.0753629207611084 16.9061279296875 0.0
v 2.0148160457611084 15.1094970703125 0.0
v 2.0148160457611084 15.1094970703125 0.0
v 1.4552457332611084 16.9061279296875 0.0
v 2.5472867488861084 15.01873779296875 0.0
v 2.5472867488861084 15.01873779296875 0.0
v 1.7943570613861084 16.9061279296875 0.0
v 3.0509488582611084 14.9073486328125 0.0
v 3.0509488582611084 14.9073486328125 0.0
v 2.0924527645111084 16.9061279296875 0.0
v 3.5255582332611084 14.77508544921875 0.0
v 3.5255582332611084 14.77508544921875 0.0
v 2.3500211238861084 16.9061279296875 0.0
v 3.9735562801361084 14.62078857421875 0.0
v 3.9735562801361084 14.62078857421875 0.0
v 2.5682828426361084 16.9061279296875 0.0
v 4.396895885467529 14.443115234375 0.0
v -0.408035546541214 15.27001953125 0.0
v -0.288650780916214 16.9061279296875 0.0
v 0.241866797208786 15.26007080078125 0.0
v 0.241866797208786 15.26007080078125 0.0
v 0.201339453458786 16.9061279296875 0.0
v 0.8622280955314636 15.23004150390625 0.0
v 0.8622280955314636 15.23004150390625 0.0
v 0.6569058299064636 16.9061279296875 0.0
v 1.4530484676361084 15.17987060546875 0.0
v -2.0962679386138916 15.21453857421875 0.0
v -1.5022737979888916 16.9061279296875 0.0
v -1.2649691104888916 15.25616455078125 0.0
v -1.2649691104888916 15.25616455078125 0.0
v -0.8096469044685364 16.9061279296875 0.0
v -0.408035546541214 15.27001953125 0.0
v -1.2649691104888916 15.25616455078125 0.0
v -0.9104769825935364 16.9061279296875 0.0
v -0.8096469044685364 16.9061279296875 0.0
v 4.396895885467529 14.443115234375 0.0
v 2.7367398738861084 19.7479248046875 0.0
v 19.298751831054688 7.18414306640625 2.384185791015625e-07
v 4.396895885467529 14.443115234375 0.0
v 2.7367398738861084 18.30889892578125 0.0
v 2.7367398738861084 19.7479248046875 0.0
v 4.396895885467529 14.443115234375 0.0
v 2.7367398738861084 16.9061279296875 0.0
v 2.7367398738861084 18.30889892578125 0.0
v 2.7367398738861084 19.7479248046875 0.0
v 13.584884643554688 20.96954345703125 0.0
v 19.298751831054688 7.18414306640625 2.384185791015625e-07
v 2.7367398738861084 21.9561767578125 0.0
v 13.584884643554688 20.96954345703125 0.0
v 2.7367398738861084 19.7479248046875 0.0
v 2.7367398738861084 21.9561767578125 0.0
v -2.4793245792388916 23.704833984375 0.0
v 13.584884643554688 20.96954345703125 0.0
v 1.3341519832611084 21.9561767578125 0.0
v -2.4793245792388916 23.704833984375 0.0
v 2.7367398738861084 21.9561767578125 0.0
v -2.3130648136138916 20.02227783203125 0.0
v -2.9019320011138916 15.14508056640625 0.0
v -2.4793245792388916 23.704833984375 0.0
v -2.3130648136138916 16.9061279296875 0.0
v -2.9019320011138916 15.14508056640625 0.0
v -2.3130648136138916 20.02227783203125 0.0
v -2.0962679386138916 15.21453857421875 0.0
v -2.3130648136138916 16.9061279296875 0.0
v -2.1726839542388916 16.9061279296875 0.0
v -2.4793245792388916 23.704833984375 0.0
v -2.3130648136138916 20.55340576171875 0.0
v -2.3130648136138916 20.02227783203125 0.0
v -2.4793245792388916 23.704833984375 0.0
v -2.3130648136138916 21.9561767578125 0.0
v -2.3130648136138916 20.55340576171875 0.0
v -2.3130648136138916 21.9561767578125 2.5999999046325684
v -0.174148827791214 21.9561767578125 0.0
v 1.3341519832611084 21.9561767578125 0.0
v -2.3130648136138916 21.9561767578125 2.5999999046325684
v -1.1809847354888916 21.9561767578125 0.0
v -0.174148827791214 21.9561767578125 0.0
v -2.3130648136138916 21.9561767578125 2.5999999046325684
v -1.2371370792388916 21.9561767578125 0.0
v -1.1809847354888916 21.9561767578125 0.0
v -2.3130648136138916 21.9561767578125 2.5999999046325684
v -1.3032991886138916 21.9561767578125 0.0
v -1.2371370792388916 21.9561767578125 0.0
v -2.3130648136138916 21.9561767578125 2.5999999046325684
v -1.3799593448638916 21.9561767578125 0.0
v -1.3032991886138916 21.9561767578125 0.0
v -2.3130648136138916 21.9561767578125 2.5999999046325684
v -1.4673616886138916 21.9561767578125 0.0
v -1.3799593448638916 21.9561767578125 0.0
v -2.3130648136138916 21.9561767578125 2.5999999046325684
v -1.5650179386138916 21.9561767578125 0.0
v -1.4673616886138916 21.9561767578125 0.0
v -2.3130648136138916 21.9561767578125 2.5999999046325684
v -1.6726839542388916 21.9561767578125 0.0
v -1.5650179386138916 21.9561767578125 0.0
v -2.3130648136138916 21.9561767578125 2.5999999046325684
v -1.7898714542388916 21.9561767578125 0.0
v -1.6726839542388916 21.9561767578125 0.0
v -2.3130648136138916 21.9561767578125 2.5999999046325684
v -1.9158480167388916 21.9561767578125 0.0
v -1.7898714542388916 21.9561767578125 0.0
v -2.3130648136138916 21.9561767578125 2.5999999046325684
v -2.0498812198638916 21.9561767578125 0.0
v -1.9158480167388916 21.9561767578125 0.0
v -2.3130648136138916 21.9561767578125 2.5999999046325684
v -2.2278597354888916 21.9561767578125 0.0
v -2.0498812198638916 21.9561767578125 0.0
v 2.7367398738861084 21.9561767578125 2.5999999046325684
v 1.3341519832611084 21.9561767578125 0.0
v 2.7367398738861084 21.9561767578125 0.0
v 2.7367398738861084 21.9561767578125 2.5999999046325684
v 2.7367398738861084 19.7479248046875 0.0
v 2.7367398738861084 18.30889892578125 0.0
v 2.7367398738861084 16.9061279296875 2.5999999046325684
v 2.7367398738861084 18.30889892578125 0.0
v 2.7367398738861084 16.9061279296875 0.0
v 2.7367398738861084 16.9061279296875 2.5999999046325684
v -0.8096469044685364 16.9061279296875 0.0
v -0.9104769825935364 16.9061279296875 0.0
v 2.7367398738861084 16.9061279296875 2.5999999046325684
v -0.288650780916214 16.9061279296875 0.0
v -0.8096469044685364 16.9061279296875 0.0
v 2.7367398738861084 16.9061279296875 2.5999999046325684
v 0.201339453458786 16.9061279296875 0.0
v -0.288650780916214 16.9061279296875 0.0
v 2.7367398738861084 16.9061279296875 2.5999999046325684
v 0.6569058299064636 16.9061279296875 0.0
v 0.201339453458786 16.9061279296875 0.0
v 2.7367398738861084 16.9061279296875 2.5999999046325684
v 1.0753629207611084 16.9061279296875 0.0
v 0.6569058299064636 16.9061279296875 0.0
v 2.7367398738861084 16.9061279296875 2.5999999046325684
v 1.4552457332611084 16.9061279296875 0.0
v 1.0753629207611084 16.9061279296875 0.0
v 2.7367398738861084 16.9061279296875 2.5999999046325684
v 1.7943570613861084 16.9061279296875 0.0
v 1.4552457332611084 16.9061279296875 0.0
v 2.7367398738861084 16.9061279296875 2.5999999046325684
v 2.0924527645111084 16.9061279296875 0.0
v 1.7943570613861084 16.9061279296875 0.0
v 2.7367398738861084 16.9061279296875 2.5999999046325684
v 2.3500211238861084 16.9061279296875 0.0
v 2.0924527645111084 16.9061279296875 0.0
v 2.7367398738861084 16.9061279296875 2.5999999046325684
v 2.5682828426361084 16.9061279296875 0.0
v 2.3500211238861084 16.9061279296875 0.0
v -0.9104769825935364 16.9061279296875 0.0
v -2.3130648136138916 16.9061279296875 2.5999999046325684
v 2.7367398738861084 16.9061279296875 2.5999999046325684
v -1.5022737979888916 16.9061279296875 0.0
v -2.3130648136138916 16.9061279296875 2.5999999046325684
v -0.9104769825935364 16.9061279296875 0.0
v -2.1726839542388916 16.9061279296875 0.0
v -2.3130648136138916 16.9061279296875 2.5999999046325684
v -1.5022737979888916 16.9061279296875 0.0
v -2.3130648136138916 16.9061279296875 2.5999999046325684
v -2.3130648136138916 20.02227783203125 0.0
v -2.3130648136138916 20.55340576171875 0.0
v -2.3130648136138916 21.9561767578125 2.5999999046325684
v -2.3130648136138916 20.55340576171875 0.0
v -2.3130648136138916 21.9561767578125 0.0
# Faces
f 1 2 3
f 4 5 6
f 7 8 9
f 10 11 12
f 13 14 15
f 16 17 18
f 19 20 21
f 22 23 24
f 25 26 27
f 28 29 30
f 31 32 33
f 34 35 36
f 37 38 39
f 40 41 42
f 43 44 45
f 46 47 48
f 49 50 51
f 52 53 54
f 55 56 57
f 58 59 60
f 61 62 63
f 64 65 66
f 67 68 69
f 70 71 72
f 73 74 75
f 76 77 78
f 79 80 81
f 82 83 84
f 85 86 87
f 88 89 90
f 91 92 93
f 94 95 96
f 97 98 99
f 100 101 102
f 103 104 105
f 106 107 108
f 109 110 111
f 112 113 114
f 115 116 117
f 118 119 120
f 121 122 123
f 124 125 126
f 127 128 129
f 130 131 132
f 133 134 135
f 136 137 138
f 139 140 141
f 142 143 144
f 145 146 147
f 148 149 150
f 151 152 153
f 154 155 156
f 157 158 159
f 160 161 162
f 163 164 165
f 166 167 168
f 169 170 171
f 172 173 174
f 175 176 177
f 178 179 180
f 181 182 183
f 184 185 186
f 187 188 189
f 190 191 192
f 193 194 195
f 196 197 198
f 199 200 201
f 202 203 204
f 205 206 207
f 208 209 210
f 211 212 213
f 214 215 216
f 217 218 219
f 220 221 222
f 223 224 225
f 226 227 228
f 229 230 231
f 232 233 234
f 235 236 237
f 238 239 240
f 241 242 243
f 244 245 246
f 247 248 249
f 250 251 252
f 253 254 255
f 256 257 258
f 259 260 261
f 262 263 264
f 265 266 267
f 268 269 270
f 271 272 273
f 274 275 276
f 277 278 279
f 280 281 282
f 283 284 285
f 286 287 288
f 289 290 291
f 292 293 294
f 295 296 297
f 298 299 300
f 301 302 303
f 304 305 306
f 307 308 309
f 310 311 312
f 313 314 315
f 316 317 318
f 319 320 321
f 322 323 324
f 325 326 327
f 328 329 330
f 331 332 333
f 334 335 336
f 337 338 339
f 340 341 342
f 343 344 345
f 346 347 348
f 349 350 351
f 352 353 354
f 355 356 357
f 358 359 360
f 361 362 363
f 364 365 366
f 367 368 369
f 370 371 372
f 373 374 375
f 376 377 378
f 379 380 381
f 382 383 384
f 385 386 387
f 388 389 390
f 391 392 393
f 394 395 396
f 397 398 399
f 400 401 402
f 403 404 405
f 406 407 408
f 409 410 411
f 412 413 414
f 415 416 417
f 418 419 420
f 421 422 423
f 424 425 426
f 427 428 429
f 430 431 432
f 433 434 435
f 436 437 438
f 439 440 441
f 442 443 444
f 445 446 447
f 448 449 450
f 451 452 453
f 454 455 456
f 457 458 459
f 460 461 462
f 463 464 465
f 466 467 468
f 469 470 471
f 472 473 474
f 475 476 477
f 478 479 480
f 481 482 483
f 484 485 486
f 487 488 489
f 490 491 492
f 493 494 495
f 496 497 498
f 499 500 501
f 502 503 504
f 505 506 507
f 508 509 510
f 511 512 513
f 514 515 516
f 517 518 519
f 520 521 522
f 523 524 525
f 526 527 528
f 529 530 531
f 532 533 534
f 535 536 537
f 538 539 540
f 541 542 543
f 544 545 546
f 547 548 549
f 550 551 552
f 553 554 555
f 556 557 558
f 559 560 561
f 562 563 564
f 565 566 567
f 568 569 570
f 571 572 573
f 574 575 576
f 577 578 579
f 580 581 582
f 583 584 585
f 586 587 588
f 589 590 591
f 592 593 594
f 595 596 597
f 598 599 600
f 601 602 603
f 604 605 606
f 607 608 609
f 610 611 612
f 613 614 615
f 616 617 618
f 619 620 621
f 622 623 624
f 625 626 627
f 628 629 630
f 631 632 633
f 634 635 636
f 637 638 639
f 640 641 642
f 643 644 645
f 646 647 648
f 649 650 651
f 652 653 654
f 655 656 657
f 658 659 660
f 661 662 663
f 664 665 666
f 667 668 669
f 670 671 672
f 673 674 675
f 676 677 678
f 679 680 681
f 682 683 684
f 685 686 687
f 688 689 690
f 691 692 693
f 694 695 696
f 697 698 699
f 700 701 702
f 703 704 705
f 706 707 708
f 709 710 711
f 712 713 714
f 715 716 717
f 718 719 720
f 721 722 723
f 724 725 726
f 727 728 729
f 730 731 732
f 733 734 735
f 736 737 738
f 739 740 741
f 742 743 744
f 745 746 747
f 748 749 750
f 751 752 753
f 754 755 756
f 757 758 759
f 760 761 762
f 763 764 765
f 766 767 768
f 769 770 771
f 772 773 774
f 775 776 777
f 778 779 780
f 781 782 783
f 784 785 786
f 787 788 789
f 790 791 792
f 793 794 795
f 796 797 798
f 799 800 801
f 802 803 804
f 805 806 807
f 808 809 810
f 811 812 813
f 814 815 816
f 817 818 819
f 820 821 822
f 823 824 825
f 826 827 828
f 829 830 831
f 832 833 834
f 835 836 837
f 838 839 840
f 841 842 843
f 844 845 846
f 847 848 849
f 850 851 852
f 853 854 855
f 856 857 858
f 859 860 861
f 862 863 864
f 865 866 867
f 868 869 870
f 871 872 873
f 874 875 876
f 877 878 879
f 880 881 882
f 883 884 885
f 886 887 888
f 889 890 891
f 892 893 894
f 895 896 897
f 898 899 900
f 901 902 903
f 904 905 906
f 907 908 909
f 910 911 912
f 913 914 915
f 916 917 918
f 919 920 921
f 922 923 924
f 925 926 927
f 928 929 930
f 931 932 933
f 934 935 936
f 937 938 939
f 940 941 942
f 943 944 945
f 946 947 948
f 949 950 951
f 952 953 954
f 955 956 957
f 958 959 960
f 961 962 963
f 964 965 966
f 967 968 969
f 970 971 972
f 973 974 975
f 976 977 978
f 979 980 981
f 982 983 984
f 985 986 987
f 988 989 990
f 991 992 993
f 994 995 996
f 997 998 999
f 1000 1001 1002
f 1003 1004 1005
f 1006 1007 1008
f 1009 1010 1011
f 1012 1013 1014
f 1015 1016 1017
f 1018 1019 1020
f 1021 1022 1023
f 1024 1025 1026
f 1027 1028 1029
f 1030 1031 1032
f 1033 1034 1035
f 1036 1037 1038
f 1039 1040 1041
f 1042 1043 1044
f 1045 1046 1047
f 1048 1049 1050
f 1051 1052 1053
f 1054 1055 1056
f 1057 1058 1059
f 1060 1061 1062
f 1063 1064 1065
f 1066 1067 1068
f 1069 1070 1071
f 1072 1073 1074
f 1075 1076 1077
f 1078 1079 1080
f 1081 1082 1083
f 1084 1085 1086
f 1087 1088 1089
f 1090 1091 1092
f 1093 1094 1095
f 1096 1097 1098
f 1099 1100 1101
f 1102 1103 1104
f 1105 1106 1107
f 1108 1109 1110
f 1111 1112 1113
f 1114 1115 1116
f 1117 1118 1119
f 1120 1121 1122
f 1123 1124 1125
f 1126 1127 1128
f 1129 1130 1131
f 1132 1133 1134
f 1135 1136 1137
f 1138 1139 1140
f 1141 1142 1143
f 1144 1145 1146
f 1147 1148 1149
f 1150 1151 1152
f 1153 1154 1155
f 1156 1157 1158
f 1159 1160 1161
f 1162 1163 1164
f 1165 1166 1167
f 1168 1169 1170
f 1171 1172 1173
f 1174 1175 1176
f 1177 1178 1179
f 1180 1181 1182
f 1183 1184 1185
f 1186 1187 1188
f 1189 1190 1191
f 1192 1193 1194
f 1195 1196 1197
f 1198 1199 1200
f 1201 1202 1203
f 1204 1205 1206
f 1207 1208 1209
f 1210 1211 1212
f 1213 1214 1215
f 1216 1217 1218
f 1219 1220 1221
f 1222 1223 1224
f 1225 1226 1227
f 1228 1229 1230
f 1231 1232 1233
f 1234 1235 1236
f 1237 1238 1239
f 1240 1241 1242
f 1243 1244 1245
f 1246 1247 1248
f 1249 1250 1251
f 1252 1253 1254
f 1255 1256 1257
f 1258 1259 1260
f 1261 1262 1263
f 1264 1265 1266
f 1267 1268 1269
f 1270 1271 1272
f 1273 1274 1275
f 1276 1277 1278
f 1279 1280 1281
f 1282 1283 1284
f 1285 1286 1287
f 1288 1289 1290
f 1291 1292 1293
f 1294 1295 1296
f 1297 1298 1299
f 1300 1301 1302
f 1303 1304 1305
f 1306 1307 1308
f 1309 1310 1311
f 1312 1313 1314
f 1315 1316 1317
f 1318 1319 1320
f 1321 1322 1323
f 1324 1325 1326
f 1327 1328 1329
f 1330 1331 1332
f 1333 1334 1335
f 1336 1337 1338
f 1339 1340 1341
f 1342 1343 1344
f 1345 1346 1347
f 1348 1349 1350
f 1351 1352 1353
f 1354 1355 1356
f 1357 1358 1359
f 1360 1361 1362
f 1363 1364 1365
f 1366 1367 1368
f 1369 1370 1371
f 1372 1373 1374
f 1375 1376 1377
f 1378 1379 1380
f 1381 1382 1383
f 1384 1385 1386
f 1387 1388 1389
f 1390 1391 1392
f 1393 1394 1395
f 1396 1397 1398
f 1399 1400 1401
f 1402 1403 1404
f 1405 1406 1407
f 1408 1409 1410
f 1411 1412 1413
f 1414 1415 1416
f 1417 1418 1419
f 1420 1421 1422
f 1423 1424 1425
f 1426 1427 1428
f 1429 1430 1431
f 1432 1433 1434
f 1435 1436 1437
f 1438 1439 1440
f 1441 1442 1443
f 1444 1445 1446
f 1447 1448 1449
f 1450 1451 1452
f 1453 1454 1455
f 1456 1457 1458
f 1459 1460 1461
f 1462 1463 1464
f 1465 1466 1467
f 1468 1469 1470
f 1471 1472 1473
f 1474 1475 1476
f 1477 1478 1479
f 1480 1481 1482
f 1483 1484 1485
f 1486 1487 1488
f 1489 1490 1491
f 1492 1493 1494
f 1495 1496 1497
f 1498 1499 1500
f 1501 1502 1503
f 1504 1505 1506
f 1507 1508 1509
f 1510 1511 1512
f 1513 1514 1515
f 1516 1517 1518
f 1519 1520 1521
f 1522 1523 1524
f 1525 1526 1527
f 1528 1529 1530
f 1531 1532 1533
f 1534 1535 1536
f 1537 1538 1539
f 1540 1541 1542
f 1543 1544 1545
f 1546 1547 1548
f 1549 1550 1551
f 1552 1553 1554
f 1555 1556 1557
f 1558 1559 1560
f 1561 1562 1563
f 1564 1565 1566
f 1567 1568 1569
f 1570 1571 1572
f 1573 1574 1575
f 1576 1577 1578
f 1579 1580 1581
f 1582 1583 1584
f 1585 1586 1587
f 1588 1589 1590
f 1591 1592 1593
f 1594 1595 1596
f 1597 1598 1599
f 1600 1601 1602
f 1603 1604 1605
f 1606 1607 1608
f 1609 1610 1611
f 1612 1613 1614
f 1615 1616 1617
f 1618 1619 1620
f 1621 1622 1623
f 1624 1625 1626
f 1627 1628 1629
f 1630 1631 1632
f 1633 1634 1635
f 1636 1637 1638
f 1639 1640 1641
f 1642 1643 1644
f 1645 1646 1647
f 1648 1649 1650
f 1651 1652 1653
f 1654 1655 1656
f 1657 1658 1659
f 1660 1661 1662
f 1663 1664 1665
f 1666 1667 1668
f 1669 1670 1671
f 1672 1673 1674
f 1675 1676 1677
f 1678 1679 1680
f 1681 1682 1683
f 1684 1685 1686
f 1687 1688 1689
f 1690 1691 1692
f 1693 1694 1695
f 1696 1697 1698
f 1699 1700 1701
f 1702 1703 1704
f 1705 1706 1707
f 1708 1709 1710
f 1711 1712 1713
f 1714 1715 1716
f 1717 1718 1719
f 1720 1721 1722
f 1723 1724 1725
f 1726 1727 1728
f 1729 1730 1731
f 1732 1733 1734
f 1735 1736 1737
f 1738 1739 1740
f 1741 1742 1743
f 1744 1745 1746
f 1747 1748 1749
f 1750 1751 1752
f 1753 1754 1755
f 1756 1757 1758
f 1759 1760 1761
f 1762 1763 1764
f 1765 1766 1767
f 1768 1769 1770
f 1771 1772 1773
f 1774 1775 1776
f 1777 1778 1779
f 1780 1781 1782
f 1783 1784 1785
f 1786 1787 1788
f 1789 1790 1791
f 1792 1793 1794
f 1795 1796 1797
f 1798 1799 1800
f 1801 1802 1803
f 1804 1805 1806
f 1807 1808 1809
f 1810 1811 1812
f 1813 1814 1815
f 1816 1817 1818
f 1819 1820 1821
f 1822 1823 1824
f 1825 1826 1827
f 1828 1829 1830
f 1831 1832 1833
f 1834 1835 1836
f 1837 1838 1839
f 1840 1841 1842
f 1843 1844 1845
f 1846 1847 1848
f 1849 1850 1851
f 1852 1853 1854
f 1855 1856 1857
f 1858 1859 1860
f 1861 1862 1863
f 1864 1865 1866
f 1867 1868 1869
f 1870 1871 1872
f 1873 1874 1875
f 1876 1877 1878
f 1879 1880 1881
f 1882 1883 1884
f 1885 1886 1887
f 1888 1889 1890
f 1891 1892 1893
f 1894 1895 1896
f 1897 1898 1899
f 1900 1901 1902
f 1903 1904 1905
f 1906 1907 1908
f 1909 1910 1911
f 1912 1913 1914
f 1915 1916 1917
f 1918 1919 1920
f 1921 1922 1923
f 1924 1925 1926
f 1927 1928 1929
f 1930 1931 1932
f 1933 1934 1935
f 1936 1937 1938
f 1939 1940 1941
f 1942 1943 1944
f 1945 1946 1947
f 1948 1949 1950
f 1951 1952 1953
f 1954 1955 1956
f 1957 1958 1959
f 1960 1961 1962
f 1963 1964 1965
f 1966 1967 1968
f 1969 1970 1971
f 1972 1973 1974
f 1975 1976 1977
f 1978 1979 1980
f 1981 1982 1983
f 1984 1985 1986
f 1987 1988 1989
f 1990 1991 1992
f 1993 1994 1995
f 1996 1997 1998
f 1999 2000 2001
f 2002 2003 2004
f 2005 2006 2007
f 2008 2009 2010
f 2011 2012 2013
f 2014 2015 2016
f 2017 2018 2019
f 2020 2021 2022
f 2023 2024 2025
f 2026 2027 2028
f 2029 2030 2031
f 2032 2033 2034
f 2035 2036 2037
f 2038 2039 2040
f 2041 2042 2043
f 2044 2045 2046
f 2047 2048 2049
f 2050 2051 2052
f 2053 2054 2055
f 2056 2057 2058
f 2059 2060 2061
f 2062 2063 2064
f 2065 2066 2067
f 2068 2069 2070
f 2071 2072 2073
f 2074 2075 2076
f 2077 2078 2079
f 2080 2081 2082
f 2083 2084 2085
f 2086 2087 2088
f 2089 2090 2091
f 2092 2093 2094
f 2095 2096 2097
f 2098 2099 2100
f 2101 2102 2103
f 2104 2105 2106
f 2107 2108 2109
f 2110 2111 2112
f 2113 2114 2115
f 2116 2117 2118
f 2119 2120 2121
f 2122 2123 2124
f 2125 2126 2127
f 2128 2129 2130
f 2131 2132 2133
f 2134 2135 2136
f 2137 2138 2139
f 2140 2141 2142
f 2143 2144 2145
f 2146 2147 2148
f 2149 2150 2151
f 2152 2153 2154
f 2155 2156 2157
f 2158 2159 2160
f 2161 2162 2163
f 2164 2165 2166
f 2167 2168 2169
f 2170 2171 2172
f 2173 2174 2175
f 2176 2177 2178
f 2179 2180 2181
f 2182 2183 2184
f 2185 2186 2187
f 2188 2189 2190
f 2191 2192 2193
f 2194 2195 2196
f 2197 2198 2199
f 2200 2201 2202
f 2203 2204 2205
f 2206 2207 2208
f 2209 2210 2211
f 2212 2213 2214
f 2215 2216 2217
f 2218 2219 2220
f 2221 2222 2223
f 2224 2225 2226
f 2227 2228 2229
f 2230 2231 2232
f 2233 2234 2235
f 2236 2237 2238
f 2239 2240 2241
f 2242 2243 2244
f 2245 2246 2247
f 2248 2249 2250
f 2251 2252 2253
f 2254 2255 2256
f 2257 2258 2259
f 2260 2261 2262
f 2263 2264 2265
f 2266 2267 2268
f 2269 2270 2271
f 2272 2273 2274
f 2275 2276 2277
f 2278 2279 2280
f 2281 2282 2283
f 2284 2285 2286
f 2287 2288 2289
f 2290 2291 2292
f 2293 2294 2295
f 2296 2297 2298
f 2299 2300 2301
f 2302 2303 2304
f 2305 2306 2307
f 2308 2309 2310
f 2311 2312 2313
f 2314 2315 2316
f 2317 2318 2319
f 2320 2321 2322
f 2323 2324 2325
f 2326 2327 2328
f 2329 2330 2331
f 2332 2333 2334
f 2335 2336 2337
f 2338 2339 2340
f 2341 2342 2343
f 2344 2345 2346
f 2347 2348 2349
f 2350 2351 2352
f 2353 2354 2355
f 2356 2357 2358
f 2359 2360 2361
f 2362 2363 2364
f 2365 2366 2367
f 2368 2369 2370
f 2371 2372 2373
f 2374 2375 2376
f 2377 2378 2379
f 2380 2381 2382
f 2383 2384 2385
f 2386 2387 2388
f 2389 2390 2391
f 2392 2393 2394
f 2395 2396 2397
f 2398 2399 2400
f 2401 2402 2403
f 2404 2405 2406
f 2407 2408 2409
f 2410 2411 2412
f 2413 2414 2415
f 2416 2417 2418
f 2419 2420 2421
f 2422 2423 2424
f 2425 2426 2427
f 2428 2429 2430
f 2431 2432 2433
f 2434 2435 2436
f 2437 2438 2439
f 2440 2441 2442
f 2443 2444 2445
f 2446 2447 2448
f 2449 2450 2451
f 2452 2453 2454
f 2455 2456 2457
f 2458 2459 2460
f 2461 2462 2463
f 2464 2465 2466
f 2467 2468 2469
f 2470 2471 2472
f 2473 2474 2475
f 2476 2477 2478
f 2479 2480 2481
f 2482 2483 2484
f 2485 2486 2487
f 2488 2489 2490
f 2491 2492 2493
f 2494 2495 2496
f 2497 2498 2499
f 2500 2501 2502
f 2503 2504 2505
f 2506 2507 2508
f 2509 2510 2511
f 2512 2513 2514
f 2515 2516 2517
f 2518 2519 2520
f 2521 2522 2523
f 2524 2525 2526
f 2527 2528 2529
f 2530 2531 2532
f 2533 2534 2535
f 2536 2537 2538
f 2539 2540 2541
f 2542 2543 2544
f 2545 2546 2547
f 2548 2549 2550
f 2551 2552 2553
f 2554 2555 2556
f 2557 2558 2559
f 2560 2561 2562
f 2563 2564 2565
f 2566 2567 2568
f 2569 2570 2571
f 2572 2573 2574
f 2575 2576 2577
f 2578 2579 2580
f 2581 2582 2583
f 2584 2585 2586
f 2587 2588 2589
f 2590 2591 2592
f 2593 2594 2595
f 2596 2597 2598
f 2599 2600 2601
f 2602 2603 2604
f 2605 2606 2607
f 2608 2609 2610
f 2611 2612 2613
f 2614 2615 2616
f 2617 2618 2619
f 2620 2621 2622
f 2623 2624 2625
f 2626 2627 2628
f 2629 2630 2631
f 2632 2633 2634
f 2635 2636 2637
f 2638 2639 2640
f 2641 2642 2643
f 2644 2645 2646
f 2647 2648 2649
f 2650 2651 2652
f 2653 2654 2655
f 2656 2657 2658
f 2659 2660 2661
f 2662 2663 2664
f 2665 2666 2667
f 2668 2669 2670
f 2671 2672 2673
f 2674 2675 2676
f 2677 2678 2679
f 2680 2681 2682
f 2683 2684 2685
f 2686 2687 2688
f 2689 2690 2691
f 2692 2693 2694
f 2695 2696 2697
f 2698 2699 2700
f 2701 2702 2703
f 2704 2705 2706
f 2707 2708 2709
f 2710 2711 2712
f 2713 2714 2715
f 2716 2717 2718
f 2719 2720 2721
f 2722 2723 2724
f 2725 2726 2727
f 2728 2729 2730
f 2731 2732 2733
f 2734 2735 2736
f 2737 2738 2739
f 2740 2741 2742
f 2743 2744 2745
f 2746 2747 2748
f 2749 2750 2751
f 2752 2753 2754
f 2755 2756 2757
f 2758 2759 2760
f 2761 2762 2763
f 2764 2765 2766
f 2767 2768 2769
f 2770 2771 2772
f 2773 2774 2775
f 2776 2777 2778
f 2779 2780 2781
f 2782 2783 2784
f 2785 2786 2787
f 2788 2789 2790
f 2791 2792 2793
f 2794 2795 2796
f 2797 2798 2799
f 2800 2801 2802
f 2803 2804 2805
f 2806 2807 2808
f 2809 2810 2811
f 2812 2813 2814
f 2815 2816 2817
f 2818 2819 2820
f 2821 2822 2823
f 2824 2825 2826
f 2827 2828 2829
f 2830 2831 2832
f 2833 2834 2835
f 2836 2837 2838
f 2839 2840 2841
f 2842 2843 2844
f 2845 2846 2847
f 2848 2849 2850
f 2851 2852 2853
f 2854 2855 2856
f 2857 2858 2859
f 2860 2861 2862
f 2863 2864 2865
f 2866 2867 2868
f 2869 2870 2871
f 2872 2873 2874
f 2875 2876 2877
f 2878 2879 2880
f 2881 2882 2883
f 2884 2885 2886
f 2887 2888 2889
f 2890 2891 2892
f 2893 2894 2895
f 2896 2897 2898
f 2899 2900 2901
f 2902 2903 2904
f 2905 2906 2907
f 2908 2909 2910
f 2911 2912 2913
f 2914 2915 2916
f 2917 2918 2919
f 2920 2921 2922
f 2923 2924 2925
f 2926 2927 2928
f 2929 2930 2931
f 2932 2933 2934
f 2935 2936 2937
f 2938 2939 2940
f 2941 2942 2943
f 2944 2945 2946
f 2947 2948 2949
f 2950 2951 2952
f 2953 2954 2955
f 2956 2957 2958
f 2959 2960 2961
f 2962 2963 2964
f 2965 2966 2967
f 2968 2969 2970
f 2971 2972 2973
f 2974 2975 2976
f 2977 2978 2979
f 2980 2981 2982
f 2983 2984 2985
f 2986 2987 2988
f 2989 2990 2991
f 2992 2993 2994
f 2995 2996 2997
f 2998 2999 3000
f 3001 3002 3003
f 3004 3005 3006
f 3007 3008 3009
f 3010 3011 3012
f 3013 3014 3015
f 3016 3017 3018
f 3019 3020 3021
f 3022 3023 3024
f 3025 3026 3027
f 3028 3029 3030
f 3031 3032 3033
f 3034 3035 3036
f 3037 3038 3039
f 3040 3041 3042
f 3043 3044 3045
f 3046 3047 3048
f 3049 3050 3051
f 3052 3053 3054
f 3055 3056 3057
f 3058 3059 3060
f 3061 3062 3063
f 3064 3065 3066
f 3067 3068 3069
f 3070 3071 3072
f 3073 3074 3075
f 3076 3077 3078
f 3079 3080 3081
f 3082 3083 3084
f 3085 3086 3087
f 3088 3089 3090
f 3091 3092 3093
f 3094 3095 3096
f 3097 3098 3099
f 3100 3101 3102
f 3103 3104 3105
f 3106 3107 3108
f 3109 3110 3111
f 3112 3113 3114
f 3115 3116 3117
f 3118 3119 3120
f 3121 3122 3123
f 3124 3125 3126
f 3127 3128 3129
f 3130 3131 3132
f 3133 3134 3135
f 3136 3137 3138
f 3139 3140 3141
f 3142 3143 3144
f 3145 3146 3147
f 3148 3149 3150
f 3151 3152 3153
f 3154 3155 3156
f 3157 3158 3159
f 3160 3161 3162
f 3163 3164 3165
f 3166 3167 3168
f 3169 3170 3171
f 3172 3173 3174
f 3175 3176 3177
f 3178 3179 3180
f 3181 3182 3183
f 3184 3185 3186
f 3187 3188 3189
f 3190 3191 3192
f 3193 3194 3195
f 3196 3197 3198
f 3199 3200 3201
f 3202 3203 3204
f 3205 3206 3207
f 3208 3209 3210
f 3211 3212 3213
f 3214 3215 3216
f 3217 3218 3219
f 3220 3221 3222
f 3223 3224 3225
f 3226 3227 3228
f 3229 3230 3231
f 3232 3233 3234
f 3235 3236 3237
f 3238 3239 3240
f 3241 3242 3243
f 3244 3245 3246
f 3247 3248 3249
f 3250 3251 3252
f 3253 3254 3255
f 3256 3257 3258
f 3259 3260 3261
f 3262 3263 3264
f 3265 3266 3267
f 3268 3269 3270
f 3271 3272 3273
f 3274 3275 3276
f 3277 3278 3279
f 3280 3281 3282
f 3283 3284 3285
f 3286 3287 3288
f 3289 3290 3291
f 3292 3293 3294
f 3295 3296 3297
f 3298 3299 3300
f 3301 3302 3303
f 3304 3305 3306
f 3307 3308 3309
f 3310 3311 3312
f 3313 3314 3315
f 3316 3317 3318
f 3319 3320 3321
f 3322 3323 3324
f 3325 3326 3327
f 3328 3329 3330
f 3331 3332 3333
f 3334 3335 3336
f 3337 3338 3339
f 3340 3341 3342
f 3343 3344 3345
f 3346 3347 3348
f 3349 3350 3351
f 3352 3353 3354
f 3355 3356 3357
f 3358 3359 3360
f 3361 3362 3363
f 3364 3365 3366
f 3367 3368 3369
f 3370 3371 3372
f 3373 3374 3375
f 3376 3377 3378
f 3379 3380 3381
f 3382 3383 3384
f 3385 3386 3387
f 3388 3389 3390
f 3391 3392 3393
f 3394 3395 3396
f 3397 3398 3399
f 3400 3401 3402
f 3403 3404 3405
f 3406 3407 3408
f 3409 3410 3411
f 3412 3413 3414
f 3415 3416 3417
f 3418 3419 3420
f 3421 3422 3423
f 3424 3425 3426
f 3427 3428 3429
f 3430 3431 3432
f 3433 3434 3435
f 3436 3437 3438
f 3439 3440 3441
f 3442 3443 3444
f 3445 3446 3447
f 3448 3449 3450
f 3451 3452 3453
f 3454 3455 3456
f 3457 3458 3459
f 3460 3461 3462
f 3463 3464 3465
f 3466 3467 3468
f 3469 3470 3471
f 3472 3473 3474
f 3475 3476 3477
f 3478 3479 3480
f 3481 3482 3483
f 3484 3485 3486
f 3487 3488 3489
f 3490 3491 3492
f 3493 3494 3495
f 3496 3497 3498
f 3499 3500 3501
f 3502 3503 3504
f 3505 3506 3507
f 3508 3509 3510
f 3511 3512 3513
f 3514 3515 3516
f 3517 3518 3519
f 3520 3521 3522
f 3523 3524 3525
f 3526 3527 3528
f 3529 3530 3531
f 3532 3533 3534
f 3535 3536 3537
f 3538 3539 3540
f 3541 3542 3543
f 3544 3545 3546
f 3547 3548 3549
f 3550 3551 3552
f 3553 3554 3555
f 3556 3557 3558
f 3559 3560 3561
f 3562 3563 3564
f 3565 3566 3567
f 3568 3569 3570
f 3571 3572 3573
f 3574 3575 3576
f 3577 3578 3579
f 3580 3581 3582
f 3583 3584 3585
f 3586 3587 3588
f 3589 3590 3591
f 3592 3593 3594
f 3595 3596 3597
f 3598 3599 3600
f 3601 3602 3603
f 3604 3605 3606
f 3607 3608 3609
f 3610 3611 3612
f 3613 3614 3615
f 3616 3617 3618
f 3619 3620 3621
f 3622 3623 3624
f 3625 3626 3627
f 3628 3629 3630
f 3631 3632 3633
f 3634 3635 3636
f 3637 3638 3639
f 3640 3641 3642
f 3643 3644 3645
f 3646 3647 3648
f 3649 3650 3651
f 3652 3653 3654
f 3655 3656 3657
f 3658 3659 3660
f 3661 3662 3663
f 3664 3665 3666
f 3667 3668 3669
f 3670 3671 3672
f 3673 3674 3675
f 3676 3677 3678
f 3679 3680 3681
f 3682 3683 3684
f 3685 3686 3687
f 3688 3689 3690
f 3691 3692 3693
f 3694 3695 3696
f 3697 3698 3699
f 3700 3701 3702
f 3703 3704 3705
f 3706 3707 3708
f 3709 3710 3711
f 3712 3713 3714
f 3715 3716 3717
f 3718 3719 3720
f 3721 3722 3723
f 3724 3725 3726
f 3727 3728 3729
f 3730 3731 3732
f 3733 3734 3735
f 3736 3737 3738
f 3739 3740 3741
f 3742 3743 3744
f 3745 3746 3747
f 3748 3749 3750
f 3751 3752 3753
f 3754 3755 3756
f 3757 3758 3759
f 3760 3761 3762
f 3763 3764 3765
f 3766 3767 3768
f 3769 3770 3771
f 3772 3773 3774
f 3775 3776 3777
f 3778 3779 3780
f 3781 3782 3783
f 3784 3785 3786
f 3787 3788 3789
f 3790 3791 3792
f 3793 3794 3795
f 3796 3797 3798
f 3799 3800 3801
f 3802 3803 3804
f 3805 3806 3807
f 3808 3809 3810
f 3811 3812 3813
f 3814 3815 3816
f 3817 3818 3819
f 3820 3821 3822
f 3823 3824 3825
f 3826 3827 3828
f 3829 3830 3831
f 3832 3833 3834
f 3835 3836 3837
f 3838 3839 3840
f 3841 3842 3843
f 3844 3845 3846
f 3847 3848 3849
f 3850 3851 3852
f 3853 3854 3855
f 3856 3857 3858
f 3859 3860 3861
f 3862 3863 3864
f 3865 3866 3867
f 3868 3869 3870
f 3871 3872 3873
f 3874 3875 3876
f 3877 3878 3879
f 3880 3881 3882
f 3883 3884 3885
f 3886 3887 3888
f 3889 3890 3891
f 3892 3893 3894
f 3895 3896 3897
f 3898 3899 3900
f 3901 3902 3903
f 3904 3905 3906
f 3907 3908 3909
f 3910 3911 3912
f 3913 3914 3915
f 3916 3917 3918
f 3919 3920 3921
f 3922 3923 3924
f 3925 3926 3927
f 3928 3929 3930
f 3931 3932 3933
f 3934 3935 3936
f 3937 3938 3939
f 3940 3941 3942
f 3943 3944 3945
f 3946 3947 3948
f 3949 3950 3951
f 3952 3953 3954
f 3955 3956 3957
f 3958 3959 3960
f 3961 3962 3963
f 3964 3965 3966
f 3967 3968 3969
f 3970 3971 3972
f 3973 3974 3975
f 3976 3977 3978
f 3979 3980 3981
f 3982 3983 3984
f 3985 3986 3987
f 3988 3989 3990
f 3991 3992 3993
f 3994 3995 3996
f 3997 3998 3999
f 4000 4001 4002
f 4003 4004 4005
f 4006 4007 4008
f 4009 4010 4011
f 4012 4013 4014
f 4015 4016 4017
f 4018 4019 4020
f 4021 4022 4023
f 4024 4025 4026
f 4027 4028 4029
f 4030 4031 4032
f 4033 4034 4035
f 4036 4037 4038
f 4039 4040 4041
f 4042 4043 4044
f 4045 4046 4047
f 4048 4049 4050
f 4051 4052 4053
f 4054 4055 4056
f 4057 4058 4059
f 4060 4061 4062
f 4063 4064 4065
f 4066 4067 4068
f 4069 4070 4071
f 4072 4073 4074
f 4075 4076 4077
f 4078 4079 4080
f 4081 4082 4083
f 4084 4085 4086
f 4087 4088 4089
f 4090 4091 4092
f 4093 4094 4095
f 4096 4097 4098
f 4099 4100 4101
f 4102 4103 4104
f 4105 4106 4107
f 4108 4109 4110
f 4111 4112 4113
f 4114 4115 4116
f 4117 4118 4119
f 4120 4121 4122
f 4123 4124 4125
f 4126 4127 4128
f 4129 4130 4131
f 4132 4133 4134
f 4135 4136 4137
f 4138 4139 4140
f 4141 4142 4143
f 4144 4145 4146
f 4147 4148 4149
f 4150 4151 4152
f 4153 4154 4155
f 4156 4157 4158
f 4159 4160 4161
f 4162 4163 4164
f 4165 4166 4167
f 4168 4169 4170
f 4171 4172 4173
f 4174 4175 4176
f 4177 4178 4179
f 4180 4181 4182
f 4183 4184 4185
f 4186 4187 4188
f 4189 4190 4191
f 4192 4193 4194
f 4195 4196 4197
f 4198 4199 4200
f 4201 4202 4203
f 4204 4205 4206
f 4207 4208 4209
f 4210 4211 4212
f 4213 4214 4215
f 4216 4217 4218
f 4219 4220 4221
f 4222 4223 4224
f 4225 4226 4227
f 4228 4229 4230
f 4231 4232 4233
f 4234 4235 4236
f 4237 4238 4239
f 4240 4241 4242
f 4243 4244 4245
f 4246 4247 4248
f 4249 4250 4251
f 4252 4253 4254
f 4255 4256 4257
f 4258 4259 4260
f 4261 4262 4263
f 4264 4265 4266
f 4267 4268 4269
f 4270 4271 4272
f 4273 4274 4275
f 4276 4277 4278
f 4279 4280 4281
f 4282 4283 4284
f 4285 4286 4287
f 4288 4289 4290
f 4291 4292 4293
f 4294 4295 4296
f 4297 4298 4299
f 4300 4301 4302
f 4303 4304 4305
f 4306 4307 4308
f 4309 4310 4311
f 4312 4313 4314
f 4315 4316 4317
f 4318 4319 4320
f 4321 4322 4323
f 4324 4325 4326
f 4327 4328 4329
f 4330 4331 4332
f 4333 4334 4335
f 4336 4337 4338
f 4339 4340 4341
f 4342 4343 4344
f 4345 4346 4347
f 4348 4349 4350
f 4351 4352 4353
f 4354 4355 4356
f 4357 4358 4359
f 4360 4361 4362
f 4363 4364 4365
f 4366 4367 4368
f 4369 4370 4371
f 4372 4373 4374
f 4375 4376 4377
f 4378 4379 4380
f 4381 4382 4383
f 4384 4385 4386
f 4387 4388 4389
f 4390 4391 4392
f 4393 4394 4395
f 4396 4397 4398
f 4399 4400 4401
f 4402 4403 4404
f 4405 4406 4407
f 4408 4409 4410
f 4411 4412 4413
f 4414 4415 4416
f 4417 4418 4419
f 4420 4421 4422
f 4423 4424 4425
f 4426 4427 4428
f 4429 4430 4431
f 4432 4433 4434
f 4435 4436 4437
f 4438 4439 4440
f 4441 4442 4443
f 4444 4445 4446
f 4447 4448 4449
f 4450 4451 4452
f 4453 4454 4455
f 4456 4457 4458
f 4459 4460 4461
f 4462 4463 4464
f 4465 4466 4467
f 4468 4469 4470
f 4471 4472 4473
f 4474 4475 4476
f 4477 4478 4479
f 4480 4481 4482
f 4483 4484 4485
f 4486 4487 4488
f 4489 4490 4491
f 4492 4493 4494
f 4495 4496 4497
f 4498 4499 4500
f 4501 4502 4503
f 4504 4505 4506
f 4507 4508 4509
f 4510 4511 4512
f 4513 4514 4515
f 4516 4517 4518
f 4519 4520 4521
f 4522 4523 4524
f 4525 4526 4527
f 4528 4529 4530
f 4531 4532 4533
f 4534 4535 4536
f 4537 4538 4539
f 4540 4541 4542
f 4543 4544 4545
f 4546 4547 4548
f 4549 4550 4551
f 4552 4553 4554
f 4555 4556 4557
f 4558 4559 4560
f 4561 4562 4563
f 4564 4565 4566
f 4567 4568 4569
f 4570 4571 4572
f 4573 4574 4575
f 4576 4577 4578
f 4579 4580 4581
f 4582 4583 4584
f 4585 4586 4587
f 4588 4589 4590
f 4591 4592 4593
f 4594 4595 4596
f 4597 4598 4599
f 4600 4601 4602
f 4603 4604 4605
f 4606 4607 4608
f 4609 4610 4611
f 4612 4613 4614
f 4615 4616 4617
f 4618 4619 4620
f 4621 4622 4623
f 4624 4625 4626
f 4627 4628 4629
f 4630 4631 4632
f 4633 4634 4635
f 4636 4637 4638
f 4639 4640 4641
f 4642 4643 4644
f 4645 4646 4647
f 4648 4649 4650
f 4651 4652 4653
f 4654 4655 4656
f 4657 4658 4659
f 4660 4661 4662
f 4663 4664 4665
f 4666 4667 4668
f 4669 4670 4671
f 4672 4673 4674
f 4675 4676 4677
f 4678 4679 4680
f 4681 4682 4683
f 4684 4685 4686
f 4687 4688 4689
f 4690 4691 4692
f 4693 4694 4695
f 4696 4697 4698
f 4699 4700 4701
f 4702 4703 4704
f 4705 4706 4707
f 4708 4709 4710
f 4711 4712 4713
f 4714 4715 4716
f 4717 4718 4719
f 4720 4721 4722
f 4723 4724 4725
f 4726 4727 4728
f 4729 4730 4731
f 4732 4733 4734
f 4735 4736 4737
f 4738 4739 4740
f 4741 4742 4743
f 4744 4745 4746
f 4747 4748 4749
f 4750 4751 4752
f 4753 4754 4755
f 4756 4757 4758
f 4759 4760 4761
f 4762 4763 4764
f 4765 4766 4767
f 4768 4769 4770
f 4771 4772 4773
f 4774 4775 4776
f 4777 4778 4779
f 4780 4781 4782
f 4783 4784 4785
f 4786 4787 4788
f 4789 4790 4791
f 4792 4793 4794
f 4795 4796 4797
f 4798 4799 4800
f 4801 4802 4803
f 4804 4805 4806
f 4807 4808 4809
f 4810 4811 4812
f 4813 4814 4815
f 4816 4817 4818
f 4819 4820 4821
f 4822 4823 4824
f 4825 4826 4827
f 4828 4829 4830
f 4831 4832 4833
f 4834 4835 4836
f 4837 4838 4839
f 4840 4841 4842
f 4843 4844 4845
f 4846 4847 4848
f 4849 4850 4851
f 4852 4853 4854
f 4855 4856 4857
f 4858 4859 4860
f 4861 4862 4863
f 4864 4865 4866
f 4867 4868 4869
f 4870 4871 4872
f 4873 4874 4875
f 4876 4877 4878
f 4879 4880 4881
f 4882 4883 4884
f 4885 4886 4887
f 4888 4889 4890
f 4891 4892 4893
f 4894 4895 4896
f 4897 4898 4899
f 4900 4901 4902
f 4903 4904 4905
f 4906 4907 4908
f 4909 4910 4911
f 4912 4913 4914
f 4915 4916 4917
f 4918 4919 4920
f 4921 4922 4923
f 4924 4925 4926
f 4927 4928 4929
f 4930 4931 4932
f 4933 4934 4935
f 4936 4937 4938
f 4939 4940 4941
f 4942 4943 4944
f 4945 4946 4947
f 4948 4949 4950
f 4951 4952 4953
f 4954 4955 4956
f 4957 4958 4959
f 4960 4961 4962
f 4963 4964 4965
f 4966 4967 4968
f 4969 4970 4971
f 4972 4973 4974
f 4975 4976 4977
f 4978 4979 4980
f 4981 4982 4983
f 4984 4985 4986
f 4987 4988 4989
f 4990 4991 4992
f 4993 4994 4995
f 4996 4997 4998
f 4999 5000 5001
f 5002 5003 5004
f 5005 5006 5007
f 5008 5009 5010
f 5011 5012 5013
f 5014 5015 5016
f 5017 5018 5019
f 5020 5021 5022
f 5023 5024 5025
f 5026 5027 5028
f 5029 5030 5031
f 5032 5033 5034
f 5035 5036 5037
f 5038 5039 5040
f 5041 5042 5043
f 5044 5045 5046
f 5047 5048 5049
f 5050 5051 5052
f 5053 5054 5055
f 5056 5057 5058
f 5059 5060 5061
f 5062 5063 5064
f 5065 5066 5067
f 5068 5069 5070
f 5071 5072 5073
f 5074 5075 5076
f 5077 5078 5079
f 5080 5081 5082
f 5083 5084 5085
f 5086 5087 5088
f 5089 5090 5091
f 5092 5093 5094
f 5095 5096 5097
f 5098 5099 5100
f 5101 5102 5103
f 5104 5105 5106
f 5107 5108 5109
f 5110 5111 5112
f 5113 5114 5115
f 5116 5117 5118
f 5119 5120 5121
f 5122 5123 5124
f 5125 5126 5127
f 5128 5129 5130
f 5131 5132 5133
f 5134 5135 5136
f 5137 5138 5139
f 5140 5141 5142
f 5143 5144 5145
f 5146 5147 5148
f 5149 5150 5151
f 5152 5153 5154
f 5155 5156 5157
f 5158 5159 5160
f 5161 5162 5163
f 5164 5165 5166
f 5167 5168 5169
f 5170 5171 5172
f 5173 5174 5175
f 5176 5177 5178
f 5179 5180 5181
f 5182 5183 5184
f 5185 5186 5187
f 5188 5189 5190
f 5191 5192 5193
f 5194 5195 5196
f 5197 5198 5199
f 5200 5201 5202
f 5203 5204 5205
f 5206 5207 5208
f 5209 5210 5211
f 5212 5213 5214
f 5215 5216 5217
f 5218 5219 5220
f 5221 5222 5223
f 5224 5225 5226
f 5227 5228 5229
f 5230 5231 5232
f 5233 5234 5235
f 5236 5237 5238
f 5239 5240 5241
f 5242 5243 5244
f 5245 5246 5247
f 5248 5249 5250
f 5251 5252 5253
f 5254 5255 5256
f 5257 5258 5259
f 5260 5261 5262
f 5263 5264 5265
f 5266 5267 5268
f 5269 5270 5271
f 5272 5273 5274
f 5275 5276 5277
f 5278 5279 5280
f 5281 5282 5283
f 5284 5285 5286
f 5287 5288 5289
f 5290 5291 5292
f 5293 5294 5295
f 5296 5297 5298
f 5299 5300 5301
f 5302 5303 5304
f 5305 5306 5307
f 5308 5309 5310
f 5311 5312 5313
f 5314 5315 5316
f 5317 5318 5319
f 5320 5321 5322
f 5323 5324 5325
f 5326 5327 5328
f 5329 5330 5331
f 5332 5333 5334
f 5335 5336 5337
f 5338 5339 5340
f 5341 5342 5343
f 5344 5345 5346
f 5347 5348 5349
f 5350 5351 5352
f 5353 5354 5355
f 5356 5357 5358
f 5359 5360 5361
f 5362 5363 5364
f 5365 5366 5367
f 5368 5369 5370
f 5371 5372 5373
f 5374 5375 5376
f 5377 5378 5379
f 5380 5381 5382
f 5383 5384 5385
f 5386 5387 5388
f 5389 5390 5391
f 5392 5393 5394
f 5395 5396 5397
f 5398 5399 5400
f 5401 5402 5403
f 5404 5405 5406
f 5407 5408 5409
f 5410 5411 5412
f 5413 5414 5415
f 5416 5417 5418
f 5419 5420 5421
f 5422 5423 5424
f 5425 5426 5427
f 5428 5429 5430
f 5431 5432 5433
f 5434 5435 5436
f 5437 5438 5439
f 5440 5441 5442
f 5443 5444 5445
f 5446 5447 5448
f 5449 5450 5451
f 5452 5453 5454
f 5455 5456 5457
f 5458 5459 5460
f 5461 5462 5463
f 5464 5465 5466
f 5467 5468 5469
f 5470 5471 5472
f 5473 5474 5475
f 5476 5477 5478
f 5479 5480 5481
f 5482 5483 5484
f 5485 5486 5487
f 5488 5489 5490
f 5491 5492 5493
f 5494 5495 5496
f 5497 5498 5499
f 5500 5501 5502
f 5503 5504 5505
f 5506 5507 5508
f 5509 5510 5511
f 5512 5513 5514
f 5515 5516 5517
f 5518 5519 5520
f 5521 5522 5523
f 5524 5525 5526
f 5527 5528 5529
f 5530 5531 5532
f 5533 5534 5535
f 5536 5537 5538
f 5539 5540 5541
f 5542 5543 5544
f 5545 5546 5547
f 5548 5549 5550
f 5551 5552 5553
f 5554 5555 5556
f 5557 5558 5559
f 5560 5561 5562
f 5563 5564 5565
f 5566 5567 5568
f 5569 5570 5571
f 5572 5573 5574
f 5575 5576 5577
f 5578 5579 5580
f 5581 5582 5583
f 5584 5585 5586
f 5587 5588 5589
f 5590 5591 5592
f 5593 5594 5595
f 5596 5597 5598
f 5599 5600 5601
f 5602 5603 5604
f 5605 5606 5607
f 5608 5609 5610
f 5611 5612 5613
f 5614 5615 5616
f 5617 5618 5619
f 5620 5621 5622
f 5623 5624 5625
f 5626 5627 5628
f 5629 5630 5631
f 5632 5633 5634
f 5635 5636 5637
f 5638 5639 5640
f 5641 5642 5643
f 5644 5645 5646
f 5647 5648 5649
f 5650 5651 5652
f 5653 5654 5655
f 5656 5657 5658
f 5659 5660 5661
f 5662 5663 5664
f 5665 5666 5667
f 5668 5669 5670
f 5671 5672 5673
f 5674 5675 5676
f 5677 5678 5679
f 5680 5681 5682
f 5683 5684 5685
f 5686 5687 5688
f 5689 5690 5691
f 5692 5693 5694
f 5695 5696 5697
f 5698 5699 5700
f 5701 5702 5703
f 5704 5705 5706
f 5707 5708 5709
f 5710 5711 5712
f 5713 5714 5715
f 5716 5717 5718
f 5719 5720 5721
f 5722 5723 5724
f 5725 5726 5727
f 5728 5729 5730
f 5731 5732 5733
f 5734 5735 5736
f 5737 5738 5739
f 5740 5741 5742
f 5743 5744 5745
f 5746 5747 5748
f 5749 5750 5751
f 5752 5753 5754
f 5755 5756 5757
f 5758 5759 5760
f 5761 5762 5763
f 5764 5765 5766
f 5767 5768 5769
f 5770 5771 5772
f 5773 5774 5775
f 5776 5777 5778
f 5779 5780 5781
f 5782 5783 5784
f 5785 5786 5787
f 5788 5789 5790
f 5791 5792 5793
f 5794 5795 5796
f 5797 5798 5799
f 5800 5801 5802
f 5803 5804 5805
f 5806 5807 5808
f 5809 5810 5811
f 5812 5813 5814
f 5815 5816 5817
f 5818 5819 5820
f 5821 5822 5823
f 5824 5825 5826
f 5827 5828 5829
f 5830 5831 5832
f 5833 5834 5835
f 5836 5837 5838
f 5839 5840 5841
f 5842 5843 5844
f 5845 5846 5847
f 5848 5849 5850
f 5851 5852 5853
f 5854 5855 5856
f 5857 5858 5859
f 5860 5861 5862
f 5863 5864 5865
f 5866 5867 5868
f 5869 5870 5871
f 5872 5873 5874
f 5875 5876 5877
f 5878 5879 5880
f 5881 5882 5883
f 5884 5885 5886
f 5887 5888 5889
f 5890 5891 5892
f 5893 5894 5895
f 5896 5897 5898
f 5899 5900 5901
f 5902 5903 5904
f 5905 5906 5907
f 5908 5909 5910
f 5911 5912 5913
f 5914 5915 5916
f 5917 5918 5919
f 5920 5921 5922
f 5923 5924 5925
f 5926 5927 5928
f 5929 5930 5931
f 5932 5933 5934
f 5935 5936 5937
f 5938 5939 5940
f 5941 5942 5943
f 5944 5945 5946
f 5947 5948 5949
f 5950 5951 5952
f 5953 5954 5955
f 5956 5957 5958
f 5959 5960 5961
f 5962 5963 5964
f 5965 5966 5967
f 5968 5969 5970
f 5971 5972 5973
f 5974 5975 5976
f 5977 5978 5979
f 5980 5981 5982
f 5983 5984 5985
f 5986 5987 5988
f 5989 5990 5991
f 5992 5993 5994
f 5995 5996 5997
f 5998 5999 6000
f 6001 6002 6003
f 6004 6005 6006
f 6007 6008 6009
f 6010 6011 6012
f 6013 6014 6015
f 6016 6017 6018
f 6019 6020 6021
f 6022 6023 6024
f 6025 6026 6027
f 6028 6029 6030
f 6031 6032 6033
f 6034 6035 6036
f 6037 6038 6039
f 6040 6041 6042
f 6043 6044 6045
f 6046 6047 6048
f 6049 6050 6051
f 6052 6053 6054
f 6055 6056 6057
f 6058 6059 6060
f 6061 6062 6063
f 6064 6065 6066
f 6067 6068 6069
f 6070 6071 6072
f 6073 6074 6075
f 6076 6077 6078
f 6079 6080 6081
f 6082 6083 6084
f 6085 6086 6087
f 6088 6089 6090
f 6091 6092 6093
f 6094 6095 6096
f 6097 6098 6099
f 6100 6101 6102
f 6103 6104 6105
f 6106 6107 6108
f 6109 6110 6111
f 6112 6113 6114
f 6115 6116 6117
f 6118 6119 6120
f 6121 6122 6123
f 6124 6125 6126
f 6127 6128 6129
f 6130 6131 6132
f 6133 6134 6135
f 6136 6137 6138
f 6139 6140 6141
f 6142 6143 6144
f 6145 6146 6147
f 6148 6149 6150
f 6151 6152 6153
f 6154 6155 6156
f 6157 6158 6159
f 6160 6161 6162
f 6163 6164 6165
f 6166 6167 6168
f 6169 6170 6171
f 6172 6173 6174
f 6175 6176 6177
f 6178 6179 6180
f 6181 6182 6183
f 6184 6185 6186
f 6187 6188 6189
f 6190 6191 6192
f 6193 6194 6195
f 6196 6197 6198
f 6199 6200 6201
f 6202 6203 6204
f 6205 6206 6207
f 6208 6209 6210
f 6211 6212 6213
f 6214 6215 6216
f 6217 6218 6219
f 6220 6221 6222
f 6223 6224 6225
f 6226 6227 6228
f 6229 6230 6231
f 6232 6233 6234
f 6235 6236 6237
f 6238 6239 6240
f 6241 6242 6243
f 6244 6245 6246
f 6247 6248 6249
f 6250 6251 6252
f 6253 6254 6255
f 6256 6257 6258
f 6259 6260 6261
f 6262 6263 6264
f 6265 6266 6267
f 6268 6269 6270
f 6271 6272 6273
f 6274 6275 6276
f 6277 6278 6279
f 6280 6281 6282
f 6283 6284 6285
f 6286 6287 6288
f 6289 6290 6291
f 6292 6293 6294
f 6295 6296 6297
f 6298 6299 6300
f 6301 6302 6303
f 6304 6305 6306
f 6307 6308 6309
f 6310 6311 6312
f 6313 6314 6315
f 6316 6317 6318
f 6319 6320 6321
f 6322 6323 6324
f 6325 6326 6327
f 6328 6329 6330
f 6331 6332 6333
f 6334 6335 6336
f 6337 6338 6339
f 6340 6341 6342
f 6343 6344 6345
f 6346 6347 6348
f 6349 6350 6351
f 6352 6353 6354
f 6355 6356 6357
f 6358 6359 6360
f 6361 6362 6363
f 6364 6365 6366
f 6367 6368 6369
f 6370 6371 6372
f 6373 6374 6375
f 6376 6377 6378
f 6379 6380 6381
f 6382 6383 6384
f 6385 6386 6387
f 6388 6389 6390
f 6391 6392 6393
f 6394 6395 6396
f 6397 6398 6399
f 6400 6401 6402
f 6403 6404 6405
f 6406 6407 6408
f 6409 6410 6411
f 6412 6413 6414
f 6415 6416 6417
f 6418 6419 6420
f 6421 6422 6423
f 6424 6425 6426
f 6427 6428 6429
f 6430 6431 6432
f 6433 6434 6435
f 6436 6437 6438
f 6439 6440 6441
f 6442 6443 6444
f 6445 6446 6447
f 6448 6449 6450
f 6451 6452 6453
f 6454 6455 6456
f 6457 6458 6459
f 6460 6461 6462
f 6463 6464 6465
f 6466 6467 6468
f 6469 6470 6471
f 6472 6473 6474
f 6475 6476 6477
f 6478 6479 6480
f 6481 6482 6483
f 6484 6485 6486
f 6487 6488 6489
f 6490 6491 6492
f 6493 6494 6495
f 6496 6497 6498
f 6499 6500 6501
f 6502 6503 6504
f 6505 6506 6507
f 6508 6509 6510
f 6511 6512 6513
f 6514 6515 6516
f 6517 6518 6519
f 6520 6521 6522
f 6523 6524 6525
f 6526 6527 6528
f 6529 6530 6531
f 6532 6533 6534
f 6535 6536 6537
f 6538 6539 6540
f 6541 6542 6543
f 6544 6545 6546
f 6547 6548 6549
f 6550 6551 6552
f 6553 6554 6555
f 6556 6557 6558
f 6559 6560 6561
f 6562 6563 6564
f 6565 6566 6567
f 6568 6569 6570
f 6571 6572 6573
f 6574 6575 6576
f 6577 6578 6579
f 6580 6581 6582
f 6583 6584 6585
f 6586 6587 6588
f 6589 6590 6591
f 6592 6593 6594
f 6595 6596 6597
f 6598 6599 6600
f 6601 6602 6603
f 6604 6605 6606
f 6607 6608 6609
f 6610 6611 6612
f 6613 6614 6615
f 6616 6617 6618
f 6619 6620 6621
f 6622 6623 6624
f 6625 6626 6627
f 6628 6629 6630
f 6631 6632 6633
f 6634 6635 6636
f 6637 6638 6639
f 6640 6641 6642
f 6643 6644 6645
f 6646 6647 6648
f 6649 6650 6651
f 6652 6653 6654
f 6655 6656 6657
f 6658 6659 6660
f 6661 6662 6663
f 6664 6665 6666
f 6667 6668 6669
f 6670 6671 6672
f 6673 6674 6675
f 6676 6677 6678
f 6679 6680 6681
f 6682 6683 6684
f 6685 6686 6687
f 6688 6689 6690
f 6691 6692 6693
f 6694 6695 6696
f 6697 6698 6699
f 6700 6701 6702
f 6703 6704 6705
f 6706 6707 6708
f 6709 6710 6711
f 6712 6713 6714
f 6715 6716 6717
f 6718 6719 6720
f 6721 6722 6723
f 6724 6725 6726
f 6727 6728 6729
f 6730 6731 6732
f 6733 6734 6735
f 6736 6737 6738
f 6739 6740 6741
f 6742 6743 6744
f 6745 6746 6747
f 6748 6749 6750
f 6751 6752 6753
f 6754 6755 6756
f 6757 6758 6759
f 6760 6761 6762
f 6763 6764 6765
f 6766 6767 6768
f 6769 6770 6771
f 6772 6773 6774
f 6775 6776 6777
f 6778 6779 6780
f 6781 6782 6783
f 6784 6785 6786
f 6787 6788 6789
f 6790 6791 6792
f 6793 6794 6795
f 6796 6797 6798
f 6799 6800 6801
f 6802 6803 6804
f 6805 6806 6807
f 6808 6809 6810
f 6811 6812 6813
f 6814 6815 6816
f 6817 6818 6819
f 6820 6821 6822
f 6823 6824 6825
f 6826 6827 6828
f 6829 6830 6831
f 6832 6833 6834
f 6835 6836 6837
f 6838 6839 6840
f 6841 6842 6843
f 6844 6845 6846
f 6847 6848 6849
f 6850 6851 6852
f 6853 6854 6855
f 6856 6857 6858
f 6859 6860 6861
f 6862 6863 6864
f 6865 6866 6867
f 6868 6869 6870
f 6871 6872 6873
f 6874 6875 6876
f 6877 6878 6879
f 6880 6881 6882
f 6883 6884 6885
f 6886 6887 6888
f 6889 6890 6891
f 6892 6893 6894
f 6895 6896 6897
f 6898 6899 6900
f 6901 6902 6903
f 6904 6905 6906
f 6907 6908 6909
f 6910 6911 6912
f 6913 6914 6915
f 6916 6917 6918
f 6919 6920 6921
f 6922 6923 6924
f 6925 6926 6927
f 6928 6929 6930
f 6931 6932 6933
f 6934 6935 6936
f 6937 6938 6939
f 6940 6941 6942
f 6943 6944 6945
f 6946 6947 6948
f 6949 6950 6951
f 6952 6953 6954
f 6955 6956 6957
f 6958 6959 6960
f 6961 6962 6963
f 6964 6965 6966
f 6967 6968 6969
f 6970 6971 6972
f 6973 6974 6975
f 6976 6977 6978
f 6979 6980 6981
f 6982 6983 6984
f 6985 6986 6987
f 6988 6989 6990
f 6991 6992 6993
f 6994 6995 6996
f 6997 6998 6999
f 7000 7001 7002
f 7003 7004 7005
f 7006 7007 7008
f 7009 7010 7011
f 7012 7013 7014
f 7015 7016 7017
f 7018 7019 7020
f 7021 7022 7023
f 7024 7025 7026
f 7027 7028 7029
f 7030 7031 7032
f 7033 7034 7035
f 7036 7037 7038
f 7039 7040 7041
f 7042 7043 7044
f 7045 7046 7047
f 7048 7049 7050
f 7051 7052 7053
f 7054 7055 7056
f 7057 7058 7059
f 7060 7061 7062
f 7063 7064 7065
f 7066 7067 7068
f 7069 7070 7071
f 7072 7073 7074
f 7075 7076 7077
f 7078 7079 7080
f 7081 7082 7083
f 7084 7085 7086
f 7087 7088 7089
f 7090 7091 7092
f 7093 7094 7095
f 7096 7097 7098
f 7099 7100 7101
f 7102 7103 7104
f 7105 7106 7107
f 7108 7109 7110
f 7111 7112 7113
f 7114 7115 7116
f 7117 7118 7119
f 7120 7121 7122
f 7123 7124 7125
f 7126 7127 7128
f 7129 7130 7131
f 7132 7133 7134
f 7135 7136 7137
f 7138 7139 7140
f 7141 7142 7143
f 7144 7145 7146
f 7147 7148 7149
f 7150 7151 7152
f 7153 7154 7155
f 7156 7157 7158
f 7159 7160 7161
f 7162 7163 7164
f 7165 7166 7167
f 7168 7169 7170
f 7171 7172 7173
f 7174 7175 7176
f 7177 7178 7179
f 7180 7181 7182
f 7183 7184 7185
f 7186 7187 7188
f 7189 7190 7191
f 7192 7193 7194
f 7195 7196 7197
f 7198 7199 7200
f 7201 7202 7203
f 7204 7205 7206
f 7207 7208 7209
f 7210 7211 7212
f 7213 7214 7215
f 7216 7217 7218
f 7219 7220 7221
f 7222 7223 7224
f 7225 7226 7227
f 7228 7229 7230
f 7231 7232 7233
f 7234 7235 7236
f 7237 7238 7239
f 7240 7241 7242
f 7243 7244 7245
f 7246 7247 7248
f 7249 7250 7251
f 7252 7253 7254
f 7255 7256 7257
f 7258 7259 7260
f 7261 7262 7263
f 7264 7265 7266
f 7267 7268 7269
f 7270 7271 7272
f 7273 7274 7275
f 7276 7277 7278
f 7279 7280 7281
f 7282 7283 7284
f 7285 7286 7287
f 7288 7289 7290
f 7291 7292 7293
f 7294 7295 7296
f 7297 7298 7299
f 7300 7301 7302
f 7303 7304 7305
f 7306 7307 7308
f 7309 7310 7311
f 7312 7313 7314
f 7315 7316 7317
f 7318 7319 7320
f 7321 7322 7323
f 7324 7325 7326
f 7327 7328 7329
f 7330 7331 7332
f 7333 7334 7335
f 7336 7337 7338
f 7339 7340 7341
f 7342 7343 7344
f 7345 7346 7347
f 7348 7349 7350
f 7351 7352 7353
f 7354 7355 7356
f 7357 7358 7359
f 7360 7361 7362
f 7363 7364 7365
f 7366 7367 7368
f 7369 7370 7371
f 7372 7373 7374
f 7375 7376 7377
f 7378 7379 7380
f 7381 7382 7383
f 7384 7385 7386
f 7387 7388 7389
f 7390 7391 7392
f 7393 7394 7395
f 7396 7397 7398
f 7399 7400 7401
f 7402 7403 7404
f 7405 7406 7407
f 7408 7409 7410
f 7411 7412 7413
f 7414 7415 7416
f 7417 7418 7419
f 7420 7421 7422
f 7423 7424 7425
f 7426 7427 7428
f 7429 7430 7431
f 7432 7433 7434
f 7435 7436 7437
f 7438 7439 7440
f 7441 7442 7443
f 7444 7445 7446
f 7447 7448 7449
f 7450 7451 7452
f 7453 7454 7455
f 7456 7457 7458
f 7459 7460 7461
f 7462 7463 7464
f 7465 7466 7467
f 7468 7469 7470
f 7471 7472 7473
f 7474 7475 7476
f 7477 7478 7479
f 7480 7481 7482
f 7483 7484 7485
f 7486 7487 7488
f 7489 7490 7491
f 7492 7493 7494
f 7495 7496 7497
f 7498 7499 7500
f 7501 7502 7503
f 7504 7505 7506
f 7507 7508 7509
f 7510 7511 7512
f 7513 7514 7515
f 7516 7517 7518
f 7519 7520 7521
f 7522 7523 7524
f 7525 7526 7527
f 7528 7529 7530
f 7531 7532 7533
f 7534 7535 7536
f 7537 7538 7539
f 7540 7541 7542
f 7543 7544 7545
f 7546 7547 7548
f 7549 7550 7551
f 7552 7553 7554
f 7555 7556 7557
f 7558 7559 7560
f 7561 7562 7563
f 7564 7565 7566
f 7567 7568 7569
f 7570 7571 7572
f 7573 7574 7575
f 7576 7577 7578
f 7579 7580 7581
f 7582 7583 7584
f 7585 7586 7587
f 7588 7589 7590
f 7591 7592 7593
f 7594 7595 7596
f 7597 7598 7599
f 7600 7601 7602
f 7603 7604 7605
f 7606 7607 7608
f 7609 7610 7611
f 7612 7613 7614
f 7615 7616 7617
f 7618 7619 7620
f 7621 7622 7623
f 7624 7625 7626
f 7627 7628 7629
f 7630 7631 7632
f 7633 7634 7635
f 7636 7637 7638
f 7639 7640 7641
f 7642 7643 7644
f 7645 7646 7647
f 7648 7649 7650
f 7651 7652 7653
f 7654 7655 7656
f 7657 7658 7659
f 7660 7661 7662
f 7663 7664 7665
f 7666 7667 7668
f 7669 7670 7671
f 7672 7673 7674
f 7675 7676 7677
f 7678 7679 7680
f 7681 7682 7683
f 7684 7685 7686
f 7687 7688 7689
f 7690 7691 7692
f 7693 7694 7695
f 7696 7697 7698
f 7699 7700 7701
f 7702 7703 7704
f 7705 7706 7707
f 7708 7709 7710
f 7711 7712 7713
f 7714 7715 7716
f 7717 7718 7719
f 7720 7721 7722
f 7723 7724 7725
f 7726 7727 7728
f 7729 7730 7731
f 7732 7733 7734
f 7735 7736 7737
f 7738 7739 7740
f 7741 7742 7743
f 7744 7745 7746
f 7747 7748 7749
f 7750 7751 7752
f 7753 7754 7755
f 7756 7757 7758
f 7759 7760 7761
f 7762 7763 7764
f 7765 7766 7767
f 7768 7769 7770
f 7771 7772 7773
f 7774 7775 7776
f 7777 7778 7779
f 7780 7781 7782
f 7783 7784 7785
f 7786 7787 7788
f 7789 7790 7791
f 7792 7793 7794
f 7795 7796 7797
f 7798 7799 7800
f 7801 7802 7803
f 7804 7805 7806
f 7807 7808 7809
f 7810 7811 7812
f 7813 7814 7815
f 7816 7817 7818
f 7819 7820 7821
f 7822 7823 7824
f 7825 7826 7827
f 7828 7829 7830
f 7831 7832 7833
f 7834 7835 7836
f 7837 7838 7839
f 7840 7841 7842
f 7843 7844 7845
f 7846 7847 7848
f 7849 7850 7851
f 7852 7853 7854
f 7855 7856 7857
f 7858 7859 7860
f 7861 7862 7863
f 7864 7865 7866
f 7867 7868 7869
f 7870 7871 7872
f 7873 7874 7875
f 7876 7877 7878
f 7879 7880 7881
f 7882 7883 7884
f 7885 7886 7887
f 7888 7889 7890
f 7891 7892 7893
f 7894 7895 7896
f 7897 7898 7899
f 7900 7901 7902
f 7903 7904 7905
f 7906 7907 7908
f 7909 7910 7911
f 7912 7913 7914
f 7915 7916 7917
f 7918 7919 7920
f 7921 7922 7923
f 7924 7925 7926
f 7927 7928 7929
f 7930 7931 7932
f 7933 7934 7935
f 7936 7937 7938
f 7939 7940 7941
f 7942 7943 7944
f 7945 7946 7947
f 7948 7949 7950
f 7951 7952 7953
f 7954 7955 7956
f 7957 7958 7959
f 7960 7961 7962
f 7963 7964 7965
f 7966 7967 7968
f 7969 7970 7971
f 7972 7973 7974
f 7975 7976 7977
f 7978 7979 7980
f 7981 7982 7983
f 7984 7985 7986
f 7987 7988 7989
f 7990 7991 7992
f 7993 7994 7995
f 7996 7997 7998
f 7999 8000 8001
f 8002 8003 8004
f 8005 8006 8007
f 8008 8009 8010
f 8011 8012 8013
f 8014 8015 8016
f 8017 8018 8019
f 8020 8021 8022
f 8023 8024 8025
f 8026 8027 8028
f 8029 8030 8031
f 8032 8033 8034
f 8035 8036 8037
f 8038 8039 8040
f 8041 8042 8043
f 8044 8045 8046
f 8047 8048 8049
f 8050 8051 8052
f 8053 8054 8055
f 8056 8057 8058
f 8059 8060 8061
f 8062 8063 8064
f 8065 8066 8067
f 8068 8069 8070
f 8071 8072 8073
f 8074 8075 8076
f 8077 8078 8079
f 8080 8081 8082
f 8083 8084 8085
f 8086 8087 8088
f 8089 8090 8091
f 8092 8093 8094
f 8095 8096 8097
f 8098 8099 8100
f 8101 8102 8103
f 8104 8105 8106
f 8107 8108 8109
f 8110 8111 8112
f 8113 8114 8115
f 8116 8117 8118
f 8119 8120 8121
f 8122 8123 8124
f 8125 8126 8127
f 8128 8129 8130
f 8131 8132 8133
f 8134 8135 8136
f 8137 8138 8139
f 8140 8141 8142
f 8143 8144 8145
f 8146 8147 8148
f 8149 8150 8151
f 8152 8153 8154
f 8155 8156 8157
f 8158 8159 8160
f 8161 8162 8163
f 8164 8165 8166
f 8167 8168 8169
f 8170 8171 8172
f 8173 8174 8175
f 8176 8177 8178
f 8179 8180 8181
f 8182 8183 8184
f 8185 8186 8187
f 8188 8189 8190
f 8191 8192 8193
f 8194 8195 8196
f 8197 8198 8199
f 8200 8201 8202
f 8203 8204 8205
f 8206 8207 8208
f 8209 8210 8211
f 8212 8213 8214
f 8215 8216 8217
f 8218 8219 8220
f 8221 8222 8223
f 8224 8225 8226
f 8227 8228 8229
f 8230 8231 8232
f 8233 8234 8235
f 8236 8237 8238
f 8239 8240 8241
f 8242 8243 8244
f 8245 8246 8247
f 8248 8249 8250
f 8251 8252 8253
f 8254 8255 8256
f 8257 8258 8259
f 8260 8261 8262
f 8263 8264 8265
f 8266 8267 8268
f 8269 8270 8271
f 8272 8273 8274
f 8275 8276 8277
f 8278 8279 8280
f 8281 8282 8283
f 8284 8285 8286
f 8287 8288 8289
f 8290 8291 8292
f 8293 8294 8295
f 8296 8297 8298
f 8299 8300 8301
f 8302 8303 8304
f 8305 8306 8307
f 8308 8309 8310
f 8311 8312 8313
f 8314 8315 8316
f 8317 8318 8319
f 8320 8321 8322
f 8323 8324 8325
f 8326 8327 8328
f 8329 8330 8331
f 8332 8333 8334
f 8335 8336 8337
f 8338 8339 8340
f 8341 8342 8343
f 8344 8345 8346
f 8347 8348 8349
f 8350 8351 8352
f 8353 8354 8355
f 8356 8357 8358
f 8359 8360 8361
f 8362 8363 8364
f 8365 8366 8367
f 8368 8369 8370
f 8371 8372 8373
f 8374 8375 8376
f 8377 8378 8379
f 8380 8381 8382
f 8383 8384 8385
f 8386 8387 8388
f 8389 8390 8391
f 8392 8393 8394
f 8395 8396 8397
f 8398 8399 8400
f 8401 8402 8403
f 8404 8405 8406
f 8407 8408 8409
f 8410 8411 8412
f 8413 8414 8415
f 8416 8417 8418
f 8419 8420 8421
f 8422 8423 8424
f 8425 8426 8427
f 8428 8429 8430
f 8431 8432 8433
f 8434 8435 8436
f 8437 8438 8439
f 8440 8441 8442
f 8443 8444 8445
f 8446 8447 8448
f 8449 8450 8451
f 8452 8453 8454
f 8455 8456 8457
f 8458 8459 8460
f 8461 8462 8463
f 8464 8465 8466
f 8467 8468 8469
f 8470 8471 8472
f 8473 8474 8475
f 8476 8477 8478
f 8479 8480 8481
f 8482 8483 8484
f 8485 8486 8487
f 8488 8489 8490
f 8491 8492 8493
f 8494 8495 8496
f 8497 8498 8499
f 8500 8501 8502
f 8503 8504 8505
f 8506 8507 8508
f 8509 8510 8511
f 8512 8513 8514
f 8515 8516 8517
f 8518 8519 8520
f 8521 8522 8523
f 8524 8525 8526
f 8527 8528 8529
f 8530 8531 8532
f 8533 8534 8535
f 8536 8537 8538
f 8539 8540 8541
f 8542 8543 8544
f 8545 8546 8547
f 8548 8549 8550
f 8551 8552 8553
f 8554 8555 8556
f 8557 8558 8559
f 8560 8561 8562
f 8563 8564 8565
f 8566 8567 8568
f 8569 8570 8571
f 8572 8573 8574
f 8575 8576 8577
f 8578 8579 8580
f 8581 8582 8583
f 8584 8585 8586
f 8587 8588 8589
f 8590 8591 8592
f 8593 8594 8595
f 8596 8597 8598
f 8599 8600 8601
f 8602 8603 8604
f 8605 8606 8607
f 8608 8609 8610
f 8611 8612 8613
f 8614 8615 8616
f 8617 8618 8619
f 8620 8621 8622
f 8623 8624 8625
f 8626 8627 8628
f 8629 8630 8631
f 8632 8633 8634
f 8635 8636 8637
f 8638 8639 8640
f 8641 8642 8643
f 8644 8645 8646
f 8647 8648 8649
f 8650 8651 8652
f 8653 8654 8655
f 8656 8657 8658
f 8659 8660 8661
f 8662 8663 8664
f 8665 8666 8667
f 8668 8669 8670
f 8671 8672 8673
f 8674 8675 8676
f 8677 8678 8679
f 8680 8681 8682
f 8683 8684 8685
f 8686 8687 8688
f 8689 8690 8691
f 8692 8693 8694
f 8695 8696 8697
f 8698 8699 8700
f 8701 8702 8703
f 8704 8705 8706
f 8707 8708 8709
f 8710 8711 8712
f 8713 8714 8715
f 8716 8717 8718
f 8719 8720 8721
f 8722 8723 8724
f 8725 8726 8727
f 8728 8729 8730
f 8731 8732 8733
f 8734 8735 8736
f 8737 8738 8739
f 8740 8741 8742
f 8743 8744 8745
f 8746 8747 8748
f 8749 8750 8751
f 8752 8753 8754
f 8755 8756 8757
f 8758 8759 8760
f 8761 8762 8763
f 8764 8765 8766
f 8767 8768 8769
f 8770 8771 8772
f 8773 8774 8775
f 8776 8777 8778
f 8779 8780 8781
f 8782 8783 8784
f 8785 8786 8787
f 8788 8789 8790
f 8791 8792 8793
f 8794 8795 8796
f 8797 8798 8799
f 8800 8801 8802
f 8803 8804 8805
f 8806 8807 8808
f 8809 8810 8811
f 8812 8813 8814
f 8815 8816 8817
f 8818 8819 8820
f 8821 8822 8823
f 8824 8825 8826
f 8827 8828 8829
f 8830 8831 8832
f 8833 8834 8835
f 8836 8837 8838
f 8839 8840 8841
f 8842 8843 8844
f 8845 8846 8847
f 8848 8849 8850
f 8851 8852 8853
f 8854 8855 8856
f 8857 8858 8859
f 8860 8861 8862
f 8863 8864 8865
f 8866 8867 8868
f 8869 8870 8871
f 8872 8873 8874
f 8875 8876 8877
f 8878 8879 8880
f 8881 8882 8883
f 8884 8885 8886
f 8887 8888 8889
f 8890 8891 8892
f 8893 8894 8895
f 8896 8897 8898
f 8899 8900 8901
f 8902 8903 8904
f 8905 8906 8907
f 8908 8909 8910
f 8911 8912 8913
f 8914 8915 8916
f 8917 8918 8919
f 8920 8921 8922
f 8923 8924 8925
f 8926 8927 8928
f 8929 8930 8931
f 8932 8933 8934
f 8935 8936 8937
f 8938 8939 8940
f 8941 8942 8943
f 8944 8945 8946
f 8947 8948 8949
f 8950 8951 8952
f 8953 8954 8955
f 8956 8957 8958
f 8959 8960 8961
f 8962 8963 8964
f 8965 8966 8967
f 8968 8969 8970
f 8971 8972 8973
f 8974 8975 8976
f 8977 8978 8979
f 8980 8981 8982
f 8983 8984 8985
f 8986 8987 8988
f 8989 8990 8991
f 8992 8993 8994
f 8995 8996 8997
f 8998 8999 9000
f 9001 9002 9003
f 9004 9005 9006
f 9007 9008 9009
f 9010 9011 9012
f 9013 9014 9015
f 9016 9017 9018
f 9019 9020 9021
f 9022 9023 9024
f 9025 9026 9027
f 9028 9029 9030
f 9031 9032 9033
f 9034 9035 9036
f 9037 9038 9039
f 9040 9041 9042
f 9043 9044 9045
f 9046 9047 9048
f 9049 9050 9051
f 9052 9053 9054
f 9055 9056 9057
f 9058 9059 9060
f 9061 9062 9063
f 9064 9065 9066
f 9067 9068 9069
f 9070 9071 9072
f 9073 9074 9075
f 9076 9077 9078
f 9079 9080 9081
f 9082 9083 9084
f 9085 9086 9087
f 9088 9089 9090
f 9091 9092 9093
f 9094 9095 9096
f 9097 9098 9099
f 9100 9101 9102
f 9103 9104 9105
f 9106 9107 9108
f 9109 9110 9111
f 9112 9113 9114
f 9115 9116 9117
f 9118 9119 9120
f 9121 9122 9123
f 9124 9125 9126
f 9127 9128 9129
f 9130 9131 9132
f 9133 9134 9135
f 9136 9137 9138
f 9139 9140 9141
f 9142 9143 9144
f 9145 9146 9147
f 9148 9149 9150
f 9151 9152 9153
f 9154 9155 9156
f 9157 9158 9159
f 9160 9161 9162
f 9163 9164 9165
f 9166 9167 9168
f 9169 9170 9171
f 9172 9173 9174
f 9175 9176 9177
f 9178 9179 9180
f 9181 9182 9183
f 9184 9185 9186
f 9187 9188 9189
f 9190 9191 9192
f 9193 9194 9195
f 9196 9197 9198
f 9199 9200 9201
f 9202 9203 9204
f 9205 9206 9207
f 9208 9209 9210
f 9211 9212 9213
f 9214 9215 9216
f 9217 9218 9219
f 9220 9221 9222
f 9223 9224 9225
f 9226 9227 9228
f 9229 9230 9231
f 9232 9233 9234
f 9235 9236 9237
f 9238 9239 9240
f 9241 9242 9243
f 9244 9245 9246
f 9247 9248 9249
f 9250 9251 9252
f 9253 9254 9255
f 9256 9257 9258
f 9259 9260 9261
f 9262 9263 9264
f 9265 9266 9267
f 9268 9269 9270
f 9271 9272 9273
f 9274 9275 9276
f 9277 9278 9279
f 9280 9281 9282
f 9283 9284 9285
f 9286 9287 9288
f 9289 9290 9291
f 9292 9293 9294
f 9295 9296 9297
f 9298 9299 9300
f 9301 9302 9303
f 9304 9305 9306
f 9307 9308 9309
f 9310 9311 9312
f 9313 9314 9315
f 9316 9317 9318
f 9319 9320 9321
f 9322 9323 9324
f 9325 9326 9327
f 9328 9329 9330
f 9331 9332 9333
f 9334 9335 9336
f 9337 9338 9339
f 9340 9341 9342
f 9343 9344 9345
f 9346 9347 9348
f 9349 9350 9351
f 9352 9353 9354
f 9355 9356 9357
f 9358 9359 9360
f 9361 9362 9363
f 9364 9365 9366
f 9367 9368 9369
f 9370 9371 9372
f 9373 9374 9375
f 9376 9377 9378
f 9379 9380 9381
f 9382 9383 9384
f 9385 9386 9387
f 9388 9389 9390
f 9391 9392 9393
f 9394 9395 9396
f 9397 9398 9399
f 9400 9401 9402
f 9403 9404 9405
f 9406 9407 9408
f 9409 9410 9411
f 9412 9413 9414
f 9415 9416 9417
f 9418 9419 9420
f 9421 9422 9423
f 9424 9425 9426
f 9427 9428 9429
f 9430 9431 9432
f 9433 9434 9435
f 9436 9437 9438
f 9439 9440 9441
f 9442 9443 9444
f 9445 9446 9447
f 9448 9449 9450
f 9451 9452 9453
f 9454 9455 9456
f 9457 9458 9459
f 9460 9461 9462
f 9463 9464 9465
f 9466 9467 9468
f 9469 9470 9471
f 9472 9473 9474
f 9475 9476 9477
f 9478 9479 9480
f 9481 9482 9483
f 9484 9485 9486
f 9487 9488 9489
f 9490 9491 9492
f 9493 9494 9495
f 9496 9497 9498
f 9499 9500 9501
f 9502 9503 9504
f 9505 9506 9507
f 9508 9509 9510
f 9511 9512 9513
f 9514 9515 9516
f 9517 9518 9519
f 9520 9521 9522
f 9523 9524 9525
f 9526 9527 9528
f 9529 9530 9531
f 9532 9533 9534
f 9535 9536 9537
f 9538 9539 9540
f 9541 9542 9543
f 9544 9545 9546
f 9547 9548 9549
f 9550 9551 9552
f 9553 9554 9555
f 9556 9557 9558
f 9559 9560 9561
f 9562 9563 9564
f 9565 9566 9567
f 9568 9569 9570
f 9571 9572 9573
f 9574 9575 9576
f 9577 9578 9579
f 9580 9581 9582
f 9583 9584 9585
f 9586 9587 9588
f 9589 9590 9591
f 9592 9593 9594
f 9595 9596 9597
f 9598 9599 9600
f 9601 9602 9603
f 9604 9605 9606
f 9607 9608 9609
f 9610 9611 9612
f 9613 9614 9615
f 9616 9617 9618
f 9619 9620 9621
f 9622 9623 9624
f 9625 9626 9627
f 9628 9629 9630
f 9631 9632 9633
f 9634 9635 9636
f 9637 9638 9639
f 9640 9641 9642
f 9643 9644 9645
f 9646 9647 9648
f 9649 9650 9651
f 9652 9653 9654
f 9655 9656 9657
f 9658 9659 9660
f 9661 9662 9663
f 9664 9665 9666
f 9667 9668 9669
f 9670 9671 9672
f 9673 9674 9675
f 9676 9677 9678
f 9679 9680 9681
f 9682 9683 9684
f 9685 9686 9687
f 9688 9689 9690
f 9691 9692 9693
f 9694 9695 9696
f 9697 9698 9699
f 9700 9701 9702
f 9703 9704 9705
f 9706 9707 9708
f 9709 9710 9711
f 9712 9713 9714
f 9715 9716 9717
f 9718 9719 9720
f 9721 9722 9723
f 9724 9725 9726
f 9727 9728 9729
f 9730 9731 9732
f 9733 9734 9735
f 9736 9737 9738
f 9739 9740 9741
f 9742 9743 9744
f 9745 9746 9747
f 9748 9749 9750
f 9751 9752 9753
f 9754 9755 9756
f 9757 9758 9759
f 9760 9761 9762
f 9763 9764 9765
f 9766 9767 9768
f 9769 9770 9771
f 9772 9773 9774
f 9775 9776 9777
f 9778 9779 9780
f 9781 9782 9783
f 9784 9785 9786
f 9787 9788 9789
f 9790 9791 9792
f 9793 9794 9795
f 9796 9797 9798
f 9799 9800 9801
f 9802 9803 9804
f 9805 9806 9807
f 9808 9809 9810
f 9811 9812 9813
f 9814 9815 9816
f 9817 9818 9819
f 9820 9821 9822
f 9823 9824 9825
f 9826 9827 9828
f 9829 9830 9831
f 9832 9833 9834
f 9835 9836 9837
f 9838 9839 9840
f 9841 9842 9843
f 9844 9845 9846
f 9847 9848 9849
f 9850 9851 9852
f 9853 9854 9855
f 9856 9857 9858
f 9859 9860 9861
f 9862 9863 9864
f 9865 9866 9867
f 9868 9869 9870
f 9871 9872 9873
f 9874 9875 9876
f 9877 9878 9879
f 9880 9881 9882
f 9883 9884 9885
f 9886 9887 9888
f 9889 9890 9891
f 9892 9893 9894
f 9895 9896 9897
f 9898 9899 9900
f 9901 9902 9903
f 9904 9905 9906
f 9907 9908 9909
f 9910 9911 9912
f 9913 9914 9915
f 9916 9917 9918
f 9919 9920 9921
f 9922 9923 9924
f 9925 9926 9927
f 9928 9929 9930
f 9931 9932 9933
f 9934 9935 9936
f 9937 9938 9939
f 9940 9941 9942
f 9943 9944 9945
f 9946 9947 9948
f 9949 9950 9951
f 9952 9953 9954
f 9955 9956 9957
f 9958 9959 9960
f 9961 9962 9963
f 9964 9965 9966
f 9967 9968 9969
f 9970 9971 9972
f 9973 9974 9975
f 9976 9977 9978
f 9979 9980 9981
f 9982 9983 9984
f 9985 9986 9987
f 9988 9989 9990
f 9991 9992 9993
f 9994 9995 9996
f 9997 9998 9999
f 10000 10001 10002
f 10003 10004 10005
f 10006 10007 10008
f 10009 10010 10011
f 10012 10013 10014
f 10015 10016 10017
f 10018 10019 10020
f 10021 10022 10023
f 10024 10025 10026
f 10027 10028 10029
f 10030 10031 10032
f 10033 10034 10035
f 10036 10037 10038
f 10039 10040 10041
f 10042 10043 10044
f 10045 10046 10047
f 10048 10049 10050
f 10051 10052 10053
f 10054 10055 10056
f 10057 10058 10059
f 10060 10061 10062
f 10063 10064 10065
f 10066 10067 10068
f 10069 10070 10071
f 10072 10073 10074
f 10075 10076 10077
f 10078 10079 10080
f 10081 10082 10083
f 10084 10085 10086
f 10087 10088 10089
f 10090 10091 10092
f 10093 10094 10095
f 10096 10097 10098
f 10099 10100 10101
f 10102 10103 10104
f 10105 10106 10107
f 10108 10109 10110
f 10111 10112 10113
f 10114 10115 10116
f 10117 10118 10119
f 10120 10121 10122
f 10123 10124 10125
f 10126 10127 10128
f 10129 10130 10131
f 10132 10133 10134
f 10135 10136 10137
f 10138 10139 10140
f 10141 10142 10143
f 10144 10145 10146
f 10147 10148 10149
f 10150 10151 10152
f 10153 10154 10155
f 10156 10157 10158
f 10159 10160 10161
f 10162 10163 10164
f 10165 10166 10167
f 10168 10169 10170
f 10171 10172 10173
f 10174 10175 10176
f 10177 10178 10179
f 10180 10181 10182
f 10183 10184 10185
f 10186 10187 10188
f 10189 10190 10191
f 10192 10193 10194
f 10195 10196 10197
f 10198 10199 10200
f 10201 10202 10203
f 10204 10205 10206
f 10207 10208 10209
f 10210 10211 10212
f 10213 10214 10215
f 10216 10217 10218
f 10219 10220 10221
f 10222 10223 10224
f 10225 10226 10227
f 10228 10229 10230
f 10231 10232 10233
f 10234 10235 10236
f 10237 10238 10239
f 10240 10241 10242
f 10243 10244 10245
f 10246 10247 10248
f 10249 10250 10251
f 10252 10253 10254
f 10255 10256 10257
f 10258 10259 10260
f 10261 10262 10263
f 10264 10265 10266
f 10267 10268 10269
f 10270 10271 10272
f 10273 10274 10275
f 10276 10277 10278
f 10279 10280 10281
f 10282 10283 10284
f 10285 10286 10287
f 10288 10289 10290
f 10291 10292 10293
f 10294 10295 10296
f 10297 10298 10299
f 10300 10301 10302
f 10303 10304 10305
f 10306 10307 10308
f 10309 10310 10311
f 10312 10313 10314
f 10315 10316 10317
f 10318 10319 10320
f 10321 10322 10323
f 10324 10325 10326
f 10327 10328 10329
f 10330 10331 10332
f 10333 10334 10335
f 10336 10337 10338
f 10339 10340 10341
f 10342 10343 10344
f 10345 10346 10347
f 10348 10349 10350
f 10351 10352 10353
f 10354 10355 10356
f 10357 10358 10359
f 10360 10361 10362
f 10363 10364 10365
f 10366 10367 10368
f 10369 10370 10371
f 10372 10373 10374
f 10375 10376 10377
f 10378 10379 10380
f 10381 10382 10383
f 10384 10385 10386
f 10387 10388 10389
f 10390 10391 10392
f 10393 10394 10395
f 10396 10397 10398
f 10399 10400 10401
f 10402 10403 10404
f 10405 10406 10407
f 10408 10409 10410
f 10411 10412 10413
f 10414 10415 10416
f 10417 10418 10419
f 10420 10421 10422
f 10423 10424 10425
f 10426 10427 10428
f 10429 10430 10431
f 10432 10433 10434
f 10435 10436 10437
f 10438 10439 10440
f 10441 10442 10443
f 10444 10445 10446
f 10447 10448 10449
f 10450 10451 10452
f 10453 10454 10455
f 10456 10457 10458
f 10459 10460 10461
f 10462 10463 10464
f 10465 10466 10467
f 10468 10469 10470
f 10471 10472 10473
f 10474 10475 10476
f 10477 10478 10479
f 10480 10481 10482
f 10483 10484 10485
f 10486 10487 10488
f 10489 10490 10491
f 10492 10493 10494
f 10495 10496 10497
f 10498 10499 10500
f 10501 10502 10503
f 10504 10505 10506
f 10507 10508 10509
f 10510 10511 10512
f 10513 10514 10515
f 10516 10517 10518
f 10519 10520 10521
f 10522 10523 10524
f 10525 10526 10527
f 10528 10529 10530
f 10531 10532 10533
f 10534 10535 10536
f 10537 10538 10539
f 10540 10541 10542
f 10543 10544 10545
f 10546 10547 10548
f 10549 10550 10551
f 10552 10553 10554
f 10555 10556 10557
f 10558 10559 10560
f 10561 10562 10563
f 10564 10565 10566
f 10567 10568 10569
f 10570 10571 10572
f 10573 10574 10575
f 10576 10577 10578
f 10579 10580 10581
f 10582 10583 10584
f 10585 10586 10587
f 10588 10589 10590
f 10591 10592 10593
f 10594 10595 10596
f 10597 10598 10599
f 10600 10601 10602
f 10603 10604 10605
f 10606 10607 10608
f 10609 10610 10611
f 10612 10613 10614
f 10615 10616 10617
f 10618 10619 10620
f 10621 10622 10623
f 10624 10625 10626
f 10627 10628 10629
f 10630 10631 10632
f 10633 10634 10635
f 10636 10637 10638
f 10639 10640 10641
f 10642 10643 10644
f 10645 10646 10647
f 10648 10649 10650
f 10651 10652 10653
f 10654 10655 10656
f 10657 10658 10659
f 10660 10661 10662
f 10663 10664 10665
f 10666 10667 10668
f 10669 10670 10671
f 10672 10673 10674
f 10675 10676 10677
f 10678 10679 10680
f 10681 10682 10683
f 10684 10685 10686
f 10687 10688 10689
f 10690 10691 10692
f 10693 10694 10695
f 10696 10697 10698
f 10699 10700 10701
f 10702 10703 10704
f 10705 10706 10707
f 10708 10709 10710
f 10711 10712 10713
f 10714 10715 10716
f 10717 10718 10719
f 10720 10721 10722
f 10723 10724 10725
f 10726 10727 10728
f 10729 10730 10731
f 10732 10733 10734
f 10735 10736 10737
f 10738 10739 10740
f 10741 10742 10743
f 10744 10745 10746
f 10747 10748 10749
f 10750 10751 10752
f 10753 10754 10755
f 10756 10757 10758
f 10759 10760 10761
f 10762 10763 10764
f 10765 10766 10767
f 10768 10769 10770
f 10771 10772 10773
f 10774 10775 10776
f 10777 10778 10779
f 10780 10781 10782
f 10783 10784 10785
f 10786 10787 10788
f 10789 10790 10791
f 10792 10793 10794
f 10795 10796 10797
f 10798 10799 10800
f 10801 10802 10803
f 10804 10805 10806
f 10807 10808 10809
f 10810 10811 10812
f 10813 10814 10815
f 10816 10817 10818
f 10819 10820 10821
f 10822 10823 10824
f 10825 10826 10827
f 10828 10829 10830
f 10831 10832 10833
f 10834 10835 10836
f 10837 10838 10839
f 10840 10841 10842
f 10843 10844 10845
f 10846 10847 10848
f 10849 10850 10851
f 10852 10853 10854
f 10855 10856 10857
f 10858 10859 10860
f 10861 10862 10863
f 10864 10865 10866
f 10867 10868 10869
f 10870 10871 10872
f 10873 10874 10875
f 10876 10877 10878
f 10879 10880 10881
f 10882 10883 10884
f 10885 10886 10887
f 10888 10889 10890
f 10891 10892 10893
f 10894 10895 10896
f 10897 10898 10899
f 10900 10901 10902
f 10903 10904 10905
f 10906 10907 10908
f 10909 10910 10911
f 10912 10913 10914
f 10915 10916 10917
f 10918 10919 10920
f 10921 10922 10923
f 10924 10925 10926
f 10927 10928 10929
f 10930 10931 10932
f 10933 10934 10935
f 10936 10937 10938
f 10939 10940 10941
f 10942 10943 10944
f 10945 10946 10947
f 10948 10949 10950
f 10951 10952 10953
f 10954 10955 10956
f 10957 10958 10959
f 10960 10961 10962
f 10963 10964 10965
f 10966 10967 10968
f 10969 10970 10971
f 10972 10973 10974
f 10975 10976 10977
f 10978 10979 10980
f 10981 10982 10983
f 10984 10985 10986
f 10987 10988 10989
f 10990 10991 10992
f 10993 10994 10995
f 10996 10997 10998
f 10999 11000 11001
f 11002 11003 11004
f 11005 11006 11007
f 11008 11009 11010
f 11011 11012 11013
f 11014 11015 11016
f 11017 11018 11019
f 11020 11021 11022
f 11023 11024 11025
f 11026 11027 11028
f 11029 11030 11031
f 11032 11033 11034
f 11035 11036 11037
f 11038 11039 11040
f 11041 11042 11043
f 11044 11045 11046
f 11047 11048 11049
f 11050 11051 11052
f 11053 11054 11055
f 11056 11057 11058
f 11059 11060 11061
f 11062 11063 11064
f 11065 11066 11067
f 11068 11069 11070
f 11071 11072 11073
f 11074 11075 11076
f 11077 11078 11079
f 11080 11081 11082
f 11083 11084 11085
f 11086 11087 11088
f 11089 11090 11091
f 11092 11093 11094
f 11095 11096 11097
f 11098 11099 11100
f 11101 11102 11103
f 11104 11105 11106
f 11107 11108 11109
f 11110 11111 11112
f 11113 11114 11115
f 11116 11117 11118
f 11119 11120 11121
f 11122 11123 11124
f 11125 11126 11127
f 11128 11129 11130
f 11131 11132 11133
f 11134 11135 11136
f 11137 11138 11139
f 11140 11141 11142
f 11143 11144 11145
f 11146 11147 11148
f 11149 11150 11151
f 11152 11153 11154
f 11155 11156 11157
f 11158 11159 11160
f 11161 11162 11163
f 11164 11165 11166
f 11167 11168 11169
f 11170 11171 11172
f 11173 11174 11175
f 11176 11177 11178
f 11179 11180 11181
f 11182 11183 11184
f 11185 11186 11187
f 11188 11189 11190
f 11191 11192 11193
f 11194 11195 11196
f 11197 11198 11199
f 11200 11201 11202
f 11203 11204 11205
f 11206 11207 11208
f 11209 11210 11211
f 11212 11213 11214
f 11215 11216 11217
f 11218 11219 11220
f 11221 11222 11223
f 11224 11225 11226
f 11227 11228 11229
f 11230 11231 11232
f 11233 11234 11235
f 11236 11237 11238
f 11239 11240 11241
f 11242 11243 11244
f 11245 11246 11247
f 11248 11249 11250
f 11251 11252 11253
f 11254 11255 11256
f 11257 11258 11259
f 11260 11261 11262
f 11263 11264 11265
f 11266 11267 11268
f 11269 11270 11271
f 11272 11273 11274
f 11275 11276 11277
f 11278 11279 11280
f 11281 11282 11283
f 11284 11285 11286
f 11287 11288 11289
f 11290 11291 11292
f 11293 11294 11295
f 11296 11297 11298
f 11299 11300 11301
f 11302 11303 11304
f 11305 11306 11307
f 11308 11309 11310
f 11311 11312 11313
f 11314 11315 11316
f 11317 11318 11319
f 11320 11321 11322
f 11323 11324 11325
f 11326 11327 11328
f 11329 11330 11331
f 11332 11333 11334
f 11335 11336 11337
f 11338 11339 11340
f 11341 11342 11343
f 11344 11345 11346
f 11347 11348 11349
f 11350 11351 11352
f 11353 11354 11355
f 11356 11357 11358
f 11359 11360 11361
f 11362 11363 11364
f 11365 11366 11367
f 11368 11369 11370
f 11371 11372 11373
f 11374 11375 11376
f 11377 11378 11379
f 11380 11381 11382
f 11383 11384 11385
f 11386 11387 11388
f 11389 11390 11391
f 11392 11393 11394
f 11395 11396 11397
f 11398 11399 11400
f 11401 11402 11403
f 11404 11405 11406
f 11407 11408 11409
f 11410 11411 11412
f 11413 11414 11415
f 11416 11417 11418
f 11419 11420 11421
f 11422 11423 11424
f 11425 11426 11427
f 11428 11429 11430
f 11431 11432 11433
f 11434 11435 11436
f 11437 11438 11439
f 11440 11441 11442
f 11443 11444 11445
f 11446 11447 11448
f 11449 11450 11451
f 11452 11453 11454
f 11455 11456 11457
f 11458 11459 11460
f 11461 11462 11463
f 11464 11465 11466
f 11467 11468 11469
f 11470 11471 11472
f 11473 11474 11475
f 11476 11477 11478
f 11479 11480 11481
f 11482 11483 11484
f 11485 11486 11487
f 11488 11489 11490
f 11491 11492 11493
f 11494 11495 11496
f 11497 11498 11499
f 11500 11501 11502
f 11503 11504 11505
f 11506 11507 11508
f 11509 11510 11511
f 11512 11513 11514
f 11515 11516 11517
f 11518 11519 11520
f 11521 11522 11523
f 11524 11525 11526
f 11527 11528 11529
f 11530 11531 11532
f 11533 11534 11535
f 11536 11537 11538
f 11539 11540 11541
f 11542 11543 11544
f 11545 11546 11547
f 11548 11549 11550
f 11551 11552 11553
f 11554 11555 11556
f 11557 11558 11559
f 11560 11561 11562
f 11563 11564 11565
f 11566 11567 11568
f 11569 11570 11571
f 11572 11573 11574
f 11575 11576 11577
f 11578 11579 11580
f 11581 11582 11583
f 11584 11585 11586
f 11587 11588 11589
f 11590 11591 11592
f 11593 11594 11595
f 11596 11597 11598
f 11599 11600 11601
f 11602 11603 11604
f 11605 11606 11607
f 11608 11609 11610
f 11611 11612 11613
f 11614 11615 11616
f 11617 11618 11619
f 11620 11621 11622
f 11623 11624 11625
f 11626 11627 11628
f 11629 11630 11631
f 11632 11633 11634
f 11635 11636 11637
f 11638 11639 11640
f 11641 11642 11643
f 11644 11645 11646
f 11647 11648 11649
f 11650 11651 11652
f 11653 11654 11655
f 11656 11657 11658
f 11659 11660 11661
f 11662 11663 11664
f 11665 11666 11667
f 11668 11669 11670
f 11671 11672 11673
f 11674 11675 11676
f 11677 11678 11679
f 11680 11681 11682
f 11683 11684 11685
f 11686 11687 11688
f 11689 11690 11691
f 11692 11693 11694
f 11695 11696 11697
f 11698 11699 11700
f 11701 11702 11703
f 11704 11705 11706
f 11707 11708 11709
f 11710 11711 11712
f 11713 11714 11715
f 11716 11717 11718
f 11719 11720 11721
f 11722 11723 11724
f 11725 11726 11727
f 11728 11729 11730
f 11731 11732 11733
f 11734 11735 11736
f 11737 11738 11739
f 11740 11741 11742
f 11743 11744 11745
f 11746 11747 11748
f 11749 11750 11751
f 11752 11753 11754
f 11755 11756 11757
f 11758 11759 11760
f 11761 11762 11763
f 11764 11765 11766
f 11767 11768 11769
f 11770 11771 11772
f 11773 11774 11775
f 11776 11777 11778
f 11779 11780 11781
f 11782 11783 11784
f 11785 11786 11787
f 11788 11789 11790
f 11791 11792 11793
f 11794 11795 11796
f 11797 11798 11799
f 11800 11801 11802
f 11803 11804 11805
f 11806 11807 11808
f 11809 11810 11811
f 11812 11813 11814
f 11815 11816 11817
f 11818 11819 11820
f 11821 11822 11823
f 11824 11825 11826
f 11827 11828 11829
f 11830 11831 11832
f 11833 11834 11835
f 11836 11837 11838
f 11839 11840 11841
f 11842 11843 11844
f 11845 11846 11847
f 11848 11849 11850
f 11851 11852 11853
f 11854 11855 11856
f 11857 11858 11859
f 11860 11861 11862
f 11863 11864 11865
f 11866 11867 11868
f 11869 11870 11871
f 11872 11873 11874
f 11875 11876 11877
f 11878 11879 11880
f 11881 11882 11883
f 11884 11885 11886
f 11887 11888 11889
f 11890 11891 11892
f 11893 11894 11895
f 11896 11897 11898
f 11899 11900 11901
f 11902 11903 11904
f 11905 11906 11907
f 11908 11909 11910
f 11911 11912 11913
f 11914 11915 11916
f 11917 11918 11919
f 11920 11921 11922
f 11923 11924 11925
f 11926 11927 11928
f 11929 11930 11931
f 11932 11933 11934
f 11935 11936 11937
f 11938 11939 11940
f 11941 11942 11943
f 11944 11945 11946
f 11947 11948 11949
f 11950 11951 11952
f 11953 11954 11955
f 11956 11957 11958
f 11959 11960 11961
f 11962 11963 11964
f 11965 11966 11967
f 11968 11969 11970
f 11971 11972 11973
f 11974 11975 11976
f 11977 11978 11979
f 11980 11981 11982
f 11983 11984 11985
f 11986 11987 11988
f 11989 11990 11991
f 11992 11993 11994
f 11995 11996 11997
f 11998 11999 12000
f 12001 12002 12003
f 12004 12005 12006
f 12007 12008 12009
f 12010 12011 12012
f 12013 12014 12015
f 12016 12017 12018
f 12019 12020 12021
f 12022 12023 12024
f 12025 12026 12027
f 12028 12029 12030
f 12031 12032 12033
f 12034 12035 12036
f 12037 12038 12039
f 12040 12041 12042
f 12043 12044 12045
f 12046 12047 12048
f 12049 12050 12051
f 12052 12053 12054
f 12055 12056 12057
f 12058 12059 12060
f 12061 12062 12063
f 12064 12065 12066
f 12067 12068 12069
f 12070 12071 12072
f 12073 12074 12075
f 12076 12077 12078
f 12079 12080 12081
f 12082 12083 12084
f 12085 12086 12087
f 12088 12089 12090
f 12091 12092 12093
f 12094 12095 12096
f 12097 12098 12099
f 12100 12101 12102
f 12103 12104 12105
f 12106 12107 12108
f 12109 12110 12111
f 12112 12113 12114
f 12115 12116 12117
f 12118 12119 12120
f 12121 12122 12123
f 12124 12125 12126
f 12127 12128 12129
f 12130 12131 12132
f 12133 12134 12135
f 12136 12137 12138
f 12139 12140 12141
f 12142 12143 12144
f 12145 12146 12147
f 12148 12149 12150
f 12151 12152 12153
f 12154 12155 12156
f 12157 12158 12159
f 12160 12161 12162
f 12163 12164 12165
f 12166 12167 12168
f 12169 12170 12171
f 12172 12173 12174
f 12175 12176 12177
f 12178 12179 12180
f 12181 12182 12183
f 12184 12185 12186
f 12187 12188 12189
f 12190 12191 12192
f 12193 12194 12195
f 12196 12197 12198
f 12199 12200 12201
f 12202 12203 12204
f 12205 12206 12207
f 12208 12209 12210
f 12211 12212 12213
f 12214 12215 12216
f 12217 12218 12219
f 12220 12221 12222
f 12223 12224 12225
f 12226 12227 12228
f 12229 12230 12231
f 12232 12233 12234
f 12235 12236 12237
f 12238 12239 12240
f 12241 12242 12243
f 12244 12245 12246
f 12247 12248 12249
f 12250 12251 12252
f 12253 12254 12255
f 12256 12257 12258
f 12259 12260 12261
f 12262 12263 12264
f 12265 12266 12267
f 12268 12269 12270
f 12271 12272 12273
f 12274 12275 12276
f 12277 12278 12279
f 12280 12281 12282
f 12283 12284 12285
f 12286 12287 12288
f 12289 12290 12291
f 12292 12293 12294
f 12295 12296 12297
f 12298 12299 12300
f 12301 12302 12303
f 12304 12305 12306
f 12307 12308 12309
f 12310 12311 12312
f 12313 12314 12315
f 12316 12317 12318
f 12319 12320 12321
f 12322 12323 12324
f 12325 12326 12327
f 12328 12329 12330
f 12331 12332 12333
f 12334 12335 12336
f 12337 12338 12339
f 12340 12341 12342
f 12343 12344 12345
f 12346 12347 12348
f 12349 12350 12351
f 12352 12353 12354
f 12355 12356 12357
f 12358 12359 12360
f 12361 12362 12363
f 12364 12365 12366
f 12367 12368 12369
f 12370 12371 12372
f 12373 12374 12375
f 12376 12377 12378
f 12379 12380 12381
f 12382 12383 12384
f 12385 12386 12387
f 12388 12389 12390
f 12391 12392 12393
f 12394 12395 12396
f 12397 12398 12399
f 12400 12401 12402
f 12403 12404 12405
f 12406 12407 12408
f 12409 12410 12411
f 12412 12413 12414
f 12415 12416 12417
f 12418 12419 12420
f 12421 12422 12423
f 12424 12425 12426
f 12427 12428 12429
f 12430 12431 12432
f 12433 12434 12435
f 12436 12437 12438
f 12439 12440 12441
f 12442 12443 12444
f 12445 12446 12447
f 12448 12449 12450
f 12451 12452 12453
f 12454 12455 12456
f 12457 12458 12459
f 12460 12461 12462
f 12463 12464 12465
f 12466 12467 12468
f 12469 12470 12471
f 12472 12473 12474
f 12475 12476 12477
f 12478 12479 12480
f 12481 12482 12483
f 12484 12485 12486
f 12487 12488 12489
f 12490 12491 12492
f 12493 12494 12495
f 12496 12497 12498
f 12499 12500 12501
f 12502 12503 12504
f 12505 12506 12507
f 12508 12509 12510
f 12511 12512 12513
f 12514 12515 12516
f 12517 12518 12519
f 12520 12521 12522
f 12523 12524 12525
f 12526 12527 12528
f 12529 12530 12531
f 12532 12533 12534
f 12535 12536 12537
f 12538 12539 12540
f 12541 12542 12543
f 12544 12545 12546
f 12547 12548 12549
f 12550 12551 12552
f 12553 12554 12555
f 12556 12557 12558
f 12559 12560 12561
f 12562 12563 12564
f 12565 12566 12567
f 12568 12569 12570
f 12571 12572 12573
f 12574 12575 12576
f 12577 12578 12579
f 12580 12581 12582
f 12583 12584 12585
f 12586 12587 12588
f 12589 12590 12591
f 12592 12593 12594
f 12595 12596 12597
f 12598 12599 12600
f 12601 12602 12603
f 12604 12605 12606
f 12607 12608 12609
f 12610 12611 12612
f 12613 12614 12615
f 12616 12617 12618
f 12619 12620 12621
f 12622 12623 12624
f 12625 12626 12627
f 12628 12629 12630
f 12631 12632 12633
f 12634 12635 12636
f 12637 12638 12639
f 12640 12641 12642
f 12643 12644 12645
f 12646 12647 12648
f 12649 12650 12651
f 12652 12653 12654
f 12655 12656 12657
f 12658 12659 12660
f 12661 12662 12663
f 12664 12665 12666
f 12667 12668 12669
f 12670 12671 12672
f 12673 12674 12675
f 12676 12677 12678
f 12679 12680 12681
f 12682 12683 12684
f 12685 12686 12687
f 12688 12689 12690
f 12691 12692 12693
f 12694 12695 12696
f 12697 12698 12699
f 12700 12701 12702
f 12703 12704 12705
f 12706 12707 12708
f 12709 12710 12711
f 12712 12713 12714
f 12715 12716 12717
f 12718 12719 12720
f 12721 12722 12723
f 12724 12725 12726
f 12727 12728 12729
f 12730 12731 12732
f 12733 12734 12735
f 12736 12737 12738
f 12739 12740 12741
f 12742 12743 12744
f 12745 12746 12747
f 12748 12749 12750
f 12751 12752 12753
f 12754 12755 12756
f 12757 12758 12759
f 12760 12761 12762
f 12763 12764 12765
f 12766 12767 12768
f 12769 12770 12771
f 12772 12773 12774
f 12775 12776 12777
f 12778 12779 12780
f 12781 12782 12783
f 12784 12785 12786
f 12787 12788 12789
f 12790 12791 12792
f 12793 12794 12795
f 12796 12797 12798
f 12799 12800 12801
f 12802 12803 12804
f 12805 12806 12807
f 12808 12809 12810
f 12811 12812 12813
f 12814 12815 12816
f 12817 12818 12819
f 12820 12821 12822
f 12823 12824 12825
f 12826 12827 12828
f 12829 12830 12831
f 12832 12833 12834
f 12835 12836 12837
f 12838 12839 12840
f 12841 12842 12843
f 12844 12845 12846
f 12847 12848 12849
f 12850 12851 12852
f 12853 12854 12855
f 12856 12857 12858
f 12859 12860 12861
f 12862 12863 12864
f 12865 12866 12867
f 12868 12869 12870
f 12871 12872 12873
f 12874 12875 12876
f 12877 12878 12879
f 12880 12881 12882
f 12883 12884 12885
f 12886 12887 12888
f 12889 12890 12891
f 12892 12893 12894
f 12895 12896 12897
f 12898 12899 12900
f 12901 12902 12903
f 12904 12905 12906
f 12907 12908 12909
f 12910 12911 12912
f 12913 12914 12915
f 12916 12917 12918
f 12919 12920 12921
f 12922 12923 12924
f 12925 12926 12927
f 12928 12929 12930
f 12931 12932 12933
f 12934 12935 12936
f 12937 12938 12939
f 12940 12941 12942
f 12943 12944 12945
f 12946 12947 12948
f 12949 12950 12951
f 12952 12953 12954
f 12955 12956 12957
f 12958 12959 12960
f 12961 12962 12963
f 12964 12965 12966
f 12967 12968 12969
f 12970 12971 12972
f 12973 12974 12975
f 12976 12977 12978
f 12979 12980 12981
f 12982 12983 12984
f 12985 12986 12987
f 12988 12989 12990
f 12991 12992 12993
f 12994 12995 12996
f 12997 12998 12999
f 13000 13001 13002
f 13003 13004 13005
f 13006 13007 13008
f 13009 13010 13011
f 13012 13013 13014
f 13015 13016 13017
f 13018 13019 13020
f 13021 13022 13023
f 13024 13025 13026
f 13027 13028 13029
f 13030 13031 13032
f 13033 13034 13035
f 13036 13037 13038
f 13039 13040 13041
f 13042 13043 13044
f 13045 13046 13047
f 13048 13049 13050
f 13051 13052 13053
f 13054 13055 13056
f 13057 13058 13059
f 13060 13061 13062
f 13063 13064 13065
f 13066 13067 13068
f 13069 13070 13071
f 13072 13073 13074
f 13075 13076 13077
f 13078 13079 13080
f 13081 13082 13083
f 13084 13085 13086
f 13087 13088 13089
f 13090 13091 13092
f 13093 13094 13095
f 13096 13097 13098
f 13099 13100 13101
f 13102 13103 13104
f 13105 13106 13107
f 13108 13109 13110
f 13111 13112 13113
f 13114 13115 13116
f 13117 13118 13119
f 13120 13121 13122
f 13123 13124 13125
f 13126 13127 13128
f 13129 13130 13131
f 13132 13133 13134
f 13135 13136 13137
f 13138 13139 13140
f 13141 13142 13143
f 13144 13145 13146
f 13147 13148 13149
f 13150 13151 13152
f 13153 13154 13155
f 13156 13157 13158
f 13159 13160 13161
f 13162 13163 13164
f 13165 13166 13167
f 13168 13169 13170
f 13171 13172 13173
f 13174 13175 13176
f 13177 13178 13179
f 13180 13181 13182
f 13183 13184 13185
f 13186 13187 13188
f 13189 13190 13191
f 13192 13193 13194
f 13195 13196 13197
f 13198 13199 13200
f 13201 13202 13203
f 13204 13205 13206
f 13207 13208 13209
f 13210 13211 13212
f 13213 13214 13215
f 13216 13217 13218
f 13219 13220 13221
f 13222 13223 13224
f 13225 13226 13227
f 13228 13229 13230
f 13231 13232 13233
f 13234 13235 13236
f 13237 13238 13239
f 13240 13241 13242
f 13243 13244 13245
f 13246 13247 13248
f 13249 13250 13251
f 13252 13253 13254
f 13255 13256 13257
f 13258 13259 13260
f 13261 13262 13263
f 13264 13265 13266
f 13267 13268 13269
f 13270 13271 13272
f 13273 13274 13275
f 13276 13277 13278
f 13279 13280 13281
f 13282 13283 13284
f 13285 13286 13287
f 13288 13289 13290
f 13291 13292 13293
f 13294 13295 13296
f 13297 13298 13299
f 13300 13301 13302
f 13303 13304 13305
f 13306 13307 13308
f 13309 13310 13311
f 13312 13313 13314
f 13315 13316 13317
f 13318 13319 13320
f 13321 13322 13323
f 13324 13325 13326
f 13327 13328 13329
f 13330 13331 13332
f 13333 13334 13335
f 13336 13337 13338
f 13339 13340 13341
f 13342 13343 13344
f 13345 13346 13347
f 13348 13349 13350
f 13351 13352 13353
f 13354 13355 13356
f 13357 13358 13359
f 13360 13361 13362
f 13363 13364 13365
f 13366 13367 13368
f 13369 13370 13371
f 13372 13373 13374
f 13375 13376 13377
f 13378 13379 13380
f 13381 13382 13383
f 13384 13385 13386
f 13387 13388 13389
f 13390 13391 13392
f 13393 13394 13395
f 13396 13397 13398
f 13399 13400 13401
f 13402 13403 13404
f 13405 13406 13407
f 13408 13409 13410
f 13411 13412 13413
f 13414 13415 13416
f 13417 13418 13419
f 13420 13421 13422
f 13423 13424 13425
f 13426 13427 13428
f 13429 13430 13431
f 13432 13433 13434
f 13435 13436 13437
f 13438 13439 13440
f 13441 13442 13443
f 13444 13445 13446
f 13447 13448 13449
f 13450 13451 13452
f 13453 13454 13455
f 13456 13457 13458
f 13459 13460 13461
f 13462 13463 13464
f 13465 13466 13467
f 13468 13469 13470
f 13471 13472 13473
f 13474 13475 13476
f 13477 13478 13479
f 13480 13481 13482
f 13483 13484 13485
f 13486 13487 13488
f 13489 13490 13491
f 13492 13493 13494
f 13495 13496 13497
f 13498 13499 13500
f 13501 13502 13503
f 13504 13505 13506
f 13507 13508 13509
f 13510 13511 13512
f 13513 13514 13515
f 13516 13517 13518
f 13519 13520 13521
f 13522 13523 13524
f 13525 13526 13527
f 13528 13529 13530
f 13531 13532 13533
f 13534 13535 13536
f 13537 13538 13539
f 13540 13541 13542
f 13543 13544 13545
f 13546 13547 13548
f 13549 13550 13551
f 13552 13553 13554
f 13555 13556 13557
f 13558 13559 13560
f 13561 13562 13563
f 13564 13565 13566
f 13567 13568 13569
f 13570 13571 13572
f 13573 13574 13575
f 13576 13577 13578
f 13579 13580 13581
f 13582 13583 13584
f 13585 13586 13587
f 13588 13589 13590
f 13591 13592 13593
f 13594 13595 13596
f 13597 13598 13599
f 13600 13601 13602
f 13603 13604 13605
f 13606 13607 13608
f 13609 13610 13611
f 13612 13613 13614
f 13615 13616 13617
f 13618 13619 13620
f 13621 13622 13623
f 13624 13625 13626
f 13627 13628 13629
f 13630 13631 13632
f 13633 13634 13635
f 13636 13637 13638
f 13639 13640 13641
f 13642 13643 13644
f 13645 13646 13647
f 13648 13649 13650
f 13651 13652 13653
f 13654 13655 13656
f 13657 13658 13659
f 13660 13661 13662
f 13663 13664 13665
f 13666 13667 13668
f 13669 13670 13671
f 13672 13673 13674
f 13675 13676 13677
f 13678 13679 13680
f 13681 13682 13683
f 13684 13685 13686
f 13687 13688 13689
f 13690 13691 13692
f 13693 13694 13695
f 13696 13697 13698
f 13699 13700 13701
f 13702 13703 13704
f 13705 13706 13707
f 13708 13709 13710
f 13711 13712 13713
f 13714 13715 13716
f 13717 13718 13719
f 13720 13721 13722
f 13723 13724 13725
f 13726 13727 13728
f 13729 13730 13731
f 13732 13733 13734
f 13735 13736 13737
f 13738 13739 13740
f 13741 13742 13743
f 13744 13745 13746
f 13747 13748 13749
f 13750 13751 13752
f 13753 13754 13755
f 13756 13757 13758
f 13759 13760 13761
f 13762 13763 13764
f 13765 13766 13767
f 13768 13769 13770
f 13771 13772 13773
f 13774 13775 13776
f 13777 13778 13779
f 13780 13781 13782
f 13783 13784 13785
f 13786 13787 13788
f 13789 13790 13791
f 13792 13793 13794
f 13795 13796 13797
f 13798 13799 13800
f 13801 13802 13803
f 13804 13805 13806
f 13807 13808 13809
f 13810 13811 13812
f 13813 13814 13815
f 13816 13817 13818
f 13819 13820 13821
f 13822 13823 13824
f 13825 13826 13827
f 13828 13829 13830
f 13831 13832 13833
f 13834 13835 13836
f 13837 13838 13839
f 13840 13841 13842
f 13843 13844 13845
f 13846 13847 13848
f 13849 13850 13851
f 13852 13853 13854
f 13855 13856 13857
f 13858 13859 13860
f 13861 13862 13863
f 13864 13865 13866
f 13867 13868 13869
f 13870 13871 13872
f 13873 13874 13875
f 13876 13877 13878
f 13879 13880 13881
f 13882 13883 13884
f 13885 13886 13887
f 13888 13889 13890
f 13891 13892 13893
f 13894 13895 13896
f 13897 13898 13899
f 13900 13901 13902
f 13903 13904 13905
f 13906 13907 13908
f 13909 13910 13911
f 13912 13913 13914
f 13915 13916 13917
f 13918 13919 13920
f 13921 13922 13923
f 13924 13925 13926
f 13927 13928 13929
f 13930 13931 13932
f 13933 13934 13935
f 13936 13937 13938
f 13939 13940 13941
f 13942 13943 13944
f 13945 13946 13947
f 13948 13949 13950
f 13951 13952 13953
f 13954 13955 13956
f 13957 13958 13959
f 13960 13961 13962
f 13963 13964 13965
f 13966 13967 13968
f 13969 13970 13971
f 13972 13973 13974
f 13975 13976 13977
f 13978 13979 13980
f 13981 13982 13983
f 13984 13985 13986
f 13987 13988 13989
f 13990 13991 13992
f 13993 13994 13995
f 13996 13997 13998
f 13999 14000 14001
f 14002 14003 14004
f 14005 14006 14007
f 14008 14009 14010
f 14011 14012 14013
f 14014 14015 14016
f 14017 14018 14019
f 14020 14021 14022
f 14023 14024 14025
f 14026 14027 14028
f 14029 14030 14031
f 14032 14033 14034
f 14035 14036 14037
f 14038 14039 14040
f 14041 14042 14043
f 14044 14045 14046
f 14047 14048 14049
f 14050 14051 14052
f 14053 14054 14055
f 14056 14057 14058
f 14059 14060 14061
f 14062 14063 14064
f 14065 14066 14067
f 14068 14069 14070
f 14071 14072 14073
f 14074 14075 14076
f 14077 14078 14079
f 14080 14081 14082
f 14083 14084 14085
f 14086 14087 14088
f 14089 14090 14091
f 14092 14093 14094
f 14095 14096 14097
f 14098 14099 14100
f 14101 14102 14103
f 14104 14105 14106
f 14107 14108 14109
f 14110 14111 14112
f 14113 14114 14115
f 14116 14117 14118
f 14119 14120 14121
f 14122 14123 14124
f 14125 14126 14127
f 14128 14129 14130
f 14131 14132 14133
f 14134 14135 14136
f 14137 14138 14139
f 14140 14141 14142
f 14143 14144 14145
f 14146 14147 14148
f 14149 14150 14151
f 14152 14153 14154
f 14155 14156 14157
f 14158 14159 14160
f 14161 14162 14163
f 14164 14165 14166
f 14167 14168 14169
f 14170 14171 14172
f 14173 14174 14175
f 14176 14177 14178
f 14179 14180 14181
f 14182 14183 14184
f 14185 14186 14187
f 14188 14189 14190
f 14191 14192 14193
f 14194 14195 14196
f 14197 14198 14199
f 14200 14201 14202
f 14203 14204 14205
f 14206 14207 14208
f 14209 14210 14211
f 14212 14213 14214
f 14215 14216 14217
f 14218 14219 14220
f 14221 14222 14223
f 14224 14225 14226
f 14227 14228 14229
f 14230 14231 14232
f 14233 14234 14235
f 14236 14237 14238
f 14239 14240 14241
f 14242 14243 14244
f 14245 14246 14247
f 14248 14249 14250
f 14251 14252 14253
f 14254 14255 14256
f 14257 14258 14259
f 14260 14261 14262
f 14263 14264 14265
f 14266 14267 14268
f 14269 14270 14271
f 14272 14273 14274
f 14275 14276 14277
f 14278 14279 14280
f 14281 14282 14283
f 14284 14285 14286
f 14287 14288 14289
f 14290 14291 14292
f 14293 14294 14295
f 14296 14297 14298
f 14299 14300 14301
f 14302 14303 14304
f 14305 14306 14307
f 14308 14309 14310
f 14311 14312 14313
f 14314 14315 14316
f 14317 14318 14319
f 14320 14321 14322
f 14323 14324 14325
f 14326 14327 14328
f 14329 14330 14331
f 14332 14333 14334
f 14335 14336 14337
f 14338 14339 14340
f 14341 14342 14343
f 14344 14345 14346
f 14347 14348 14349
f 14350 14351 14352
f 14353 14354 14355
f 14356 14357 14358
f 14359 14360 14361
f 14362 14363 14364
f 14365 14366 14367
f 14368 14369 14370
f 14371 14372 14373
f 14374 14375 14376
f 14377 14378 14379
f 14380 14381 14382
f 14383 14384 14385
f 14386 14387 14388
f 14389 14390 14391
f 14392 14393 14394
f 14395 14396 14397
f 14398 14399 14400
f 14401 14402 14403
f 14404 14405 14406
f 14407 14408 14409
f 14410 14411 14412
f 14413 14414 14415
f 14416 14417 14418
f 14419 14420 14421
f 14422 14423 14424
f 14425 14426 14427
f 14428 14429 14430
f 14431 14432 14433
f 14434 14435 14436
f 14437 14438 14439
f 14440 14441 14442
f 14443 14444 14445
f 14446 14447 14448
f 14449 14450 14451
f 14452 14453 14454
f 14455 14456 14457
f 14458 14459 14460
f 14461 14462 14463
f 14464 14465 14466
f 14467 14468 14469
f 14470 14471 14472
f 14473 14474 14475
f 14476 14477 14478
f 14479 14480 14481
f 14482 14483 14484
f 14485 14486 14487
f 14488 14489 14490
